[{"id": "01", "tn": [{"ref": "son of Hanani", "text": "(See: [[:en:ta:vol1:translate:translate_names]])"}, {"ref": "Should you be helping the wicked? Should you be loving those who hate Yahweh?", "text": "AT: \"You should not help the wicked! You should not love those who hate Yahweh!\" (See: [[:en:ta:vol1:translate:figs_rquestion]])"}, {"ref": "Asherah poles", "text": "See how you translated this in [[:en:bible:notes:2ch:14:01|14:3]]"}, {"ref": "fixed your heart", "text": "AT: \"firmly decided\" (See: [[:en:ta:vol1:translate:figs_idiom]])"}]}, {"id": "04", "tn": [{"ref": "brought them back to Yahweh", "text": "AT: \"restored their faith in Yahweh\""}]}, {"id": "06", "tn": [{"ref": "let the fear of Yahweh be upon you", "text": "AT: \"You should remember to fear Yahweh when you judge\""}]}, {"id": "08", "tn": [{"ref": "ancestral houses of Israel", "text": "AT: \"ancient families of Israel\""}, {"ref": "for the sake of disputes", "text": "AT: \"to help resolve arguments\""}, {"ref": "with your whole heart", "text": "(See: [[:en:ta:vol2:translate:figs_hyperbole]])"}]}, {"id": "10", "tn": [{"ref": "anger will come toward you and toward your brothers", "text": "AT: \"God will be angry with you ante your brothers\""}]}, {"id": "11", "tn": [{"ref": "Amariah", "text": "(See: [[:en:ta:vol1:translate:translate_names]])"}, {"ref": "Zebadiah son of Ishmael", "text": "(See: [[:en:ta:vol1:translate:translate_names]])"}]}]