[{"id": "01", "tn": [{"ref": "we are your flesh and bone", "text": "AT: \"we are your relatives\" or \"we have the same ancestors as you\" (See: [[:en:ta:vol1:translate:figs_idiom]])"}, {"ref": "the word of Yahweh", "text": "\"the message of Yahweh\" (See: [[:en:ta:vol2:translate:figs_metonymy]])"}]}, {"id": "04", "tn": [{"ref": "General Information:", "text": "See: [[:en:ta:vol1:translate:translate_names]]"}, {"ref": "Jebus", "text": "This was the temporary name for Jerusalem after Jebusites conquered the city, before the Israelites conquered it. (See: [[:en:ta:vol1:translate:translate_names]])"}, {"ref": "But David took", "text": "AT: \"But David's army defeated\" (See: [[:en:ta:vol2:translate:figs_synecdoche]])"}, {"ref": "that is, the city of David", "text": "AT: \"and they called it the city of David\""}, {"ref": "so he was made a commander", "text": "AT: \"so David made Joab a commander\" (See: [[:en:ta:vol2:translate:figs_activepassive]])"}]}, {"id": "07", "tn": [{"ref": "He fortified the city around", "text": "AT: \"The Israelites made the wall around the city stronger\""}, {"ref": "the Millo", "text": "This refers to a fortress in Jerusalem, probably built by the Jebusites. (See: [[:en:ta:vol1:translate:translate_names]])"}, {"ref": "was with him", "text": "AT: \"helped him\" (See: [[:en:ta:vol1:translate:figs_idiom]])"}]}, {"id": "10", "tn": [{"ref": "General Information:", "text": "See: [[:en:ta:vol1:translate:translate_names]] and [[:en:ta:vol2:translate:translate_numbers]]"}, {"ref": "the leaders David had", "text": "AT: \"the leaders under David\""}, {"ref": "who showed themselves strong with him in his kingdom", "text": "AT: \"who helped David's kingdom to remain strong\""}, {"ref": "the thirty", "text": "AT: \"the 30 mighty men\" (See: [[:en:ta:vol2:translate:figs_ellipsis]])"}, {"ref": "on one occasion", "text": "AT: \"at one time\""}]}, {"id": "12", "tn": [{"ref": "General Information:", "text": "(See: [[:en:ta:vol1:translate:translate_names]] and [[:en:ta:vol2:translate:translate_numbers]])"}, {"ref": "and cut down the Philistines.", "text": "\"and killed many of the Philistines.\" - (See: [[:en:ta:vol2:translate:figs_synecdoche]] and [[:en:ta:vol2:translate:figs_euphemism]])"}]}, {"id": "15", "tn": [{"ref": "General Information:", "text": "See: [[:en:ta:vol1:translate:translate_names]]"}, {"ref": "three of the thirty", "text": "\"3 of the 30\" (See: [[:en:ta:vol2:translate:translate_numbers]])"}, {"ref": "At that time David was in his stronghold, a cave, while the Philistines had established their camp at Bethlehem", "text": "AT: \"David was in a safe place in a cave while the Philistines' soldiers were guarding Bethlehem\""}, {"ref": "the Philistines had established their camp at Bethlehem", "text": "\"the Philistines had stationed soldiers in Bethlehem\""}]}, {"id": "18", "tn": [{"ref": "three mighty men", "text": "\"3 mighty men\" (See: [[:en:ta:vol2:translate:translate_numbers]])"}, {"ref": "well of Bethlehem, the well at the gate", "text": "These two phrases refer to the same well. The second specifies which well in Bethlehem. (See: [[:en:ta:vol2:translate:figs_doublet]])"}, {"ref": "Far be it far from me, Yahweh, that I should drink this.", "text": "AT: \"God, please never allow me to drink such a sacrifice at the costs of my men!\" (See: [[:en:ta:vol2:translate:figs_ellipsis]])"}, {"ref": "Should I drink the blood of men who have risked their lives?", "text": "David is saying with this question that the water is precious because of the sacrifice made by those who obtained it. AT: \"I would not drink the blood of men who are willing to die for me\" or \"I will not drink water that men have risked their lives to get\" (See: [[:en:ta:vol1:translate:figs_metaphor]] and [[:en:ta:vol1:translate:figs_rquestion]])"}]}, {"id": "20", "tn": [{"ref": "General Information:", "text": "See: [[:en:ta:vol1:translate:translate_names]]"}, {"ref": "the Three", "text": "\"the Three mighty warriors\" (See: [[:en:ta:vol2:translate:translate_numbers]])"}, {"ref": "was captain over the Three", "text": "AT: \"Abishai was a leader of the three mighty warriors\" (See: [[:en:ta:vol2:translate:figs_activepassive]])"}, {"ref": "he was given double honor and became their captain", "text": "AT: \"the soldiers had great respected for Abishai and they made him their leader, even though they did not count him as one of the Three warriors\""}]}, {"id": "22", "tn": [{"ref": "General Information:", "text": "See: [[:en:ta:vol1:translate:translate_names]]"}, {"ref": "feats", "text": "These are acts that show courage, strength, or skill."}, {"ref": "while it was snowing", "text": "AT: \"during a snow storm\""}, {"ref": "five cubits", "text": "(See: [[:en:ta:vol2:translate:translate_bdistance]])"}, {"ref": "he went down to him", "text": "AT: \"Benaiah met the Egyptian\""}, {"ref": "a spear like a weaver's beam", "text": "AT: \"a very large spear\" (See: [[:en:ta:vol1:translate:figs_simile]])"}]}, {"id": "24", "tn": [{"ref": "General Information:", "text": "See: [[:en:ta:vol1:translate:translate_names]]"}, {"ref": "he was named alongside the three mighty men", "text": "\"he was as famous as the 3 mighty men\" (See: [[:en:ta:vol2:translate:figs_activepassive]] and [[:en:ta:vol2:translate:translate_numbers]])"}, {"ref": "He was more highly regarded than the thirty soldiers in general, but he was not regarded quite as highly as the three most elite soldiers", "text": "AT: \"The people respected him more than the 30 soldiers, but not as much as the 3 most highly skilled soldiers\" (See: [[:en:ta:vol2:translate:figs_activepassive]])"}, {"ref": "bodyguard", "text": "This is a person or a group of people responsible for protecting somebody important."}]}, {"id": "26", "tn": [{"ref": "General Information:", "text": "See: [[:en:ta:vol1:translate:translate_names]]"}]}, {"id": "30", "tn": [{"ref": "General Information:", "text": "See: [[:en:ta:vol1:translate:translate_names]]"}]}, {"id": "34", "tn": [{"ref": "General Information:", "text": "See: [[:en:ta:vol1:translate:translate_names]]"}]}, {"id": "38", "tn": [{"ref": "General Information:", "text": "See: [[:en:ta:vol1:translate:translate_names]]"}]}, {"id": "42", "tn": [{"ref": "General Information:", "text": "See: [[:en:ta:vol1:translate:translate_names]]"}, {"ref": "thirty with him", "text": "\"30 men with him\" (See: [[:en:ta:vol2:translate:translate_numbers]])"}]}, {"id": "45", "tn": [{"ref": "General Information:", "text": "See: [[:en:ta:vol1:translate:translate_names]]"}]}]