[{"id": "01", "tn": [{"ref": "a lofty residence", "text": "AT: \"an exalted place to live\" (See: [[:en:ta:vol1:translate:figs_metaphor]])"}, {"ref": "all the assembly of Israel was standing", "text": "AT: \"while the people stood\" (See: [[:en:ta:vol2:translate:figs_hyperbole]])"}]}, {"id": "04", "tn": [{"ref": "has fulfilled it with his own hands", "text": "has caused it to happen or has ensured that his promises were fulfilled (See: [[:en:ta:vol2:translate:figs_personification]])"}, {"ref": "in order for my name to be there", "text": "AT: \"In order to make myself known there.\" (See: [[:en:ta:vol2:translate:figs_synecdoche]])"}]}, {"id": "07", "tn": [{"ref": "in the heart of David", "text": "AT: \"a desire of David. (See: [[:en:ta:vol1:translate:figs_metaphor]])"}, {"ref": "for the name of Yahweh", "text": "Yahweh's name represented His total presence. (See: [[:en:ta:vol2:translate:figs_metonymy]])"}]}, {"id": "10", "tn": [{"ref": "in which is Yahweh's covenant", "text": "AT: \"in which are the stone tablets showing the covenant that Yahweh made with us Israelite people.\" (UDB)"}]}, {"id": "12", "tn": [{"ref": "in the presence of all the assembly of Israel", "text": "AT: \"in front of the people of Israel who had gathered there.\""}, {"ref": "cubits", "text": "(See: [[:en:ta:vol2:translate:translate_bdistance]])"}, {"ref": "he spread out his hands toward the heavens", "text": "Solomon lifted up his hands and held them high as he knelt on the platform to pray."}]}, {"id": "14", "tn": [{"ref": "servants who walk before you with all their heart", "text": "AT: \"us who genuinely try to do what you want us to do. (See: [[:en:ta:vol2:translate:figs_metonymy]])"}, {"ref": "you spoke with your mouth and have fulfilled it with your hand", "text": "This refers to the promise that God made to David that his son would build the temple. AT: \"you have fulfilled your promise.\" (See: [[:en:ta:vol2:translate:figs_metonymy]])"}]}, {"id": "16", "tn": [{"ref": "carry out", "text": "This is a request. AT: \"please do\""}, {"ref": "You will not fail to have a man in my sight to sit on the throne of Israel", "text": "AT: \"you will always have one of David's descendants as king\" (See: [[:en:ta:vol2:translate:figs_doublenegatives]])"}, {"ref": "as you have walked before me", "text": "AT: \"in the way that David did\" (See: [[:en:ta:vol1:translate:figs_simile]])"}]}, {"id": "18", "tn": [{"ref": "But will God actually live with mankind on the earth?", "text": "AT: \"But God, surely you will not actually live with mankind on the earth.\" (See: [[:en:ta:vol1:translate:figs_rquestion]])"}, {"ref": "the entire universe and heaven itself", "text": "See how you translated this in [[:en:bible:notes:2ch:02:06|2:6]]."}, {"ref": "listen to the cry and prayer", "text": "The words \"cry\" and \"prayer\" share similar meanings. Together they emphasize the earnestness of his prayer. AT: \"please answer my earnest request.\" (See: [[:en:ta:vol2:translate:figs_doublet]])"}, {"ref": "May your eyes be open toward this temple day and night", "text": "\"Please help those who come to you in the temple, at any time\u2014day or night\" (See: [[:en:ta:vol1:translate:figs_metaphor]])"}, {"ref": "where you promised to put your name", "text": "AT: \"where you said you would make people know you\""}, {"ref": "your servant prays toward this place", "text": "The writer prays in the direction of the Temple."}]}, {"id": "21", "tn": [{"ref": "when you listen, forgive", "text": "AT: \"when you hear the prayers, please forgive their sin\""}]}, {"id": "22", "tn": [{"ref": "to bring his conduct on his own head", "text": "AT: \"by punishing him as he deserves to be punished\" (See: [[:en:ta:vol1:translate:figs_idiom]])"}]}, {"id": "24", "tn": [{"ref": "please listen from the heavens and", "text": "AT: \"Please, honor their prayer\" (See: [[:en:ta:vol1:translate:figs_idiom]])"}, {"ref": "you gave to them", "text": "AT: \"you promised to them\""}]}, {"id": "26", "tn": [{"ref": "When the skies are shut up and there is no rain", "text": "The phrase \"the skies are shut up\" means that no rain falls from the sky. AT: \"When you do not allow any rain to fall.\" (See: [[:en:ta:vol2:translate:figs_doublet]])"}, {"ref": "confess your name", "text": "With their words and by their actions, they honor God and His authority. (See: [[:en:ta:vol1:translate:figs_idiom]])"}, {"ref": "turn from their sin", "text": "AT: stop their evil ways\""}, {"ref": "direct them to the good way in which they should walk", "text": "AT: \"show them how to live righteously\""}]}, {"id": "28", "tn": [{"ref": "each knowing the plague and sorrow in his own heart", "text": "Possible meanings are: \"knowing the sin in his own heart\" or \"knowing in his heart that the plague and sorrow are the result of his own sin.\""}, {"ref": "he spreads out his hands", "text": "See how you translated this in [[:en:bible:notes:2ch:06:12|6:12]]"}, {"ref": "all his ways", "text": "AT: \"what he has done\""}]}, {"id": "32", "tn": [{"ref": "your great name, your mighty hand, and your outstretched arm", "text": "AT: \"you are very great and powerful\" (See: [[:en:ta:vol2:translate:figs_metonymy]])"}, {"ref": "called by your name", "text": "AT: \"known as the house of Yahweh, your possession.\""}]}, {"id": "34", "tn": [{"ref": "I have built", "text": "AT: \"The people have built under my leadership\" (See: [[:en:ta:vol2:translate:figs_synecdoche]])"}]}, {"id": "36", "tn": [{"ref": "General Information:", "text": "See: [[:en:ta:vol1:translate:figs_hypo]]"}, {"ref": "the enemy carries them away and takes them as captives to their land", "text": "the enemy takes them as captives and brings them to the land of their enemies\""}, {"ref": "pray toward their land", "text": "This refers to Israel. AT: \"and pray facing this land that you gave their ancestors,\""}]}, {"id": "40", "tn": [{"ref": "let your eyes be open, and let your ears be attentive", "text": "AT: please see us and listen\" (See: [[:en:ta:vol2:translate:figs_hyperbole]] and [[:en:ta:vol2:translate:figs_synecdoche]])"}]}]