[{"id": "01", "tn": [{"ref": "General Information:", "text": "This is the beginning of a list of Solomon's officials."}, {"ref": "Azariah ... Zadok ... Elihoreph ... Ahijah ... Shisha ... Jehoshaphat ... Ahilud ... Benaiah ... Jehoiada ... Abiathar", "text": "men's names (See: [[:en:ta:vol1:translate:translate_names]])"}]}, {"id": "05", "tn": [{"ref": "General Information:", "text": "The list of Solomon's officials continues."}, {"ref": "Azariah ... Nathan ... Zabud ... Ahishar ... Adoniram ... Abda", "text": "men's names (See: [[:en:ta:vol1:translate:translate_names]])"}, {"ref": "the men who were subjected to forced labor", "text": "This can be translated in active form. AT: \"the men whom Solomon forced to work for him\" (See: [[:en:ta:vol2:translate:figs_activepassive]])"}]}, {"id": "07", "tn": [{"ref": "General Information:", "text": "Continuation of Solomon's List of Officials:"}, {"ref": "Ben Hur ... Ben Deker ... Ben Hesed", "text": "These are the names of men. Note that \"Ben\" before a name means \"son of\" so \"Ben Hur\" means \"the son of Hur.\" (See: [[:en:ta:vol1:translate:translate_names]])"}, {"ref": "in the hill country ... in Makaz ... in Arubboth", "text": "\"who was the official in charge of the hill country ... who was the official in charge of Makaz ... who was the official in charge of Arubboth\""}, {"ref": "Ephraim ... Makaz ... Shaalbim ... Beth Shemesh ... Elonbeth Hanan ... Arubboth ... Socoh ... Hepher", "text": "These are names of places. (See: [[:en:ta:vol1:translate:translate_names]])"}]}, {"id": "11", "tn": [{"ref": "Connecting Statement:", "text": "The list of Solomon's officials continues, and the list of the areas of which they were in charge begins."}, {"ref": "Ben Abinadab ... Ben Geber ... Jair ... Manasseh ... Ahinadab ... Iddo", "text": "men's names (See: [[:en:ta:vol1:translate:translate_names]])"}, {"ref": "in all the district of Dor ... in Taanach ... in Ramoth Gilead ... in Mahanaim", "text": "\"who was the officer in charge of all the district of Dor ... who was the officer in charge of Taanach ... who was the officer in charge of Ramoth Gilead ... who was the officer in charge of Mahanaim\""}, {"ref": "Taphath", "text": "woman's name (See: [[:en:ta:vol1:translate:translate_names]])"}, {"ref": "Dor ... Beth Shan ... Zarethan ... Jezreel ... Beth Shan to Abel Meholah ... Jokmeam ... Ramoth Gilead ... Argob ... Bashan ... Mahanaim", "text": "place names (See: [[:en:ta:vol1:translate:translate_names]])"}]}, {"id": "15", "tn": [{"ref": "General Information:", "text": "The list of Solomon's officials and the areas of which they were in charge continues."}, {"ref": "Ahimaaz ... Baana ... Hushai ... Jehoshaphat ... Paruah", "text": "men's names (See: [[:en:ta:vol1:translate:translate_names]])"}, {"ref": "in Naphtali ... in Asher ... in Issachar", "text": "\"who was the officer in charge of Naphtali ... who was the officer in charge of Asher ... who was the officer in charge of Issachar\""}, {"ref": "Basemath", "text": "a woman's name (See: [[:en:ta:vol1:translate:translate_names]])"}, {"ref": "Naphtali ... Asher ... Issachar", "text": "tribal lands named after the sons of Israel  (See: [[:en:ta:vol1:translate:translate_names]])"}, {"ref": "Bealoth", "text": "name of a piece of land (See: [[:en:ta:vol1:translate:translate_names]])"}]}, {"id": "18", "tn": [{"ref": "General Information:", "text": "The list of Solomon's officials and the areas of which they were in charge continues."}, {"ref": "Shimei ... Ela ... Geber ... Uri ... Sihon ... Og", "text": "men's names  (See: [[:en:ta:vol1:translate:translate_names]])"}, {"ref": "Benjamin", "text": "tribal land named for a son of Israel  (See: [[:en:ta:vol1:translate:translate_names]])"}, {"ref": "Gilead ... Bashan", "text": "names of pieces of land  (See: [[:en:ta:vol1:translate:translate_names]])"}, {"ref": "the country of Sihon", "text": "\"the land that in earlier years belonged to Sihon\""}, {"ref": "Amorites", "text": "the name of a people group  (See: [[:en:ta:vol1:translate:translate_names]])"}, {"ref": "in the land", "text": "Here \"the land\" refers to the land of Judah; the previous officials presided over different parts of Israel."}]}, {"id": "20", "tn": [{"ref": "Judah and Israel were as numerous as the sand by the sea", "text": "The speaker uses hyperbole to say that there were so many people that it would be impossible to count them all. The words \"Judah\" and \"Israel\" are metonyms for the people who lived in Judah and Israel. AT: \"There were as many people in Judah and Israel as there are grains of sand by the sea\" or \"there were more people in Judah and Israel than a person could count\" (See: [[:en:ta:vol2:translate:figs_hyperbole]] and [[:en:ta:vol2:translate:figs_metonymy]])"}, {"ref": "the River", "text": "\"the Euphrates River\" (UDB)"}, {"ref": "thirty cors", "text": "A cor is a unit of dry measure. (See: [[:en:ta:vol2:translate:translate_bvolume]])"}, {"ref": "deer, gazelles, roebucks", "text": "four-legged animals that run fast (See: [[:en:ta:vol1:translate:translate_unknown]])"}, {"ref": "deer", "text": "more than one of these animals"}, {"ref": "fattened fowl", "text": "\"birds that people fed so they would become fat\""}]}, {"id": "24", "tn": [{"ref": "Tiphsah", "text": "name of a piece of land"}, {"ref": "Judah and Israel", "text": "The words \"Judah\" and \"Israel\" are metonyms for the people of Judah and Israel. (See: [[:en:ta:vol2:translate:figs_metonymy]])"}, {"ref": "every man under his vine and under his fig tree", "text": "\"each family had their own garden with grapevines and fig trees,\" This showed that the people lived in safety and peace, since they were not at war and had time to grow their gardens."}, {"ref": "from Dan to Beersheba", "text": "This represents the whole land of Israel from Dan in the north to Beersheba in the south. (See: [[:en:ta:vol2:translate:figs_merism]])"}]}, {"id": "26", "tn": [{"ref": "stalls of horses", "text": "A stall is a place where an animal such as a horse is kept and cared for."}, {"ref": "who came to King Solomon's table", "text": "\"who ate with King Solomon\" or \"whom King Solomon invited to eat with him\""}, {"ref": "every man in his month", "text": "Solomon had assigned each of the 12 officials in [[:en:bible:notes:1ki:04:07|4:7-19]] to bring him food in a different month."}, {"ref": "They let nothing be lacking", "text": "This can be expressed positively. AT: \"They provided everything that Solomon needed\" (See: [[:en:ta:vol2:translate:figs_litotes]])"}]}, {"id": "29", "tn": [{"ref": "God gave Solomon great wisdom and understanding", "text": "God enabling Solomon to be wise and to understand many things is spoken of as if God were giving Solomon physical objects. The abstract nouns \"wisdom\" and \"understanding\" can be translated as verbs. AT: \"God made Solomon able to be wise and to understand many things\" (See: [[:en:ta:vol1:translate:figs_metaphor]] and [[:en:ta:vol2:translate:figs_abstractnouns]])"}, {"ref": "wideness of understanding like the sand on the seashore", "text": "Solomon was able to understand many things about many different subjects. The abstract noun \"wideness\" can be translated as an adjective. AT: \"Solomon was able to understand many things about a wide range of subjects\" (See: [[:en:ta:vol1:translate:figs_simile]])"}, {"ref": "Solomon's wisdom exceeded the wisdom of all the people", "text": "\"Solomon was wiser than all the wise people\""}, {"ref": "the people of the east", "text": "This refers to people from countries east of Israel such as Arabia and Mesopotamia."}, {"ref": "Ethan ... Heman ... Calcol ... Darda ... Mahol", "text": "men's names (See: [[:en:ta:vol1:translate:translate_names]])"}]}, {"id": "32", "tn": [{"ref": "cedar ... hyssop", "text": "These words form a merism that includes all plants. AT: \"cedar tree ... hyssop bush\" or \"the greatest of trees ... least important of bushes\" (See: [[:en:ta:vol1:translate:translate_unknown]] and [[:en:ta:vol2:translate:figs_merism]])"}]}]