[{"id": "01", "tn": [{"ref": "General Information:", "text": "David appoints Solomon as his successor and organizes Levitical priests and staff for temple service."}, {"ref": "The Levites who were thirty years old and older were counted", "text": "AT: \"Some of David's men counted the Levites who were 30 years old and older\" (See: [[:en:ta:vol2:translate:translate_numbers]] and [[:en:ta:vol2:translate:figs_activepassive]])"}, {"ref": "They numbered thirty-eight thousand", "text": "eight thousand** - AT: \"There were 38,000\""}]}, {"id": "04", "tn": [{"ref": "Of these, twenty-four thousand", "text": "four thousand** - AT: \"Of these Levities, 24,000\" (See: [[:en:ta:vol2:translate:translate_numbers]])"}, {"ref": "six thousand", "text": "\"6,000 Levites\" (See: [[:en:ta:vol2:translate:translate_numbers]])"}, {"ref": "officers and judges", "text": "These Levites listened to legal arguments and administered justice according to the law of Moses."}, {"ref": "four thousand", "text": "\"4,000 Levites\" (See: [[:en:ta:vol2:translate:translate_numbers]])"}, {"ref": "gatekeepers", "text": "These Levites guarded the temple entrance so no one unclean entered."}, {"ref": "that corresponded to", "text": "\"based on\" or \"according to the descendants of\""}, {"ref": "Gershon, Kohath, and Merari", "text": "These are names of Levi's sons. (See: [[:en:ta:vol1:translate:translate_names]])"}]}, {"id": "07", "tn": [{"ref": "General Information:", "text": "This is the list of Levites according to their clans. (See: [[:en:ta:vol1:translate:translate_names]])"}]}, {"id": "10", "tn": [{"ref": "General Information:", "text": "This continues the list of Levites according to their clans. (See: [[:en:ta:vol1:translate:translate_names]])"}, {"ref": "so they were considered as one clan", "text": "AT: \"so David considered them as one clan\" (See: [[:en:ta:vol2:translate:figs_activepassive]])"}]}, {"id": "12", "tn": [{"ref": "General Information:", "text": "This continues the list of Levites according to their clans. (See: [[:en:ta:vol1:translate:translate_names]])"}, {"ref": "There were four of Kohath's sons", "text": "AT: \"Kohath had 4 sons\""}, {"ref": "Aaron was chosen to set apart the most holy things", "text": "AT: \"Yahweh chose Aaron to dedicate the most holy things\" (See: [[:en:ta:vol2:translate:figs_activepassive]])"}, {"ref": "to give blessings in his name forever", "text": "AT: \"to bless the people as representatives of God forever\" (See: [[:en:ta:vol2:translate:figs_metonymy]])"}, {"ref": "his sons were considered to be Levites", "text": "AT: \"his sons were a part of the Levite clan.\" The sons of Moses were Levites."}]}, {"id": "15", "tn": [{"ref": "General Information:", "text": "This continues the list of Levites according to their clans. (See: [[:en:ta:vol1:translate:translate_names]])"}]}, {"id": "19", "tn": [{"ref": "General Information:", "text": "This continues the list of Levites according to their clans. (See: [[:en:ta:vol1:translate:translate_names]])"}]}, {"id": "21", "tn": [{"ref": "General Information:", "text": "This continues the list of Levites according to their clans. (See: [[:en:ta:vol1:translate:translate_names]])"}]}, {"id": "24", "tn": [{"ref": "These were Levi's descendants corresponding to their clans. They were the leaders, counted and listed by name, of the clans", "text": "AT: \"These were the names of Levi's descendants and their families, whom David's men counted and listed. They were the leaders of the clans\" (See: [[:en:ta:vol2:translate:figs_activepassive]])"}, {"ref": "from twenty years old and upward", "text": "AT: \"from 20 years old and older\" (See: [[:en:ta:vol2:translate:translate_numbers]])"}, {"ref": "and all the equipment used in its service", "text": "AT: \"and all the equipment they used in its service\""}]}, {"id": "27", "tn": [{"ref": "For by David's last words the Levites were counted", "text": "AT: \"For David's last command was for his men to count the Levites\" (See: [[:en:ta:vol2:translate:figs_activepassive]])"}, {"ref": "from twenty years old and upward", "text": "AT: \"who were 20 years old and older\" (See: [[:en:ta:vol2:translate:translate_numbers]])"}, {"ref": "bread of the presence", "text": "See how you translated this in [[:en:bible:notes:1ch:09:30|9:32]]."}, {"ref": "flour", "text": "a powder that a person makes by grinding grain"}, {"ref": "the offerings mixed with oil", "text": "AT: \"the offerings that someone has mixed with oil\""}]}, {"id": "30", "tn": [{"ref": "They also stood", "text": "\"The Levites also stood\""}, {"ref": "whenever burnt offerings were offered to Yahweh", "text": "AT: \"whenever the priests offered burnt offerings to Yahweh\" (See: [[:en:ta:vol2:translate:figs_activepassive]])"}, {"ref": "new moon festivals", "text": "These holidays marked the beginning of each new month."}, {"ref": "A fixed number, assigned by decree, always had to be present before Yahweh", "text": "AT: \"It was the duty of a certain number of the Levites to always be present in making offerings to Yahweh\""}]}]