[{"firstvs": "1", "id": "01-01", "lastvs": "2"}, {"firstvs": "3", "id": "01-03", "lastvs": "5"}, {"firstvs": "6", "id": "01-06", "lastvs": "7"}, {"firstvs": "8", "id": "01-08", "lastvs": "10"}, {"firstvs": "11", "id": "01-11", "lastvs": "12"}, {"firstvs": "13", "id": "01-13", "lastvs": "14"}, {"firstvs": "15", "id": "01-15", "lastvs": "17"}, {"firstvs": "18", "id": "01-18", "lastvs": "20"}, {"firstvs": "21", "id": "01-21", "lastvs": "24"}, {"firstvs": "1", "id": "02-01", "lastvs": "2"}, {"firstvs": "3", "id": "02-03", "lastvs": "5"}, {"firstvs": "6", "id": "02-06", "lastvs": "8"}, {"firstvs": "9", "id": "02-09", "lastvs": "10"}, {"firstvs": "11", "id": "02-11", "lastvs": "12"}, {"firstvs": "13", "id": "02-13", "lastvs": "14"}, {"firstvs": "15", "id": "02-15", "lastvs": "16"}, {"firstvs": "17", "id": "02-17", "lastvs": "19"}, {"firstvs": "20", "id": "02-20", "lastvs": "21"}, {"firstvs": "1", "id": "03-01", "lastvs": "3"}, {"firstvs": "4", "id": "03-04", "lastvs": "5"}, {"firstvs": "6", "id": "03-06", "lastvs": "9"}, {"firstvs": "10", "id": "03-10", "lastvs": "12"}, {"firstvs": "13", "id": "03-13", "lastvs": "14"}, {"firstvs": "15", "id": "03-15", "lastvs": "16"}, {"firstvs": "17", "id": "03-17", "lastvs": "18"}, {"firstvs": "19", "id": "03-19", "lastvs": "20"}, {"firstvs": "21", "id": "03-21", "lastvs": "22"}, {"firstvs": "23", "id": "03-23", "lastvs": "26"}, {"firstvs": "27", "id": "03-27", "lastvs": "29"}, {"firstvs": "1", "id": "04-01", "lastvs": "2"}, {"firstvs": "3", "id": "04-03", "lastvs": "5"}, {"firstvs": "6", "id": "04-06", "lastvs": "7"}, {"firstvs": "8", "id": "04-08", "lastvs": "9"}, {"firstvs": "10", "id": "04-10", "lastvs": "11"}, {"firstvs": "12", "id": "04-12", "lastvs": "14"}, {"firstvs": "15", "id": "04-15", "lastvs": "16"}, {"firstvs": "17", "id": "04-17", "lastvs": "18"}, {"firstvs": "19", "id": "04-19", "lastvs": "20"}, {"firstvs": "21", "id": "04-21", "lastvs": "23"}, {"firstvs": "24", "id": "04-24", "lastvs": "25"}, {"firstvs": "26", "id": "04-26", "lastvs": "27"}, {"firstvs": "28", "id": "04-28", "lastvs": "29"}, {"firstvs": "30", "id": "04-30", "lastvs": "31"}, {"firstvs": "1", "id": "05-01", "lastvs": "2"}, {"firstvs": "3", "id": "05-03", "lastvs": "4"}, {"firstvs": "5", "id": "05-05", "lastvs": "8"}, {"firstvs": "9", "id": "05-09", "lastvs": "10"}, {"firstvs": "11", "id": "05-11", "lastvs": "12"}, {"firstvs": "13", "id": "05-13", "lastvs": "15"}, {"firstvs": "16", "id": "05-16", "lastvs": "18"}, {"firstvs": "19", "id": "05-19", "lastvs": "21"}, {"firstvs": "22", "id": "05-22", "lastvs": "24"}, {"firstvs": "25", "id": "05-25", "lastvs": "26"}, {"firstvs": "1", "id": "06-01", "lastvs": "2"}, {"firstvs": "3", "id": "06-03", "lastvs": "5"}, {"firstvs": "6", "id": "06-06", "lastvs": "8"}, {"firstvs": "9", "id": "06-09", "lastvs": "10"}, {"firstvs": "11", "id": "06-11", "lastvs": "13"}, {"firstvs": "14", "id": "06-14", "lastvs": "16"}, {"firstvs": "17", "id": "06-00", "lastvs": "18"}]