[{"id": "01", "tn": [{"ref": "these acts of faithfulness", "text": "These acts were done by Hezekiah."}]}, {"id": "02", "tn": [{"ref": "to stop up the waters of the springs that were outside the city", "text": "They closed the springs that were outside the city so that people did not have access to water."}, {"ref": "Why should the kings of Assyria come and find a lot of water?", "text": "The kings of Assyria should not come and find a lot of water. Translators may want to translate \"the king of Assyria,\" but they should translate \"the kings of Assyria,\" because there is no support for a textual reading of \"the king.\" (See: [[:en:ta:vol1:translate:figs_rquestion]])"}]}, {"id": "05", "tn": [{"ref": "took courage", "text": "See how you translated this in [[:en:bible:notes:2ch:15:08|15:8]]"}, {"ref": "Hezekiah took courage and built up", "text": "AT: - \"Hezekiah encouraged himself and the people to build up\" (See: [[:en:ta:vol2:translate:figs_synecdoche]])"}, {"ref": "the Millo", "text": "This is a part of the wall that gives it strength."}]}, {"id": "06", "tn": [{"ref": "for someone is with us who is greater than those with him", "text": "AT: \"for our God is with us and is more powerful than them\" (See: [[:en:ta:vol2:translate:figs_euphemism]])"}, {"ref": "an arm of flesh", "text": "AT: \"human power\" (See: [[:en:ta:vol2:translate:figs_metonymy]])"}]}, {"id": "09", "tn": [{"ref": "Lachish", "text": "This was a city in Judah. (See: [[:en:ta:vol1:translate:translate_names]])"}, {"ref": "What are you relying on in order to endure a siege in Jerusalem", "text": "AT: \"You are not able to endure a siege in Jerusalem.\" (See: [[:en:ta:vol1:translate:figs_rquestion]])"}]}, {"id": "11", "tn": [{"ref": "Is not Hezekiah misleading you ... when he tells you, 'Yahweh ... Assyria'?", "text": "AT: \"Hezekiah is misleading you ... when he tells you, 'Yahweh ... Assyria.'\" (See: [[:en:ta:vol1:translate:figs_rquestion]])"}, {"ref": "Has not this same Hezekiah taken away", "text": "AT: \"This same Hezekiah has taken away\""}]}, {"id": "13", "tn": [{"ref": "Do you not know what ... lands?", "text": "\"You know very well what ... lands!\" (See [[:en:ta:vol1:translate:figs_rquestion]])"}, {"ref": "Were the gods of the people groups of the lands able ... power?", "text": "\"The gods of the people groups of the lands were not able ... power!\" (See [[:en:ta:vol1:translate:figs_rquestion]])"}, {"ref": "Among all the gods ... was there any god who ... hand?", "text": "\"There was no god among all the gods ... who ... hand!\" (See [[:en:ta:vol1:translate:figs_rquestion]])"}, {"ref": "Why should your God be able ... power?", "text": "\"There is no reason you God should be able ... power!\" (See [[:en:ta:vol1:translate:figs_rquestion]]"}]}, {"id": "18", "tn": [{"ref": "to frighten them and trouble them", "text": "These two phrases mean basically the same thing and emphasize the intensity of fear. AT: \"to make them very afraid.\" (See: [[:en:ta:vol2:translate:figs_doublet]])"}, {"ref": "They spoke of the God of Jerusalem as they had spoken of the gods of the other peoples of the earth", "text": "AT: \"They mocked the God of Jerusalem as they had mocked the gods of the other peoples of the earth\" (See: [[:en:ta:vol2:translate:figs_metonymy]] )"}]}, {"id": "20", "tn": [{"ref": "cried out to heaven", "text": "AT: \"pleaded to God\""}, {"ref": "shame-faced", "text": "faced** - AT: \"embarrassed\" or \"shamed\""}, {"ref": "the house of his god", "text": "AT: \"the temple of his god\""}]}, {"id": "22", "tn": [{"ref": "gave them rest on every side", "text": "Here \"rest\" means \"peace.\" AT: \"gave them peace with all the neighboring countries\" (See: [[:en:ta:vol1:translate:figs_metaphor]] )"}, {"ref": "in the eyes of all nations", "text": "AT: \"so that all the surrounding people-groups knew\" (See: [[:en:ta:vol2:translate:figs_hyperbole]])"}]}, {"id": "24", "tn": [{"ref": "his heart was lifted up", "text": "AT: \"he became proud\" (See: [[:en:ta:vol1:translate:figs_idiom]] )"}]}, {"id": "27", "tn": [{"ref": "stalls", "text": "See how you translated this in [[:en:bible:notes:2ch:09:25|9:25]]"}, {"ref": "pens", "text": "A storage place for small animals."}]}, {"id": "30", "tn": [{"ref": "waters of Gihon", "text": "(See: [[:en:ta:vol1:translate:translate_names]])"}]}, {"id": "32", "tn": [{"ref": "The Vision of the Prophet Isaiah Son of Amoz ... The Book of the Kings of Judah and Israel", "text": "These books no longer exist."}, {"ref": "slept with his ancestors", "text": "See how you translated this in [[:en:bible:notes:2ch:09:29|9:31]]"}]}]