[{"firstvs": "1", "id": "01-01", "lastvs": "3"}, {"firstvs": "4", "id": "01-04", "lastvs": "6"}, {"firstvs": "7", "id": "01-07", "lastvs": "8"}, {"firstvs": "9", "id": "01-09", "lastvs": "10"}, {"firstvs": "11", "id": "01-11", "lastvs": "12"}, {"firstvs": "13", "id": "01-13", "lastvs": "14"}, {"firstvs": "15", "id": "01-15", "lastvs": "17"}, {"firstvs": "18", "id": "01-18", "lastvs": "20"}, {"firstvs": "21", "id": "01-21", "lastvs": "23"}, {"firstvs": "24", "id": "01-24", "lastvs": "27"}, {"firstvs": "28", "id": "01-28", "lastvs": "29"}, {"firstvs": "1", "id": "02-01", "lastvs": "3"}, {"firstvs": "4", "id": "02-04", "lastvs": "5"}, {"firstvs": "6", "id": "02-06", "lastvs": "7"}, {"firstvs": "8", "id": "02-08", "lastvs": "9"}, {"firstvs": "10", "id": "02-10", "lastvs": "12"}, {"firstvs": "13", "id": "02-13", "lastvs": "15"}, {"firstvs": "16", "id": "02-16", "lastvs": "17"}, {"firstvs": "18", "id": "02-18", "lastvs": "19"}, {"firstvs": "20", "id": "02-20", "lastvs": "23"}, {"firstvs": "1", "id": "03-01", "lastvs": "4"}, {"firstvs": "5", "id": "03-05", "lastvs": "8"}, {"firstvs": "9", "id": "03-09", "lastvs": "11"}, {"firstvs": "12", "id": "03-12", "lastvs": "14"}, {"firstvs": "15", "id": "03-15", "lastvs": "17"}, {"firstvs": "18", "id": "03-18", "lastvs": "21"}, {"firstvs": "22", "id": "03-22", "lastvs": "25"}, {"firstvs": "1", "id": "04-01", "lastvs": "1"}, {"firstvs": "2", "id": "04-02", "lastvs": "4"}, {"firstvs": "5", "id": "04-05", "lastvs": "6"}, {"firstvs": "7", "id": "04-07", "lastvs": "9"}, {"firstvs": "10", "id": "04-10", "lastvs": "11"}, {"firstvs": "12", "id": "04-12", "lastvs": "14"}, {"firstvs": "15", "id": "04-15", "lastvs": "17"}, {"firstvs": "18", "id": "04-00", "lastvs": "18"}]