[{"id": "01", "tn": [{"ref": "officials", "text": "See how you translated this in [[:en:bible:notes:1ch:24:04|24:5]]."}, {"ref": "scheduled work", "text": "Work that needs to be repeated, for example every day or every month."}, {"ref": "thousands and of hundreds", "text": "\"1,000s and of 100s\" (See: [[:en:ta:vol2:translate:translate_numbers]])"}, {"ref": "property and possessions", "text": "These two words share similar meanings and refer to all of the items and lands that the king owned. (See: [[:en:ta:vol2:translate:figs_doublet]])"}]}, {"id": "02", "tn": [{"ref": "rose to his feet", "text": "AT: \"stood up\" (UDB) (See: [[:en:ta:vol1:translate:figs_idiom]])"}, {"ref": "my brothers and my people", "text": "These two phrases share similar meanings and emphasize that David and the people of Israel are family. (See: [[:en:ta:vol2:translate:figs_doublet]])"}, {"ref": "the ark of the covenant of Yahweh; a footstool for our God", "text": "The second phrase defines the first phrase. Yahweh often refers to \"the ark of the covenant\" as his \"footstool.\" (See: [[:en:ta:vol2:translate:figs_doublet]])"}, {"ref": "a temple for my name", "text": "AT: \"a temple for me\" (See: [[:en:ta:vol2:translate:figs_synecdoche]])"}, {"ref": "a man of war and have shed blood", "text": "Both descriptions emphasize the same thing, namely that David had killed people. (See: [[:en:ta:vol2:translate:figs_doublet]])"}, {"ref": "have shed blood", "text": "AT: \"have killed people\" (UDB) (See: [[:en:ta:vol1:translate:figs_idiom]] and [[:en:ta:vol2:translate:figs_euphemism]])"}]}, {"id": "04", "tn": [{"ref": "General Information:", "text": "David continues speaking to the Israelites."}, {"ref": "king over Israel forever", "text": "Possible meanings are 1) David and his descendants will rule Israel forever or 2) David will continue to be the king of Israel after he is resurrected from the dead."}, {"ref": "all Israel", "text": "AT: \"the whole land of Israel\" or \"all the Israelites\" (See: [[:en:ta:vol1:translate:figs_idiom]])"}, {"ref": "to sit on the throne of", "text": "AT: \"to rule over\" or \"to be the king of\" (See: [[:en:ta:vol1:translate:figs_idiom]])"}, {"ref": "the kingdom of Yahweh, over Israel", "text": "AT: \"Israel, which is actually Yahweh's kingdom\""}]}, {"id": "06", "tn": [{"ref": "General Information:", "text": "David continues to speak to the Israelites."}, {"ref": "He said to me", "text": "AT: \"God said to me\""}, {"ref": "my house", "text": "The word \"house\" refers to the temple of Yahweh."}, {"ref": "I have chosen him to be my son, and I will be his father", "text": "This does not mean that Solomon becomes an actual son of God, but it describes the personal relationship that he and God will have. AT: \"I have chosen to treat him like a son, and I will be like a father to him\" (See: [[:en:ta:vol1:translate:figs_metaphor]])"}, {"ref": "my commandments and decrees", "text": "These two words basically mean the same thing and refer to everything that Yahweh had commanded. (See: [[:en:ta:vol2:translate:figs_doublet]])"}, {"ref": "as you are this day", "text": "The word \"you\" here refers to David. AT: \"just as you are committed this day\" (See: [[:en:ta:vol1:translate:figs_explicit]])"}]}, {"id": "08", "tn": [{"ref": "General Information:", "text": "David continues to speak to the Israelites."}, {"ref": "Now then", "text": "This indicates that David starts a new phase in his speech."}, {"ref": "keep and try to carry out", "text": "The phrase \"to carry out\" means basically the same thing as \"keep.\" Together the words emphasize importance of doing what God commands. (See: [[:en:ta:vol2:translate:figs_doublet]])"}, {"ref": "your children after you", "text": "AT: \"your children who will take your place after you die\" (See: [[:en:ta:vol1:translate:figs_idiom]])"}]}, {"id": "09", "tn": [{"ref": "the God of your father", "text": "David calls himself \"your father\" because this is a very formal occasion. AT: \"my God\" (See: [[:en:ta:vol2:translate:figs_123person]])"}, {"ref": "with your whole heart", "text": "AT: \"completely\" (See: [[:en:ta:vol2:translate:figs_synecdoche]])"}, {"ref": "a willing spirit", "text": "AT: \"willingly\" (See: [[:en:ta:vol2:translate:figs_synecdoche]])"}, {"ref": "searches all hearts and understands every motivation of everyone's thoughts", "text": "These two phrases mean basically the same thing and emphasize that Yahweh knows the thoughts and motives of every person. (See: [[:en:ta:vol2:translate:figs_parallelism]])"}, {"ref": "If you seek him, he will be found by you", "text": "AT: \"If you try to get Yahweh to pay attention to you, he will do so\" (See: [[:en:ta:vol2:translate:figs_activepassive]] and [[:en:ta:vol1:translate:figs_metaphor]])"}, {"ref": "Realize", "text": "\"See now\" AT: \"Remember\" or \"Be aware\""}, {"ref": "Be strong and do it", "text": "The word \"strong\" here refers to willpower and strength of character."}]}, {"id": "11", "tn": [{"ref": "temple portico", "text": "\"temple porch\" or \"temple entrance.\" This refers to the columns that supported the roof at the entrance of the temple."}, {"ref": "treasuries", "text": "storerooms for valuable things"}]}, {"id": "13", "tn": [{"ref": "regulations", "text": "These were specific rules about how the priests and Levites should work in the temple."}, {"ref": "divisions", "text": "This refers to the groups in which the priests and other temple workers were organized to fulfill their duties. See how you translated this term in [[:en:bible:notes:1ch:24:01|24:1]]."}]}, {"id": "18", "tn": [{"ref": "refined gold", "text": "AT: \"purified gold\" or \"extra valuable gold\""}, {"ref": "I have put all this in writing", "text": "AT: \"I wrote all of this down\" (See: [[:en:ta:vol1:translate:figs_idiom]])"}, {"ref": "gave me to understand regarding", "text": "AT: \"helped me to understand the details of\""}]}, {"id": "20", "tn": [{"ref": "strong and brave", "text": "These two words basically mean the same thing and emphasize that Solomon must be courageous. (See: [[:en:ta:vol2:translate:figs_doublet]])"}, {"ref": "Do not be afraid or anxious", "text": "These two words basically mean the same thing and emphasize that Solomon must never give up. AT: \"Be courageous\" or \"Be confident.\" (See: [[:en:ta:vol2:translate:figs_litotes]] and [[:en:ta:vol2:translate:figs_doublet]])"}, {"ref": "is with you", "text": "AT: \"will help you\" (See: [[:en:ta:vol1:translate:figs_idiom]])"}, {"ref": "He will not leave you nor abandon you", "text": "These two phrases mean the same thing and emphasize that Yahweh will always be with Solomon. AT: \"He will always be with you\" (See: [[:en:ta:vol2:translate:figs_litotes]] and [[:en:ta:vol2:translate:figs_doublet]])"}, {"ref": "the divisions of the priests and Levites", "text": "See how you translated this in [[:en:bible:notes:1ch:28:13|28:13]]."}]}]