[{"id": "01", "tn": [{"ref": "He did what was right in the eyes of Yahweh", "text": "See how you translated this in [[:en:bible:notes:2ch:14:01|14:2]]"}, {"ref": "did not turn away either to the right or to the left", "text": "AT: \"did not hesitate to obey God in any way whatsoever,\" or \"he obeyed all of God's commands\" (See: [[:en:ta:vol1:translate:figs_idiom]] and [[:en:ta:vol2:translate:figs_litotes]])"}]}, {"id": "04", "tn": [{"ref": "until they were dust", "text": "AT: \"until they were very small pieces that could be carried away by the wind\""}]}, {"id": "06", "tn": [{"ref": "into powder", "text": "AT: \"were completely destroyed\" (See: [[:en:ta:vol2:translate:figs_metonymy]] )"}]}, {"id": "08", "tn": [{"ref": "General Information:", "text": "See: [[:en:ta:vol1:translate:translate_names]]"}, {"ref": "entrusted to him", "text": "\"gave to him the responsibility of using the money\""}]}, {"id": "10", "tn": [{"ref": "had let fall apart", "text": "AT: \"allowed to rot\""}]}, {"id": "12", "tn": [{"ref": "General Information:", "text": "See: [[:en:ta:vol1:translate:translate_names]]"}, {"ref": "These Levites were in charge of those who carried building material and all other men who worked in any way", "text": "AT: \"These Levites were in charge of all of the men who did any kind of building work.\""}]}, {"id": "14", "tn": [{"ref": "General Information:", "text": "See: [[:en:ta:vol1:translate:translate_names]]"}, {"ref": "When they brought out the money that was brought into the house of Yahweh", "text": "AT: \"When the supervisors were receiving the money in the temple,\""}, {"ref": "everything that has been entrusted to them", "text": "AT: \"everything that you gave them the responsibility to do.\""}]}, {"id": "17", "tn": [{"ref": "They have emptied out", "text": "AT: \"They have gathered\""}, {"ref": "It came about that when", "text": "this phrase is a marker; it indicates that what follows is an especially important event in this story. AT: \"Now, notice what happens next:\""}]}, {"id": "20", "tn": [{"ref": "General Information:", "text": "See: [[:en:ta:vol1:translate:translate_names]]"}, {"ref": "ask Yahweh's will for me", "text": "AT: \"Ask Yahweh what he wants me to do\""}, {"ref": "because of the words of the book", "text": "AT: \"according to what is written in the book\""}, {"ref": "For it is great, the anger of Yahweh that has been poured out on us. It is great", "text": "Emotions such as anger are often spoken of in Scripture as if they were liquids. AT: \"For Yahweh's anger towards us is great, like water that could totally wash us away.\" (See: [[:en:ta:vol1:translate:figs_metaphor]])"}]}, {"id": "22", "tn": [{"ref": "General Information:", "text": "See: [[:en:ta:vol1:translate:translate_names]]"}, {"ref": "keeper of the wardrobe", "text": "AT: \"who took care of the priestly robes\" (See: [[:en:ta:vol2:translate:figs_ellipsis]])"}, {"ref": "they spoke with her in this way", "text": "AT: \"they had the following conversation with her\""}]}, {"id": "23", "tn": [{"ref": "so that they might provoke me to anger with all the deeds they have committed", "text": "\"the result is that they have made me extremely angry because of what they have done\""}, {"ref": "provoke me to anger", "text": "\"make me angry\""}, {"ref": "therefore my anger will be poured out on this place, and it will not be extinguished", "text": "Emotions such as anger are often spoken of in Scripture as if they were liquids. AT: \"therefore it will be like a fire that I pour out on them, and nothing will stop this fire\" (See: [[:en:ta:vol1:translate:figs_metaphor]])"}]}, {"id": "26", "tn": [{"ref": "Yahweh, the God of Israel says this: About the words that you heard, because your heart was tender", "text": "AT: \"Yahweh, the God of Israel says this about the words that you have heard, because your heart was soft - willing to change\" (See: [[:en:ta:vol1:translate:figs_metaphor]] )"}, {"ref": "have torn your clothes", "text": "This was a sign of sorrow and repentance."}, {"ref": "I will gather you to your ancestors. You will be gathered to your grave", "text": "AT: \"you will die\" (See: [[:en:ta:vol2:translate:figs_euphemism]])"}, {"ref": "your eyes will not see", "text": "AT: \"you will not experience\" (See: [[:en:ta:vol2:translate:figs_metonymy]])"}]}, {"id": "29", "tn": [{"ref": "all the people, from great to small", "text": "AT: \"everyone\" (See: [[:en:ta:vol2:translate:figs_merism]])"}, {"ref": "read in their hearing", "text": "AT: \"read to them\""}]}, {"id": "31", "tn": [{"ref": "stood in his place", "text": "AT: \"stood where he was supposed to stand at the entrance to the temple\""}, {"ref": "with all his heart and all his soul", "text": "Together, these two phrases form an idiomatic expression that refers to a person's entire being. AT: \"with all his being\" or \"wholeheartedly.\" (See: [[:en:ta:vol2:translate:figs_doublet]] and [[:en:ta:vol1:translate:figs_idiom]])"}, {"ref": "all who were found in Jerusalem and Benjamin", "text": "AT: \"all who lived in Jerusalem and Benjamin\" (See: [[:en:ta:vol2:translate:figs_activepassive]])"}, {"ref": "to stand by the covenant", "text": "AT: \"to obey the covenant\" (See: [[:en:ta:vol1:translate:figs_idiom]])"}]}, {"id": "33", "tn": [{"ref": "the disgusting things", "text": "These are the idols that were repulsive to God. (See: [[:en:ta:vol1:translate:figs_idiom]])"}]}]