{"1": [{"a": "John introduces himself as the elder.", "q": "By what title does the author John introduce himself in this letter?", "ref": ["01-01"]}, {"a": "John loves Gaius in truth.", "q": "What relationship does John have with Gaius, the one receiving this letter?", "ref": ["01-01"]}, {"a": "John prays that Gaius would prosper in all things and be in health, as his soul prospers.", "q": "For what does John pray concerning Gaius?", "ref": ["01-02"]}, {"a": "John's greatest joy is to hear that his children walk in the truth.", "q": "What is John's greatest joy?", "ref": ["01-04"]}, {"a": "Gaius welcomed and then sent out on their journey some who were going out for the sake of the Name.", "q": "Who did Gaius welcome and then send out on their journey?", "ref": ["01-06", "01-08"]}, {"a": "John says believers should welcome them so that they may be fellow-workers for the truth.", "q": "Why does John say believers should welcome brothers such as these?", "ref": ["01-08"]}, {"a": "Diotrephes loves to be first among the congregation.", "q": "What does Diotrephes love?", "ref": ["01-09"]}, {"a": "Diotrephes does not receive John.", "q": "What is Diotrephes' attitude toward John?", "ref": ["01-09"]}, {"a": "If John comes he will remember Diotrephes' evil deeds.", "q": "What will John do if he comes to Gaius and the congregation?", "ref": ["01-10"]}, {"a": "Diotrephes does not receive the brothers.", "q": "What does Diotrephes do with the brothers going forth for the Name?", "ref": ["01-10"]}, {"a": "Diotrephes forbids them from receiving the brothers, and drives them out of the congregation.", "q": "What does Diotrephes do with those who receive the brothers going __forth__ for the Name?", "ref": ["01-10"]}, {"a": "John tells Gaius to imitate good.", "q": "What does John tell Gaius to imitate?", "ref": ["01-11"]}, {"a": "John hopes to come and speak with Gaius face to face.", "q": "What does John hope to do in the future?", "ref": ["01-14"]}]}