[{"firstvs": "1", "id": "01-01", "lastvs": "2"}, {"firstvs": "3", "id": "01-03", "lastvs": "3"}, {"firstvs": "4", "id": "01-04", "lastvs": "5"}, {"firstvs": "6", "id": "01-06", "lastvs": "7"}, {"firstvs": "8", "id": "01-08", "lastvs": "9"}, {"firstvs": "10", "id": "01-10", "lastvs": "11"}, {"firstvs": "1", "id": "02-01", "lastvs": "2"}, {"firstvs": "3", "id": "02-03", "lastvs": "3"}, {"firstvs": "4", "id": "02-04", "lastvs": "6"}, {"firstvs": "7", "id": "02-07", "lastvs": "8"}, {"firstvs": "9", "id": "02-09", "lastvs": "10"}, {"firstvs": "11", "id": "02-11", "lastvs": "12"}, {"firstvs": "13", "id": "02-13", "lastvs": "14"}, {"firstvs": "15", "id": "02-15", "lastvs": "16"}, {"firstvs": "17", "id": "02-17", "lastvs": "18"}, {"firstvs": "19", "id": "02-19", "lastvs": "20"}, {"firstvs": "1", "id": "03-01", "lastvs": "2"}, {"firstvs": "3", "id": "03-03", "lastvs": "5"}, {"firstvs": "6", "id": "03-06", "lastvs": "7"}, {"firstvs": "8", "id": "03-08", "lastvs": "10"}, {"firstvs": "11", "id": "03-11", "lastvs": "12"}, {"firstvs": "13", "id": "03-13", "lastvs": "13"}, {"firstvs": "14", "id": "03-14", "lastvs": "15"}, {"firstvs": "16", "id": "03-16", "lastvs": "17"}, {"firstvs": "18", "id": "03-18", "lastvs": "19"}, {"firstvs": "20", "id": "03-20", "lastvs": "21"}, {"firstvs": "22", "id": "03-22", "lastvs": "24"}, {"firstvs": "25", "id": "03-25", "lastvs": "27"}, {"firstvs": "28", "id": "03-28", "lastvs": "30"}, {"firstvs": "31", "id": "03-31", "lastvs": "32"}, {"firstvs": "1", "id": "04-01", "lastvs": "3"}, {"firstvs": "4", "id": "04-04", "lastvs": "6"}, {"firstvs": "7", "id": "04-07", "lastvs": "9"}, {"firstvs": "10", "id": "04-10", "lastvs": "11"}, {"firstvs": "12", "id": "04-12", "lastvs": "14"}, {"firstvs": "15", "id": "04-15", "lastvs": "16"}, {"firstvs": "17", "id": "04-17", "lastvs": "18"}, {"firstvs": "19", "id": "04-19", "lastvs": "20"}, {"firstvs": "21", "id": "04-21", "lastvs": "23"}, {"firstvs": "1", "id": "05-01", "lastvs": "3"}, {"firstvs": "4", "id": "05-04", "lastvs": "5"}, {"firstvs": "6", "id": "05-06", "lastvs": "8"}, {"firstvs": "9", "id": "05-09", "lastvs": "11"}, {"firstvs": "12", "id": "05-12", "lastvs": "13"}, {"firstvs": "14", "id": "05-14", "lastvs": "15"}, {"firstvs": "16", "id": "05-16", "lastvs": "17"}, {"firstvs": "18", "id": "05-18", "lastvs": "19"}, {"firstvs": "1", "id": "06-01", "lastvs": "2"}, {"firstvs": "3", "id": "06-03", "lastvs": "4"}, {"firstvs": "5", "id": "06-05", "lastvs": "6"}, {"firstvs": "7", "id": "06-07", "lastvs": "7"}, {"firstvs": "8", "id": "06-08", "lastvs": "9"}, {"firstvs": "10", "id": "06-10", "lastvs": "11"}, {"firstvs": "12", "id": "06-12", "lastvs": "14"}, {"firstvs": "15", "id": "06-15", "lastvs": "16"}, {"firstvs": "17", "id": "06-17", "lastvs": "19"}, {"firstvs": "1", "id": "07-01", "lastvs": "2"}, {"firstvs": "3", "id": "07-03", "lastvs": "4"}, {"firstvs": "5", "id": "07-05", "lastvs": "5"}, {"firstvs": "6", "id": "07-06", "lastvs": "7"}, {"firstvs": "8", "id": "07-08", "lastvs": "10"}, {"firstvs": "11", "id": "07-11", "lastvs": "14"}, {"firstvs": "15", "id": "07-15", "lastvs": "18"}, {"firstvs": "19", "id": "07-19", "lastvs": "22"}, {"firstvs": "23", "id": "07-23", "lastvs": "26"}, {"firstvs": "27", "id": "07-27", "lastvs": "30"}, {"firstvs": "31", "id": "07-31", "lastvs": "34"}, {"firstvs": "35", "id": "07-35", "lastvs": "38"}, {"firstvs": "39", "id": "07-39", "lastvs": "42"}, {"firstvs": "43", "id": "07-43", "lastvs": "45"}, {"firstvs": "46", "id": "07-46", "lastvs": "49"}, {"firstvs": "50", "id": "07-50", "lastvs": "52"}, {"firstvs": "53", "id": "07-53", "lastvs": "56"}, {"firstvs": "57", "id": "07-57", "lastvs": "60"}, {"firstvs": "61", "id": "07-61", "lastvs": "63"}, {"firstvs": "64", "id": "07-64", "lastvs": "65"}, {"firstvs": "66", "id": "07-66", "lastvs": "67"}, {"firstvs": "68", "id": "07-68", "lastvs": "69"}, {"firstvs": "70", "id": "07-70", "lastvs": "72"}, {"firstvs": "73", "id": "07-73", "lastvs": "73"}, {"firstvs": "1", "id": "08-01", "lastvs": "3"}, {"firstvs": "4", "id": "08-04", "lastvs": "5"}, {"firstvs": "6", "id": "08-06", "lastvs": "8"}, {"firstvs": "9", "id": "08-09", "lastvs": "10"}, {"firstvs": "11", "id": "08-11", "lastvs": "12"}, {"firstvs": "13", "id": "08-13", "lastvs": "15"}, {"firstvs": "16", "id": "08-16", "lastvs": "17"}, {"firstvs": "18", "id": "08-18", "lastvs": "18"}, {"firstvs": "1", "id": "09-01", "lastvs": "2"}, {"firstvs": "3", "id": "09-03", "lastvs": "4"}, {"firstvs": "5", "id": "09-05", "lastvs": "6"}, {"firstvs": "7", "id": "09-07", "lastvs": "8"}, {"firstvs": "9", "id": "09-09", "lastvs": "10"}, {"firstvs": "11", "id": "09-11", "lastvs": "11"}, {"firstvs": "12", "id": "09-12", "lastvs": "13"}, {"firstvs": "14", "id": "09-14", "lastvs": "15"}, {"firstvs": "16", "id": "09-16", "lastvs": "17"}, {"firstvs": "18", "id": "09-18", "lastvs": "19"}, {"firstvs": "20", "id": "09-20", "lastvs": "21"}, {"firstvs": "22", "id": "09-22", "lastvs": "22"}, {"firstvs": "23", "id": "09-23", "lastvs": "24"}, {"firstvs": "25", "id": "09-25", "lastvs": "25"}, {"firstvs": "26", "id": "09-26", "lastvs": "27"}, {"firstvs": "28", "id": "09-28", "lastvs": "29"}, {"firstvs": "30", "id": "09-30", "lastvs": "31"}, {"firstvs": "32", "id": "09-32", "lastvs": "34"}, {"firstvs": "35", "id": "09-35", "lastvs": "35"}, {"firstvs": "36", "id": "09-36", "lastvs": "37"}, {"firstvs": "38", "id": "09-38", "lastvs": "38"}, {"firstvs": "1", "id": "10-01", "lastvs": "3"}, {"firstvs": "4", "id": "10-04", "lastvs": "8"}, {"firstvs": "9", "id": "10-09", "lastvs": "14"}, {"firstvs": "15", "id": "10-15", "lastvs": "21"}, {"firstvs": "22", "id": "10-22", "lastvs": "27"}, {"firstvs": "28", "id": "10-28", "lastvs": "29"}, {"firstvs": "30", "id": "10-30", "lastvs": "31"}, {"firstvs": "32", "id": "10-32", "lastvs": "33"}, {"firstvs": "34", "id": "10-34", "lastvs": "36"}, {"firstvs": "37", "id": "10-37", "lastvs": "38"}, {"firstvs": "39", "id": "10-39", "lastvs": "39"}, {"firstvs": "1", "id": "11-01", "lastvs": "2"}, {"firstvs": "3", "id": "11-03", "lastvs": "4"}, {"firstvs": "5", "id": "11-05", "lastvs": "6"}, {"firstvs": "7", "id": "11-07", "lastvs": "9"}, {"firstvs": "10", "id": "11-10", "lastvs": "12"}, {"firstvs": "13", "id": "11-13", "lastvs": "14"}, {"firstvs": "15", "id": "11-15", "lastvs": "16"}, {"firstvs": "17", "id": "11-17", "lastvs": "18"}, {"firstvs": "19", "id": "11-19", "lastvs": "21"}, {"firstvs": "22", "id": "11-22", "lastvs": "24"}, {"firstvs": "25", "id": "11-25", "lastvs": "27"}, {"firstvs": "28", "id": "11-28", "lastvs": "36"}, {"firstvs": "1", "id": "12-01", "lastvs": "3"}, {"firstvs": "4", "id": "12-04", "lastvs": "7"}, {"firstvs": "8", "id": "12-08", "lastvs": "9"}, {"firstvs": "10", "id": "12-10", "lastvs": "11"}, {"firstvs": "12", "id": "12-12", "lastvs": "14"}, {"firstvs": "15", "id": "12-15", "lastvs": "21"}, {"firstvs": "22", "id": "12-22", "lastvs": "23"}, {"firstvs": "24", "id": "12-24", "lastvs": "26"}, {"firstvs": "27", "id": "12-27", "lastvs": "28"}, {"firstvs": "29", "id": "12-29", "lastvs": "30"}, {"firstvs": "31", "id": "12-31", "lastvs": "31"}, {"firstvs": "32", "id": "12-32", "lastvs": "35"}, {"firstvs": "36", "id": "12-36", "lastvs": "37"}, {"firstvs": "38", "id": "12-38", "lastvs": "39"}, {"firstvs": "40", "id": "12-40", "lastvs": "42"}, {"firstvs": "43", "id": "12-43", "lastvs": "43"}, {"firstvs": "44", "id": "12-44", "lastvs": "45"}, {"firstvs": "46", "id": "12-46", "lastvs": "47"}, {"firstvs": "1", "id": "13-01", "lastvs": "3"}, {"firstvs": "4", "id": "13-04", "lastvs": "5"}, {"firstvs": "6", "id": "13-06", "lastvs": "7"}, {"firstvs": "8", "id": "13-08", "lastvs": "9"}, {"firstvs": "10", "id": "13-10", "lastvs": "11"}, {"firstvs": "12", "id": "13-12", "lastvs": "14"}, {"firstvs": "15", "id": "13-15", "lastvs": "15"}, {"firstvs": "16", "id": "13-16", "lastvs": "18"}, {"firstvs": "19", "id": "13-19", "lastvs": "20"}, {"firstvs": "21", "id": "13-21", "lastvs": "22"}, {"firstvs": "23", "id": "13-23", "lastvs": "24"}, {"firstvs": "25", "id": "13-25", "lastvs": "27"}, {"firstvs": "28", "id": "13-28", "lastvs": "29"}, {"firstvs": "30", "id": "13-00", "lastvs": "31"}]