[{"id": "01", "tn": [{"ref": "He did what was evil in the sight of Yahweh", "text": "See how you translated this in [[:en:bible:notes:2ch:14:01|14:2]]"}, {"ref": "like the disgusting things of the nations whom Yahweh had driven out before the people of Israel", "text": "AT: \"as did the other people groups whom Yahweh caused to be defeated by the people of Israel.\" (See: [[:en:ta:vol2:translate:figs_ellipsis]])"}]}, {"id": "04", "tn": [{"ref": "my name will be placed", "text": "AT: \"I will make myself known to people\" (See: [[:en:ta:vol2:translate:figs_metonymy]])"}, {"ref": "he put his sons into the fire", "text": "This refers to the practice of burning children alive as sacrifices to idols. (See: [[:en:ta:vol1:translate:figs_idiom]])"}, {"ref": "Valley of Ben Hinnom", "text": "A place near Jerusalem also known as Gehenna."}]}, {"id": "07", "tn": [{"ref": "Judah and the inhabitants of Jerusalem", "text": "AT: \"the people of Judah and Jerusalem\" (See: [[:en:ta:vol2:translate:figs_synecdoche]])"}]}, {"id": "10", "tn": [{"ref": "brought on them", "text": "AT: \"brought about an attack on them by\" (See: [[:en:ta:vol2:translate:figs_ellipsis]])"}, {"ref": "took Manasseh in chains, bound him with fetters, and took him off to Babylon.", "text": "AT: \"siezed Manasseh and took him as a prisoner to Babylon.\" (See: [[:en:ta:vol2:translate:figs_metonymy]])"}]}, {"id": "12", "tn": [{"ref": "He prayed to him; and God was begged by him", "text": "The second phrase intensifies the first phrase and emphasizes the earnestness of Manasseh's prayer. AT: \"He prayed to God and begged God.\" (See: [[:en:ta:vol2:translate:figs_doublet]] and [[:en:ta:vol2:translate:figs_activepassive]])"}, {"ref": "into his kingship", "text": "This means \"to rule again over the nation.\""}]}, {"id": "14", "tn": [{"ref": "General Information:", "text": "See: [[:en:ta:vol1:translate:translate_names]]"}, {"ref": "the foreign gods", "text": "AT: \"the false gods from other countries\""}]}, {"id": "16", "tn": [{"ref": "he commanded Judah", "text": "AT: \"he commanded the people of Judah\" (See: [[:en:ta:vol2:translate:figs_synecdoche]])"}]}, {"id": "18", "tn": [{"ref": "written among the deeds of the kings of Israel", "text": "This in account of the history of Israel that no longer exists."}, {"ref": "the Chronicles of the Seers", "text": "This is a book that no longer exists."}, {"ref": "So Manasseh slept with his ancestors, and they buried him", "text": "AT: \"So Manasseh died, and his family buried him\" (See: [[:en:ta:vol2:translate:figs_euphemism]])"}, {"ref": "Amon", "text": "(See: [[:en:ta:vol1:translate:translate_names]])"}]}, {"id": "21", "tn": [{"ref": "He did what was evil in the sight of Yahweh", "text": "See how you translated this in [[:en:bible:notes:2ch:14:01|14:2]]"}, {"ref": "this same Amon trespassed more and more", "text": "AT: \"Amon sinned more\""}]}, {"id": "24", "tn": [{"ref": "conspired", "text": "AT: \"planned in secret\""}]}]