[{"id": "01", "tn": [{"ref": "General Information:", "text": "See: [[:en:ta:vol2:translate:translate_numbers]] and [[:en:ta:vol1:translate:translate_names]]"}]}, {"id": "06", "tn": [{"ref": "General Information:", "text": "See: [[:en:ta:vol1:translate:translate_names]]"}, {"ref": "were compelled to move", "text": "\"needed to move\" or \"had to move\""}]}, {"id": "08", "tn": [{"ref": "Shaharaim ... Jobab ... Zibia ... Mesha ... Malcam ... Jeuz ... Shachia ... Mirmah ... Abitub ... Elpaal", "text": "These are names of men. (See: [[:en:ta:vol1:translate:translate_names]])"}, {"ref": "Hushim ... Baara ... Hodesh", "text": "These are names of women."}, {"ref": "By his wife Hodesh, Shaharaim became the father of", "text": "AT: \"Shaharaim and his wife Hodesh had the following sons:\""}]}, {"id": "12", "tn": [{"ref": "Elpaal ... Eber ... Misham ... Shemed ... Beriah ... Shema", "text": "These are names of men. (See: [[:en:ta:vol1:translate:translate_names]])"}, {"ref": "Ono ... Lod ... Aijalon", "text": "These are names of places."}]}, {"id": "14", "tn": [{"ref": "General Information:", "text": "See: [[:en:ta:vol1:translate:translate_names]]"}, {"ref": "Elpaal ... and Jobab", "text": "The information in [[:en:bible:notes:1ch:08:14|8:17-18]] has been rearranged so its meaning can be more easily understood. (See: [[:en:ta:vol2:translate:translate_versebridge]])"}]}, {"id": "19", "tn": [{"ref": "General Information:", "text": "The information in [[:en:bible:notes:1ch:08:19|8:19-21]] has been rearranged so its meaning can be more easily understood. (See: [[:en:ta:vol2:translate:translate_versebridge]] and [[:en:ta:vol1:translate:translate_names]])"}]}, {"id": "22", "tn": [{"ref": "General Information:", "text": "The information in [[:en:bible:notes:1ch:08:22|8:22-25]] has been rearranged so its meaning can be more easily understood. (See: [[:en:ta:vol2:translate:translate_versebridge]] and [[:en:ta:vol1:translate:translate_names]])"}]}, {"id": "26", "tn": [{"ref": "General Information:", "text": "See: [[:en:ta:vol1:translate:translate_names]]"}, {"ref": "These were heads of clans and leaders", "text": "The words \"heads of clans\" and \"leaders\" mean the same thing. (See: [[:en:ta:vol2:translate:figs_doublet]])"}]}, {"id": "29", "tn": [{"ref": "General Information:", "text": "See: [[:en:ta:vol1:translate:translate_names]]"}, {"ref": "The father of Gibeon, Jeiel, whose wife's name was Maacah, lived in Gibeon", "text": "Here \"father of\" refers to Jewels' status as the leading person in the city of Gibeon. AT: \"Jeiel, the leader of Gibeon, lived in Gibeon. His wife's name was Maacah\" (See: [[:en:ta:vol1:translate:figs_idiom]])"}, {"ref": "His firstborn", "text": "\"Jeiel's firstborn\""}]}, {"id": "32", "tn": [{"ref": "General Information:", "text": "See: [[:en:ta:vol1:translate:translate_names]]"}]}, {"id": "35", "tn": [{"ref": "General Information:", "text": "See: [[:en:ta:vol1:translate:translate_names]]"}]}, {"id": "38", "tn": [{"ref": "General Information:", "text": "See: [[:en:ta:vol1:translate:translate_names]] and [[:en:ta:vol2:translate:translate_numbers]]"}, {"ref": "Jeush the second, and Eliphelet the third", "text": "AT: \"Jeush the 2nd son, and Eliphelet the 3rd son\" (See: [[:en:ta:vol2:translate:translate_ordinal]])"}, {"ref": "They had many sons and grandsons, a total of 150", "text": "AT: \"They had a total of one hundred fifty sons and grandsons\""}]}]