[{"id": "01", "tn": [{"ref": "treasuries", "text": "This is an area where things are kept or stored."}]}, {"id": "02", "tn": [{"ref": "at the feast, which was in the seventh month", "text": "This is the Festival of Shelters which is on the fifteenth day of the seventh month of the Hebrew calendar. This is near the beginning of October on Western calendars. (See: [[:en:ta:vol2:translate:translate_hebrewmonths]] and [[:en:ta:vol2:translate:translate_ordinal]] and [[:en:ta:vol1:translate:figs_explicit]])"}]}, {"id": "04", "tn": [{"ref": "furnishing", "text": "See how you translated this in [[:en:bible:notes:2ch:04:19|4:19]]"}, {"ref": "sheep and oxen that could not be counted", "text": "AT: \"many sheep and oxen\" (See: [[:en:ta:vol2:translate:figs_hyperbole]])"}]}, {"id": "07", "tn": [{"ref": "to its place", "text": "AT: \"to its appointed place\""}]}, {"id": "09", "tn": [{"ref": "to this day", "text": "This refers to a time when the book of 2 Chronicles was written. (See: [[:en:ta:vol1:translate:figs_idiom]])"}]}, {"id": "11", "tn": [{"ref": "Asaph, Heman, Jeduthun", "text": "The same three led the worship when David moved the ark to Jerusalem. David later appointed them as the temple musicians. (See: [[:en:ta:vol1:translate:translate_names]])"}, {"ref": "sons and brothers", "text": "AT: \"their relatives\" or \"their descendants\""}, {"ref": "cymbals", "text": "two thin, round metal plates that are hit together to make a loud sound (See: [[:en:ta:vol1:translate:translate_unknown]])"}]}, {"id": "13", "tn": [{"ref": "raised their voices", "text": "AT: \"they sang\" (See: [[:en:ta:vol1:translate:figs_metaphor]])"}, {"ref": "cymbals", "text": "See how you translated this in [[:en:bible:notes:2ch:05:11|5:12]]."}]}]