[{"firstvs": "1", "id": "01-01", "lastvs": "4"}, {"firstvs": "5", "id": "01-05", "lastvs": "7"}, {"firstvs": "8", "id": "01-08", "lastvs": "10"}, {"firstvs": "11", "id": "01-11", "lastvs": "12"}, {"firstvs": "13", "id": "01-13", "lastvs": "16"}, {"firstvs": "17", "id": "01-17", "lastvs": "19"}, {"firstvs": "20", "id": "01-20", "lastvs": "23"}, {"firstvs": "24", "id": "01-24", "lastvs": "27"}, {"firstvs": "28", "id": "01-28", "lastvs": "31"}, {"firstvs": "32", "id": "01-32", "lastvs": "33"}, {"firstvs": "34", "id": "01-34", "lastvs": "37"}, {"firstvs": "38", "id": "01-38", "lastvs": "40"}, {"firstvs": "41", "id": "01-41", "lastvs": "42"}, {"firstvs": "43", "id": "01-43", "lastvs": "45"}, {"firstvs": "46", "id": "01-46", "lastvs": "48"}, {"firstvs": "49", "id": "01-49", "lastvs": "50"}, {"firstvs": "51", "id": "01-51", "lastvs": "54"}, {"firstvs": "1", "id": "02-01", "lastvs": "2"}, {"firstvs": "3", "id": "02-03", "lastvs": "4"}, {"firstvs": "5", "id": "02-05", "lastvs": "8"}, {"firstvs": "9", "id": "02-09", "lastvs": "12"}, {"firstvs": "13", "id": "02-13", "lastvs": "15"}, {"firstvs": "16", "id": "02-16", "lastvs": "17"}, {"firstvs": "18", "id": "02-18", "lastvs": "20"}, {"firstvs": "21", "id": "02-21", "lastvs": "22"}, {"firstvs": "23", "id": "02-23", "lastvs": "24"}, {"firstvs": "25", "id": "02-25", "lastvs": "28"}, {"firstvs": "29", "id": "02-29", "lastvs": "33"}, {"firstvs": "34", "id": "02-34", "lastvs": "35"}, {"firstvs": "36", "id": "02-36", "lastvs": "38"}, {"firstvs": "39", "id": "02-39", "lastvs": "41"}, {"firstvs": "42", "id": "02-42", "lastvs": "44"}, {"firstvs": "45", "id": "02-45", "lastvs": "47"}, {"firstvs": "48", "id": "02-48", "lastvs": "50"}, {"firstvs": "51", "id": "02-51", "lastvs": "51"}, {"firstvs": "52", "id": "02-52", "lastvs": "53"}, {"firstvs": "54", "id": "02-54", "lastvs": "55"}, {"firstvs": "1", "id": "03-01", "lastvs": "3"}, {"firstvs": "4", "id": "03-04", "lastvs": "5"}, {"firstvs": "6", "id": "03-06", "lastvs": "9"}, {"firstvs": "10", "id": "03-10", "lastvs": "12"}, {"firstvs": "13", "id": "03-13", "lastvs": "14"}, {"firstvs": "15", "id": "03-15", "lastvs": "16"}, {"firstvs": "17", "id": "03-17", "lastvs": "18"}, {"firstvs": "19", "id": "03-19", "lastvs": "21"}, {"firstvs": "22", "id": "03-22", "lastvs": "24"}, {"firstvs": "1", "id": "04-01", "lastvs": "2"}, {"firstvs": "3", "id": "04-03", "lastvs": "4"}, {"firstvs": "5", "id": "04-05", "lastvs": "8"}, {"firstvs": "9", "id": "04-09", "lastvs": "10"}, {"firstvs": "11", "id": "04-11", "lastvs": "12"}, {"firstvs": "13", "id": "04-13", "lastvs": "16"}, {"firstvs": "17", "id": "04-17", "lastvs": "17"}, {"firstvs": "19", "id": "04-19", "lastvs": "20"}, {"firstvs": "21", "id": "04-21", "lastvs": "23"}, {"firstvs": "24", "id": "04-24", "lastvs": "26"}, {"firstvs": "27", "id": "04-27", "lastvs": "28"}, {"firstvs": "29", "id": "04-29", "lastvs": "31"}, {"firstvs": "32", "id": "04-32", "lastvs": "33"}, {"firstvs": "34", "id": "04-34", "lastvs": "38"}, {"firstvs": "39", "id": "04-39", "lastvs": "41"}, {"firstvs": "42", "id": "04-42", "lastvs": "43"}, {"firstvs": "1", "id": "05-01", "lastvs": "3"}, {"firstvs": "4", "id": "05-04", "lastvs": "6"}, {"firstvs": "7", "id": "05-07", "lastvs": "9"}, {"firstvs": "10", "id": "05-10", "lastvs": "10"}, {"firstvs": "11", "id": "05-11", "lastvs": "13"}, {"firstvs": "14", "id": "05-14", "lastvs": "15"}, {"firstvs": "16", "id": "05-16", "lastvs": "17"}, {"firstvs": "18", "id": "05-18", "lastvs": "19"}, {"firstvs": "20", "id": "05-20", "lastvs": "22"}, {"firstvs": "23", "id": "05-23", "lastvs": "24"}, {"firstvs": "25", "id": "05-25", "lastvs": "26"}, {"firstvs": "1", "id": "06-01", "lastvs": "3"}, {"firstvs": "4", "id": "06-04", "lastvs": "6"}, {"firstvs": "7", "id": "06-07", "lastvs": "9"}, {"firstvs": "10", "id": "06-10", "lastvs": "12"}, {"firstvs": "13", "id": "06-13", "lastvs": "15"}, {"firstvs": "16", "id": "06-16", "lastvs": "18"}, {"firstvs": "19", "id": "06-19", "lastvs": "21"}, {"firstvs": "22", "id": "06-22", "lastvs": "24"}, {"firstvs": "25", "id": "06-25", "lastvs": "27"}, {"firstvs": "28", "id": "06-28", "lastvs": "30"}, {"firstvs": "31", "id": "06-31", "lastvs": "32"}, {"firstvs": "33", "id": "06-33", "lastvs": "35"}, {"firstvs": "36", "id": "06-36", "lastvs": "38"}, {"firstvs": "39", "id": "06-39", "lastvs": "43"}, {"firstvs": "44", "id": "06-44", "lastvs": "47"}, {"firstvs": "48", "id": "06-48", "lastvs": "48"}, {"firstvs": "49", "id": "06-49", "lastvs": "49"}, {"firstvs": "50", "id": "06-50", "lastvs": "53"}, {"firstvs": "54", "id": "06-54", "lastvs": "56"}, {"firstvs": "57", "id": "06-57", "lastvs": "58"}, {"firstvs": "59", "id": "06-59", "lastvs": "60"}, {"firstvs": "61", "id": "06-61", "lastvs": "62"}, {"firstvs": "63", "id": "06-63", "lastvs": "65"}, {"firstvs": "66", "id": "06-66", "lastvs": "69"}, {"firstvs": "70", "id": "06-70", "lastvs": "70"}, {"firstvs": "71", "id": "06-71", "lastvs": "73"}, {"firstvs": "74", "id": "06-74", "lastvs": "76"}, {"firstvs": "77", "id": "06-77", "lastvs": "78"}, {"firstvs": "80", "id": "06-80", "lastvs": "81"}, {"firstvs": "1", "id": "07-01", "lastvs": "3"}, {"firstvs": "4", "id": "07-04", "lastvs": "5"}, {"firstvs": "6", "id": "07-06", "lastvs": "7"}, {"firstvs": "8", "id": "07-08", "lastvs": "10"}, {"firstvs": "11", "id": "07-11", "lastvs": "12"}, {"firstvs": "13", "id": "07-13", "lastvs": "13"}, {"firstvs": "14", "id": "07-14", "lastvs": "16"}, {"firstvs": "17", "id": "07-17", "lastvs": "19"}, {"firstvs": "20", "id": "07-20", "lastvs": "22"}, {"firstvs": "23", "id": "07-23", "lastvs": "24"}, {"firstvs": "25", "id": "07-25", "lastvs": "27"}, {"firstvs": "28", "id": "07-28", "lastvs": "29"}, {"firstvs": "30", "id": "07-30", "lastvs": "32"}, {"firstvs": "33", "id": "07-33", "lastvs": "35"}, {"firstvs": "36", "id": "07-36", "lastvs": "38"}, {"firstvs": "39", "id": "07-39", "lastvs": "40"}, {"firstvs": "1", "id": "08-01", "lastvs": "5"}, {"firstvs": "6", "id": "08-06", "lastvs": "7"}, {"firstvs": "8", "id": "08-08", "lastvs": "11"}, {"firstvs": "12", "id": "08-12", "lastvs": "13"}, {"firstvs": "14", "id": "08-14", "lastvs": "17"}, {"firstvs": "19", "id": "08-19", "lastvs": "19"}, {"firstvs": "22", "id": "08-22", "lastvs": "22"}, {"firstvs": "26", "id": "08-26", "lastvs": "28"}, {"firstvs": "29", "id": "08-29", "lastvs": "31"}, {"firstvs": "32", "id": "08-32", "lastvs": "34"}, {"firstvs": "35", "id": "08-35", "lastvs": "37"}, {"firstvs": "38", "id": "08-38", "lastvs": "40"}, {"firstvs": "1", "id": "09-01", "lastvs": "3"}, {"firstvs": "4", "id": "09-04", "lastvs": "6"}, {"firstvs": "7", "id": "09-07", "lastvs": "9"}, {"firstvs": "10", "id": "09-10", "lastvs": "11"}, {"firstvs": "12", "id": "09-12", "lastvs": "13"}, {"firstvs": "14", "id": "09-14", "lastvs": "16"}, {"firstvs": "17", "id": "09-17", "lastvs": "19"}, {"firstvs": "20", "id": "09-20", "lastvs": "21"}, {"firstvs": "22", "id": "09-22", "lastvs": "24"}, {"firstvs": "25", "id": "09-25", "lastvs": "27"}, {"firstvs": "28", "id": "09-28", "lastvs": "29"}, {"firstvs": "30", "id": "09-30", "lastvs": "32"}, {"firstvs": "33", "id": "09-33", "lastvs": "34"}, {"firstvs": "35", "id": "09-35", "lastvs": "37"}, {"firstvs": "38", "id": "09-38", "lastvs": "40"}, {"firstvs": "41", "id": "09-41", "lastvs": "44"}, {"firstvs": "1", "id": "10-01", "lastvs": "3"}, {"firstvs": "4", "id": "10-04", "lastvs": "4"}, {"firstvs": "5", "id": "10-05", "lastvs": "6"}, {"firstvs": "7", "id": "10-07", "lastvs": "8"}, {"firstvs": "9", "id": "10-09", "lastvs": "10"}, {"firstvs": "11", "id": "10-11", "lastvs": "12"}, {"firstvs": "13", "id": "10-13", "lastvs": "14"}, {"firstvs": "1", "id": "11-01", "lastvs": "3"}, {"firstvs": "4", "id": "11-04", "lastvs": "6"}, {"firstvs": "7", "id": "11-07", "lastvs": "9"}, {"firstvs": "10", "id": "11-10", "lastvs": "11"}, {"firstvs": "12", "id": "11-12", "lastvs": "14"}, {"firstvs": "15", "id": "11-15", "lastvs": "17"}, {"firstvs": "18", "id": "11-18", "lastvs": "19"}, {"firstvs": "20", "id": "11-20", "lastvs": "21"}, {"firstvs": "22", "id": "11-22", "lastvs": "23"}, {"firstvs": "24", "id": "11-24", "lastvs": "25"}, {"firstvs": "26", "id": "11-26", "lastvs": "29"}, {"firstvs": "30", "id": "11-30", "lastvs": "33"}, {"firstvs": "34", "id": "11-34", "lastvs": "37"}, {"firstvs": "38", "id": "11-38", "lastvs": "41"}, {"firstvs": "42", "id": "11-42", "lastvs": "44"}, {"firstvs": "45", "id": "11-45", "lastvs": "47"}, {"firstvs": "1", "id": "12-01", "lastvs": "2"}, {"firstvs": "3", "id": "12-03", "lastvs": "4"}, {"firstvs": "5", "id": "12-05", "lastvs": "7"}, {"firstvs": "8", "id": "12-08", "lastvs": "8"}, {"firstvs": "9", "id": "12-09", "lastvs": "13"}, {"firstvs": "14", "id": "12-14", "lastvs": "15"}, {"firstvs": "16", "id": "12-16", "lastvs": "17"}, {"firstvs": "18", "id": "12-18", "lastvs": "18"}, {"firstvs": "19", "id": "12-19", "lastvs": "20"}, {"firstvs": "21", "id": "12-21", "lastvs": "22"}, {"firstvs": "23", "id": "12-23", "lastvs": "25"}, {"firstvs": "26", "id": "12-26", "lastvs": "28"}, {"firstvs": "29", "id": "12-29", "lastvs": "31"}, {"firstvs": "32", "id": "12-32", "lastvs": "33"}, {"firstvs": "34", "id": "12-34", "lastvs": "35"}, {"firstvs": "36", "id": "12-36", "lastvs": "37"}, {"firstvs": "38", "id": "12-38", "lastvs": "40"}, {"firstvs": "1", "id": "13-01", "lastvs": "4"}, {"firstvs": "5", "id": "13-05", "lastvs": "6"}, {"firstvs": "7", "id": "13-07", "lastvs": "8"}, {"firstvs": "9", "id": "13-09", "lastvs": "11"}, {"firstvs": "12", "id": "13-12", "lastvs": "14"}, {"firstvs": "1", "id": "14-01", "lastvs": "2"}, {"firstvs": "3", "id": "14-03", "lastvs": "7"}, {"firstvs": "8", "id": "14-08", "lastvs": "9"}, {"firstvs": "10", "id": "14-10", "lastvs": "12"}, {"firstvs": "13", "id": "14-13", "lastvs": "14"}, {"firstvs": "15", "id": "14-15", "lastvs": "17"}, {"firstvs": "1", "id": "15-01", "lastvs": "3"}, {"firstvs": "4", "id": "15-04", "lastvs": "6"}, {"firstvs": "7", "id": "15-07", "lastvs": "10"}, {"firstvs": "11", "id": "15-11", "lastvs": "12"}, {"firstvs": "13", "id": "15-13", "lastvs": "15"}, {"firstvs": "16", "id": "15-16", "lastvs": "18"}, {"firstvs": "19", "id": "15-19", "lastvs": "21"}, {"firstvs": "22", "id": "15-22", "lastvs": "24"}, {"firstvs": "25", "id": "15-25", "lastvs": "26"}, {"firstvs": "27", "id": "15-27", "lastvs": "28"}, {"firstvs": "29", "id": "15-29", "lastvs": "29"}, {"firstvs": "1", "id": "16-01", "lastvs": "3"}, {"firstvs": "4", "id": "16-04", "lastvs": "6"}, {"firstvs": "7", "id": "16-07", "lastvs": "9"}, {"firstvs": "10", "id": "16-10", "lastvs": "11"}, {"firstvs": "12", "id": "16-12", "lastvs": "14"}, {"firstvs": "15", "id": "16-15", "lastvs": "18"}, {"firstvs": "19", "id": "16-19", "lastvs": "22"}, {"firstvs": "23", "id": "16-23", "lastvs": "24"}, {"firstvs": "25", "id": "16-25", "lastvs": "27"}, {"firstvs": "28", "id": "16-28", "lastvs": "29"}, {"firstvs": "30", "id": "16-30", "lastvs": "31"}, {"firstvs": "32", "id": "16-32", "lastvs": "33"}, {"firstvs": "34", "id": "16-34", "lastvs": "35"}, {"firstvs": "36", "id": "16-36", "lastvs": "36"}, {"firstvs": "37", "id": "16-37", "lastvs": "39"}, {"firstvs": "40", "id": "16-40", "lastvs": "41"}, {"firstvs": "42", "id": "16-42", "lastvs": "43"}, {"firstvs": "1", "id": "17-01", "lastvs": "2"}, {"firstvs": "3", "id": "17-03", "lastvs": "6"}, {"firstvs": "7", "id": "17-07", "lastvs": "8"}, {"firstvs": "9", "id": "17-09", "lastvs": "10"}, {"firstvs": "11", "id": "17-11", "lastvs": "12"}, {"firstvs": "13", "id": "17-13", "lastvs": "15"}, {"firstvs": "16", "id": "17-16", "lastvs": "18"}, {"firstvs": "19", "id": "17-19", "lastvs": "21"}, {"firstvs": "22", "id": "17-22", "lastvs": "24"}, {"firstvs": "25", "id": "17-25", "lastvs": "27"}, {"firstvs": "1", "id": "18-01", "lastvs": "2"}, {"firstvs": "3", "id": "18-03", "lastvs": "4"}, {"firstvs": "5", "id": "18-05", "lastvs": "6"}, {"firstvs": "7", "id": "18-07", "lastvs": "8"}, {"firstvs": "9", "id": "18-09", "lastvs": "11"}, {"firstvs": "12", "id": "18-12", "lastvs": "13"}, {"firstvs": "14", "id": "18-14", "lastvs": "17"}, {"firstvs": "1", "id": "19-01", "lastvs": "3"}, {"firstvs": "4", "id": "19-04", "lastvs": "5"}, {"firstvs": "6", "id": "19-06", "lastvs": "7"}, {"firstvs": "8", "id": "19-08", "lastvs": "9"}, {"firstvs": "10", "id": "19-10", "lastvs": "11"}, {"firstvs": "12", "id": "19-12", "lastvs": "13"}, {"firstvs": "14", "id": "19-14", "lastvs": "15"}, {"firstvs": "16", "id": "19-16", "lastvs": "17"}, {"firstvs": "18", "id": "19-18", "lastvs": "19"}, {"firstvs": "1", "id": "20-01", "lastvs": "1"}, {"firstvs": "2", "id": "20-02", "lastvs": "3"}, {"firstvs": "4", "id": "20-04", "lastvs": "5"}, {"firstvs": "6", "id": "20-06", "lastvs": "8"}, {"firstvs": "1", "id": "21-01", "lastvs": "3"}, {"firstvs": "4", "id": "21-04", "lastvs": "5"}, {"firstvs": "6", "id": "21-06", "lastvs": "8"}, {"firstvs": "9", "id": "21-09", "lastvs": "10"}, {"firstvs": "11", "id": "21-11", "lastvs": "12"}, {"firstvs": "13", "id": "21-13", "lastvs": "15"}, {"firstvs": "16", "id": "21-16", "lastvs": "17"}, {"firstvs": "18", "id": "21-18", "lastvs": "20"}, {"firstvs": "21", "id": "21-21", "lastvs": "22"}, {"firstvs": "23", "id": "21-23", "lastvs": "24"}, {"firstvs": "25", "id": "21-25", "lastvs": "27"}, {"firstvs": "28", "id": "21-28", "lastvs": "30"}, {"firstvs": "1", "id": "22-01", "lastvs": "2"}, {"firstvs": "3", "id": "22-03", "lastvs": "5"}, {"firstvs": "6", "id": "22-06", "lastvs": "8"}, {"firstvs": "9", "id": "22-09", "lastvs": "10"}, {"firstvs": "11", "id": "22-11", "lastvs": "13"}, {"firstvs": "14", "id": "22-14", "lastvs": "14"}, {"firstvs": "15", "id": "22-15", "lastvs": "16"}, {"firstvs": "17", "id": "22-17", "lastvs": "19"}, {"firstvs": "1", "id": "23-01", "lastvs": "3"}, {"firstvs": "4", "id": "23-04", "lastvs": "6"}, {"firstvs": "7", "id": "23-07", "lastvs": "9"}, {"firstvs": "10", "id": "23-10", "lastvs": "11"}, {"firstvs": "12", "id": "23-12", "lastvs": "14"}, {"firstvs": "15", "id": "23-15", "lastvs": "18"}, {"firstvs": "19", "id": "23-19", "lastvs": "20"}, {"firstvs": "21", "id": "23-21", "lastvs": "23"}, {"firstvs": "24", "id": "23-24", "lastvs": "26"}, {"firstvs": "27", "id": "23-27", "lastvs": "29"}, {"firstvs": "30", "id": "23-30", "lastvs": "31"}, {"firstvs": "32", "id": "23-32", "lastvs": "32"}, {"firstvs": "1", "id": "24-01", "lastvs": "3"}, {"firstvs": "4", "id": "24-04", "lastvs": "5"}, {"firstvs": "6", "id": "24-06", "lastvs": "6"}, {"firstvs": "7", "id": "24-07", "lastvs": "10"}, {"firstvs": "11", "id": "24-11", "lastvs": "14"}, {"firstvs": "15", "id": "24-15", "lastvs": "18"}, {"firstvs": "19", "id": "24-19", "lastvs": "19"}, {"firstvs": "20", "id": "24-20", "lastvs": "22"}, {"firstvs": "23", "id": "24-23", "lastvs": "25"}, {"firstvs": "26", "id": "24-26", "lastvs": "28"}, {"firstvs": "29", "id": "24-29", "lastvs": "31"}, {"firstvs": "1", "id": "25-01", "lastvs": "3"}, {"firstvs": "4", "id": "25-04", "lastvs": "5"}, {"firstvs": "6", "id": "25-06", "lastvs": "8"}, {"firstvs": "9", "id": "25-09", "lastvs": "12"}, {"firstvs": "13", "id": "25-13", "lastvs": "16"}, {"firstvs": "17", "id": "25-17", "lastvs": "20"}, {"firstvs": "21", "id": "25-21", "lastvs": "24"}, {"firstvs": "25", "id": "25-25", "lastvs": "28"}, {"firstvs": "29", "id": "25-29", "lastvs": "31"}, {"firstvs": "1", "id": "26-01", "lastvs": "3"}, {"firstvs": "4", "id": "26-04", "lastvs": "6"}, {"firstvs": "7", "id": "26-07", "lastvs": "9"}, {"firstvs": "10", "id": "26-10", "lastvs": "11"}, {"firstvs": "12", "id": "26-12", "lastvs": "14"}, {"firstvs": "15", "id": "26-15", "lastvs": "16"}, {"firstvs": "17", "id": "26-17", "lastvs": "19"}, {"firstvs": "20", "id": "26-20", "lastvs": "22"}, {"firstvs": "23", "id": "26-23", "lastvs": "25"}, {"firstvs": "26", "id": "26-26", "lastvs": "28"}, {"firstvs": "29", "id": "26-29", "lastvs": "30"}, {"firstvs": "31", "id": "26-31", "lastvs": "32"}, {"firstvs": "1", "id": "27-01", "lastvs": "3"}, {"firstvs": "4", "id": "27-04", "lastvs": "6"}, {"firstvs": "7", "id": "27-07", "lastvs": "9"}, {"firstvs": "10", "id": "27-10", "lastvs": "12"}, {"firstvs": "13", "id": "27-13", "lastvs": "15"}, {"firstvs": "16", "id": "27-16", "lastvs": "18"}, {"firstvs": "19", "id": "27-19", "lastvs": "22"}, {"firstvs": "23", "id": "27-23", "lastvs": "24"}, {"firstvs": "25", "id": "27-25", "lastvs": "27"}, {"firstvs": "28", "id": "27-28", "lastvs": "29"}, {"firstvs": "30", "id": "27-30", "lastvs": "31"}, {"firstvs": "32", "id": "27-32", "lastvs": "34"}, {"firstvs": "1", "id": "28-01", "lastvs": "1"}, {"firstvs": "2", "id": "28-02", "lastvs": "3"}, {"firstvs": "4", "id": "28-04", "lastvs": "5"}, {"firstvs": "6", "id": "28-06", "lastvs": "7"}, {"firstvs": "8", "id": "28-08", "lastvs": "8"}, {"firstvs": "9", "id": "28-09", "lastvs": "10"}, {"firstvs": "11", "id": "28-11", "lastvs": "12"}, {"firstvs": "13", "id": "28-13", "lastvs": "15"}, {"firstvs": "16", "id": "28-16", "lastvs": "17"}, {"firstvs": "18", "id": "28-18", "lastvs": "19"}, {"firstvs": "20", "id": "28-20", "lastvs": "21"}, {"firstvs": "1", "id": "29-01", "lastvs": "2"}, {"firstvs": "3", "id": "29-03", "lastvs": "5"}, {"firstvs": "6", "id": "29-06", "lastvs": "7"}, {"firstvs": "8", "id": "29-08", "lastvs": "9"}, {"firstvs": "10", "id": "29-10", "lastvs": "11"}, {"firstvs": "12", "id": "29-12", "lastvs": "13"}, {"firstvs": "14", "id": "29-14", "lastvs": "15"}, {"firstvs": "16", "id": "29-16", "lastvs": "17"}, {"firstvs": "18", "id": "29-18", "lastvs": "19"}, {"firstvs": "20", "id": "29-20", "lastvs": "21"}, {"firstvs": "22", "id": "29-22", "lastvs": "23"}, {"firstvs": "24", "id": "29-24", "lastvs": "25"}, {"firstvs": "26", "id": "29-26", "lastvs": "28"}, {"firstvs": "29", "id": "29-00", "lastvs": "30"}]