[{"id": "01", "tn": [{"ref": "Nahash ... Hanun", "text": "These are the names of men. (See: [[:en:ta:vol1:translate:translate_names]])"}, {"ref": "I will show kindness ... showed kindness", "text": "AT: \"I will be kind ... was kind\""}, {"ref": "console", "text": "\"comfort\""}, {"ref": "Do you think that David is honoring your father because he has sent men to comfort you?", "text": "AT: \"You should not think that David is honoring your father because he has sent men to comfort you.\" (See: [[:en:ta:vol1:translate:figs_rquestion]])"}, {"ref": "Do not his servants come to you to explore and examine the land in order to overthrow it?", "text": "AT: \"Surely his servants come to you to explore the land in order to overthrow it.\" (See: [[:en:ta:vol1:translate:figs_rquestion]])"}]}, {"id": "04", "tn": [{"ref": "garments", "text": "\"clothes\""}, {"ref": "he sent to meet with them", "text": "\"he sent some messengers to encourage them\" (See: [[:en:ta:vol2:translate:figs_metonymy]])"}, {"ref": "deeply ashamed", "text": "Shame is described as deep to show that it has greatly affected them. AT: \"very ashamed\" (See: [[:en:ta:vol1:translate:figs_idiom]])"}]}, {"id": "06", "tn": [{"ref": "become a stench to David", "text": "The word \"stench\" refers to a bad smell. This describes the Ammonites as something unpleasant and unwanted. (See: [[:en:ta:vol1:translate:figs_metaphor]])"}, {"ref": "a thousand talents", "text": "\"1,000 talents\" (See: [[:en:ta:vol2:translate:translate_numbers]])"}, {"ref": "talents", "text": "(See: [[:en:ta:vol2:translate:translate_bmoney]])"}, {"ref": "Naharaim ... Maacah ... Zobah ... Medeba", "text": "These are the names of cities. (See: [[:en:ta:vol1:translate:translate_names]])"}]}, {"id": "08", "tn": [{"ref": "heard of it", "text": "\"heard that the Ammonites were coming out for war\""}, {"ref": "to meet them", "text": "\"to fight against them\""}]}, {"id": "10", "tn": [{"ref": "Abishai", "text": "This is the name of Joab's brother. (See: [[:en:ta:vol1:translate:translate_names]])"}]}, {"id": "12", "tn": [{"ref": "Be strong", "text": "\"Be brave\""}, {"ref": "let us show ourselves to be strong", "text": "AT: \"let us behave boldly\"."}]}, {"id": "14", "tn": [{"ref": "advanced to the battle", "text": "AT: \"moved forward to the battle\" or \"approached the enemy soldiers in the battle\""}]}, {"id": "16", "tn": [{"ref": "the Arameans saw", "text": "\"the Arameans understood\" (See: [[:en:ta:vol2:translate:figs_metonymy]])"}, {"ref": "reinforcements", "text": "\"more soliders\""}, {"ref": "Shophach ... Hadadezer", "text": "These are the names of men. (See: [[:en:ta:vol1:translate:translate_names]])"}, {"ref": "When David was told this", "text": "AT: When his messengers told David this (See: [[:en:ta:vol2:translate:figs_activepassive]])"}, {"ref": "arranged", "text": "\"organized\""}, {"ref": "they fought him", "text": "\"the Arameans fought David and his soldiers\""}]}, {"id": "18", "tn": [{"ref": "killed seven thousand", "text": "\" killed 7,000\" (See: [[:en:ta:vol2:translate:translate_numbers]])"}, {"ref": "forty thousand foot soldiers", "text": "\"40,000 foot soldiers\""}, {"ref": "Shophach ... Hadadezer", "text": "These are the names of men. (See: [[:en:ta:vol1:translate:translate_names]])"}]}]