[{"id": "01", "tn": [{"ref": "slept with his ancestors", "text": "AT: \"died\" (See: [[:en:ta:vol2:translate:figs_euphemism]])"}, {"ref": "city of David", "text": "This is the city of Jerusalem. (See: [[:en:ta:vol1:translate:figs_idiom]])"}, {"ref": "Azariah, Jehiel, Zechariah, Azariah, Michael, and Shephatiah", "text": "(See: [[:en:ta:vol1:translate:translate_names]])"}, {"ref": "Jehoshaphat, king of Israel", "text": "The southern kingdom was technically called \"Judah,\" but the writer of this book apparently wanted to make the point that the southern kingdom was, in its obedience to God, the true Israel."}, {"ref": "gave the throne", "text": "Jehoshaphat decided that Jehoram should be the king after he died (See: [[:en:ta:vol1:translate:figs_metaphor]])"}]}, {"id": "04", "tn": [{"ref": "risen up over his father's kingdom", "text": "AT: \"taken complete control over his father's kingdom\""}]}, {"id": "06", "tn": [{"ref": "walked in the ways", "text": "See how you translated this in [[:en:bible:notes:2ch:20:31|20:32]]"}, {"ref": "in the sight of Yahweh", "text": "AT: \"according to Yahweh\" (See: [[:en:ta:vol1:translate:figs_idiom]])"}, {"ref": "he had promised that he would always give life to him and his descendants", "text": "AT: \"he had promised that David's descendants would always be the ones who ruled Judah.\""}]}, {"id": "08", "tn": [{"ref": "In Jehoram's days", "text": "AT: \"While Jehoram was king\""}, {"ref": "from the control of Judah", "text": "\"against Judah's control\""}, {"ref": "crossed over", "text": "AT: \"crossed the border into Edom\""}, {"ref": "to this present day", "text": "See how you translated this in [[:en:bible:notes:2ch:05:09|5:9]]"}, {"ref": "Libnah", "text": "This was a town in Judah. (See: [[:en:ta:vol1:translate:translate_names]])"}]}, {"id": "12", "tn": [{"ref": "until your intestines fall out because of the sickness", "text": "AT: \"until this disease causes your death\" (See: [[:en:ta:vol1:translate:figs_metaphor]])"}]}, {"id": "16", "tn": [{"ref": "stirred up against Jehoram the spirits of the Philistines and of the Arabians", "text": "AT: \"caused the Philistines and Arabians to become very angry with Judah\""}]}, {"id": "18", "tn": [{"ref": "struck him in his intestines with an incurable disease", "text": "AT: \"gave him an incurable disease in his intestines\""}, {"ref": "in due time", "text": "AT: \"in the proper time\" or \"when the time was right\" (See: [[:en:ta:vol1:translate:figs_idiom]])"}, {"ref": "made no fire in his honor", "text": "AT: \"did not honor him with a bonfire\""}, {"ref": "unlamented", "text": "AT: \"without sadness\""}]}]