[{"id": "01", "tn": [{"ref": "Reuben ... Asher", "text": "These are all names of people. (See: [[:en:ta:vol1:translate:translate_names]])"}]}, {"id": "03", "tn": [{"ref": "General Information:", "text": "See: [[:en:ta:vol1:translate:translate_names]]"}, {"ref": "Yahweh", "text": "This is the name of God that he revealed to his people in the Old Testament. See the translationWord page about Yahweh concerning how to translate this."}, {"ref": "bore him Perez and Zerah", "text": "\"gave birth to his sons Perez and Zerah\""}, {"ref": "five sons", "text": "\"5 sons\" (See: [[:en:ta:vol2:translate:translate_numbers]])"}, {"ref": "in the sight of Yahweh", "text": "AT: \"according to Yahweh\""}, {"ref": "Yahweh killed him", "text": "This means that Yahweh allowed Er to be killed."}, {"ref": "daughter-in-law", "text": "in-law** - This is a reference to the wife of his son."}]}, {"id": "05", "tn": [{"ref": "General Information:", "text": "(See: [[:en:ta:vol1:translate:translate_names]] and [[:en:ta:vol2:translate:translate_numbers]])"}]}, {"id": "09", "tn": [{"ref": "General Information:", "text": "See: [[:en:ta:vol1:translate:translate_names]]"}]}, {"id": "13", "tn": [{"ref": "General Information:", "text": "See: [[:en:ta:vol1:translate:translate_names]]"}, {"ref": "the second ... the third", "text": "\"the second child ... the third child\" (See: [[:en:ta:vol2:translate:figs_ellipsis]])"}]}, {"id": "16", "tn": [{"ref": "General Information:", "text": "See: [[:en:ta:vol1:translate:translate_names]] and [[:en:ta:vol2:translate:translate_numbers]])"}, {"ref": "Jether the Ishmaelite", "text": "This means that Jether was a descendant of Ishmael."}]}, {"id": "18", "tn": [{"ref": "General Information:", "text": "See: [[:en:ta:vol1:translate:translate_names]]"}, {"ref": "bore him", "text": "AT: \"gave birth to\""}]}, {"id": "21", "tn": [{"ref": "General Information:", "text": "See: [[:en:ta:vol1:translate:translate_names]] and [[:en:ta:vol2:translate:translate_numbers]]"}, {"ref": "bore him", "text": "\"gave birth to\""}]}, {"id": "23", "tn": [{"ref": "General Information:", "text": "See: [[:en:ta:vol1:translate:translate_names]] and [[:en:ta:vol2:translate:translate_numbers]]"}, {"ref": "bore him", "text": "\"gave birth to\""}]}, {"id": "25", "tn": [{"ref": "General Information:", "text": "See: [[:en:ta:vol1:translate:translate_names]]"}, {"ref": "Atarah", "text": "This is the name of a woman."}]}, {"id": "29", "tn": [{"ref": "General Information:", "text": "See: [[:en:ta:vol1:translate:translate_names]]"}]}, {"id": "34", "tn": [{"ref": "General Information:", "text": "See: [[:en:ta:vol1:translate:translate_names]]"}, {"ref": "bore him", "text": "\"gave birth to\""}]}, {"id": "36", "tn": [{"ref": "General Information:", "text": "See: [[:en:ta:vol1:translate:translate_names]]"}]}, {"id": "39", "tn": [{"ref": "General Information:", "text": "See: [[:en:ta:vol1:translate:translate_names]]"}]}, {"id": "42", "tn": [{"ref": "General Information:", "text": "See: [[:en:ta:vol1:translate:translate_names]]"}, {"ref": "The sons of Caleb ... Mareshah", "text": "Different versions understand the relationships among these people in different ways. Some interpreters believe that \"the father of Hebron ... the father of Raham, the father of Jorkeam ... the father of Shammai\" means \"the founder of the clan of Hebron,\" etc. Some versions might employ this interpretation."}]}, {"id": "45", "tn": [{"ref": "General Information:", "text": "See: [[:en:ta:vol1:translate:translate_names]]"}]}, {"id": "48", "tn": [{"ref": "General Information:", "text": "See: [[:en:ta:vol1:translate:translate_names]]"}, {"ref": "bore", "text": "\"gave birth to\""}]}, {"id": "50", "tn": [{"ref": "General Information:", "text": "See: [[:en:ta:vol1:translate:translate_names]]"}]}, {"id": "52", "tn": [{"ref": "General Information:", "text": "See: [[:en:ta:vol1:translate:translate_names]]"}, {"ref": "Menuthite ... Ithrites, Puthites, Shumathites, and Mishraites. The Zorathites and Eshtaolites", "text": "These are the names of clans."}]}, {"id": "54", "tn": [{"ref": "Netophathites, Atroth Beth Joab ... Manahathites\u2014the Zorites ... Tirathites, Shimeathites, and Sucathites ... Kenites ... Rechabites", "text": "These are the names of clans. (See: [[:en:ta:vol1:translate:translate_names]])"}]}]