[{"id": "01", "tn": [{"ref": "General Information:", "text": "See: [[:en:ta:vol2:translate:translate_numbers]] and [[:en:ta:vol1:translate:translate_names]]"}, {"ref": "They numbered 22,600", "text": "\"There were twenty two thousand six hundred men\""}, {"ref": "in the days of David", "text": "AT: \"during David's life\""}]}, {"id": "04", "tn": [{"ref": "Along with them they had", "text": "AT: \"Among them were\""}, {"ref": "thirty-six thousand troops for battle", "text": "six thousand troops for battle** - \"36,000 soldiers who were ready for battle\" (See: [[:en:ta:vol2:translate:translate_numbers]])"}]}, {"id": "06", "tn": [{"ref": "General Information:", "text": "See: [[:en:ta:vol2:translate:translate_numbers]] and [[:en:ta:vol1:translate:translate_names]]"}, {"ref": "originators", "text": "\"fathers\" or \"ancestors\""}]}, {"id": "08", "tn": [{"ref": "General Information:", "text": "See: [[:en:ta:vol1:translate:translate_names]] and [[:en:ta:vol2:translate:translate_numbers]]"}]}, {"id": "11", "tn": [{"ref": "Jediael ... Ir ... Aher", "text": "These are names of men. (See: [[:en:ta:vol1:translate:translate_names]])"}, {"ref": "Listed in their clan lists were 17,200", "text": "\"The clan lists contained seventeen thousand two hundred\" (See: [[:en:ta:vol2:translate:translate_numbers]])"}, {"ref": "Shuppim ... Huppim ... Hushim", "text": "These are names of men. (See: [[:en:ta:vol1:translate:translate_names]])"}]}, {"id": "13", "tn": [{"ref": "Jahziel, Guni, Jezer, and Shallum", "text": "These are names of men. (See: [[:en:ta:vol1:translate:translate_names]])"}, {"ref": "Bilhah's grandsons", "text": "AT: \"the sons of Bilhah's son\""}]}, {"id": "14", "tn": [{"ref": "General Information:", "text": "See: [[:en:ta:vol1:translate:translate_names]]"}, {"ref": "Aramite", "text": "This refers to a person from Aram, a region of Syria."}, {"ref": "Aramite concubine bore", "text": "AT: \"Aramite concubine gave birth to\""}]}, {"id": "17", "tn": [{"ref": "General Information:", "text": "See: [[:en:ta:vol1:translate:translate_names]]"}]}, {"id": "20", "tn": [{"ref": "General Information:", "text": "See: [[:en:ta:vol1:translate:translate_names]]"}, {"ref": "Ezer and Elead were killed by men of Gath, natives in the land", "text": "AT: \"Men of Gath, the natives in the land, killed Ezer and Elead\""}, {"ref": "they went to steal their cattle", "text": "AT: \"the brothers went to steal the cattle from the people of Gath\""}]}, {"id": "23", "tn": [{"ref": "She conceived and bore a son", "text": "\"She became pregnant and gave birth to a son\""}, {"ref": "called him", "text": "\"named him\""}, {"ref": "Beriah ... Sheerah", "text": "These are names of people. (See: [[:en:ta:vol1:translate:translate_names]])"}, {"ref": "Upper Beth Horon and Uzzen Sheerah", "text": "These are the names of places."}]}, {"id": "25", "tn": [{"ref": "General Information:", "text": "See: [[:en:ta:vol1:translate:translate_names]]"}]}, {"id": "28", "tn": [{"ref": "General Information:", "text": "See: [[:en:ta:vol1:translate:translate_names]]"}, {"ref": "residences were", "text": "AT: \"homes were in\""}, {"ref": "In these towns the descendants of Joseph son of Israel lived", "text": "AT: \"The descendants of Joseph, son of Israel, lived in these towns\""}]}, {"id": "30", "tn": [{"ref": "General Information:", "text": "See: [[:en:ta:vol1:translate:translate_names]]"}]}, {"id": "33", "tn": [{"ref": "General Information:", "text": "See: [[:en:ta:vol1:translate:translate_names]]"}]}, {"id": "36", "tn": [{"ref": "General Information:", "text": "See: [[:en:ta:vol1:translate:translate_names]]"}]}, {"id": "39", "tn": [{"ref": "General Information:", "text": "See: [[:en:ta:vol1:translate:translate_names]]"}, {"ref": "distinguished men", "text": "\"important men\""}, {"ref": "There were twenty-six thousand men listed who were fit for military service, according to their numbered lists", "text": "six thousand men listed who were fit for military service, according to their numbered lists** - AT: \"According to the clan records, there were 26,000 men who were able to serve in the military\" (See: [[:en:ta:vol2:translate:translate_numbers]])"}]}]