[{"id": "01", "tn": [{"ref": "cubits", "text": "(See: [[:en:ta:vol2:translate:translate_bdistance]])"}, {"ref": "the round sea of cast metal", "text": "This is a very large metal tank."}, {"ref": "brim", "text": "This is the top edge of the container."}, {"ref": "circumference", "text": "This is the distance around the outside of a circle."}, {"ref": "ten to each cubit", "text": "AT: \"ten per cubit\""}]}, {"id": "04", "tn": [{"ref": "hindquarters", "text": "This is the back quarter of the body of an animal with four feet. See the same word used (only other reference in the Old Testament See: [[:en:bible:notes:1ki:07:25|1 Kings 7:25]])"}, {"ref": "hand", "text": "(See: [[:en:ta:vol2:translate:translate_bdistance]])"}, {"ref": "its brim was forged like the brim of a cup, like a lily blossom", "text": "AT: The brim had a soft, curved edge\" (See: [[:en:ta:vol1:translate:figs_simile]])"}, {"ref": "baths", "text": "(See: [[:en:ta:vol2:translate:translate_bvolume]])"}]}, {"id": "07", "tn": [{"ref": "basins", "text": "This is a shallow bowl used for washing."}]}, {"id": "11", "tn": [{"ref": "Huram", "text": "(See: [[:en:ta:vol1:translate:translate_names]])"}, {"ref": "the sprinkling bowls", "text": "bowls that were used in the house of God for sprinkling the altar"}, {"ref": "bowl-like capitals", "text": "like capitals** - The upper part of a pillar is called a capital. AT: \"bowl-shaped tops\" or \"bowl-shaped upper parts\" (See: [[:en:ta:vol1:translate:figs_simile]])"}, {"ref": "decorative latticework", "text": "This refers to the decorative carving or markings on the upper part of the pillars."}]}, {"id": "14", "tn": [{"ref": "the basins", "text": "AT: \"the bowls\""}, {"ref": "one sea", "text": "This is a large decorative washing container."}, {"ref": "other implements", "text": "other tools or objects used for the altar"}, {"ref": "polished bronze", "text": "Bronze that the workmen polished for it to reflect light."}]}, {"id": "17", "tn": [{"ref": "Zarethan", "text": "(See: [[:en:ta:vol1:translate:translate_names]])"}, {"ref": "Thus Solomon made all these vessels", "text": "Solomon did not personally make the vessels, but he commanded them to be made."}, {"ref": "the weight of the bronze could not be known", "text": "AT: \"the amount of bronze was very great\" (See: [[:en:ta:vol2:translate:figs_hyperbole]])"}]}, {"id": "19", "tn": [{"ref": "Solomon made", "text": "Solomon's workers made things at his command."}, {"ref": "all the furnishings", "text": "all of the bowls and tools that were used in the house of God."}, {"ref": "the bread of the presence", "text": "See how you translated this in [[:en:bible:notes:2ch:02:04|2:4]]."}]}, {"id": "22", "tn": [{"ref": "lamp trimmers", "text": "These would have trimmed the wicks of the lamps."}]}]