[{"id": "01", "tn": [{"ref": "all the men of Judah and all the inhabitants of Jerusalem", "text": "This is a generalization. AT: \"many other people\" (UDB) (See: [[:en:ta:vol2:translate:figs_hyperbole]])"}, {"ref": "from small to great", "text": "This merism includes everyone in between. AT: \"from the least important to the most important\" (See: [[:en:ta:vol2:translate:figs_merism]])"}, {"ref": "He then read in their hearing", "text": "\"Then the king read aloud so that they could hear\""}, {"ref": "that had been found", "text": "This can be translated in active form. AT: \"that Hilkiah had found\" (See: [[:en:bible:notes:2ki:22:08|22:8]]) or \"that they had found\" (See: [[:en:ta:vol2:translate:figs_activepassive]])"}]}, {"id": "03", "tn": [{"ref": "walk after Yahweh", "text": "The way a person lives is spoken of as if that person were walking on a path, and \"to walk after\" someone is a metonym for doing what that other person does or wants others to do. AT: \"live obeying Yahweh\" (See: [[:en:ta:vol1:translate:figs_metaphor]] and [[:en:ta:vol2:translate:figs_metonymy]]"}, {"ref": "his commandments, his regulations, and his statutes", "text": "These words all share similar meanings. Together they emphasize everything that Yahweh had commanded in the law. (See: [[:en:ta:vol2:translate:figs_doublet]])"}, {"ref": "with all his heart and all his soul", "text": "The idiom \"with all his heart\" means \"completely\" and \"with all his soul\" means \"with all his being.\" These two phrases have similar meanings. AT: \"with all his being\" or \"with all his energy\" (See: [[:en:ta:vol1:translate:figs_idiom]] and [[:en:ta:vol2:translate:figs_doublet]])"}, {"ref": "that were written in this book", "text": "This can be translated in active form. AT: \"that they had written in this book\" or \"that this book contained\" (See: [[:en:ta:vol2:translate:figs_activepassive]])"}, {"ref": "stand by the covenant", "text": "This idiom means to \"obey the terms of the covenant.\" (See: [[:en:ta:vol1:translate:figs_idiom]])"}]}, {"id": "04", "tn": [{"ref": "the priests under him", "text": "\"the other priests who served him\""}, {"ref": "gatekeepers", "text": "men who guarded the gates to the temple"}, {"ref": "for Baal ... for all the stars", "text": "\"so people could use them to worship Baal ... so people could use them to worship all the stars\""}, {"ref": "He burned ... and carried ... He got rid", "text": "The two instances of \"He\" refer to Josiah, but It might be best to translate so that the reader understands that other people, perhaps Hilkiah and \"the priests under him\" (23:4), might have helped Josiah do this. (See: [[:en:ta:vol1:translate:figs_explicit]])"}, {"ref": "Kidron Valley ... Bethel", "text": "names of places (See: [[:en:ta:vol1:translate:translate_names]])"}, {"ref": "to Baal, to the sun and the moon, to the planets, and to all the stars", "text": "\"as a way to worship Baal, the sun and the moon, the planets, and all the stars\""}]}, {"id": "06", "tn": [{"ref": "General Information:", "text": "This continues to tell what King Josiah did in response to the message from Yahweh."}, {"ref": "He brought out ... and burned it ... He beat it ... and threw ... He cleared", "text": "All instances of \"He\" refer to Josiah, but it might be best to translate so that the reader understands that other people, perhaps Hilkiah and \"the priests under him\" ([[:en:bible:notes:2ki:23:04|23:4]]), might have helped Josiah do these things. (See: [[:en:ta:vol1:translate:figs_explicit]])"}, {"ref": "wove garments", "text": "\"made clothes\""}]}, {"id": "08", "tn": [{"ref": "Josiah brought ... and defiled ... He destroyed", "text": "It might be best to translate so that the reader understands that other people, perhaps Hilkiah and \"the priests under him\" ([[:en:bible:notes:2ki:23:04|23:4]]), might have helped Josiah do this. (See: [[:en:ta:vol1:translate:figs_explicit]])"}, {"ref": "Geba ... Beersheba", "text": "names of places (See: [[:en:ta:vol1:translate:translate_names]])"}, {"ref": "Joshua (the city governor)", "text": "\"the city ruler named Joshua\" or \"the city leader named Joshua.\" This is a different Joshua from the Joshua in the Old Testament Book of Joshua."}, {"ref": "their brothers", "text": "Here \"brothers\" refers to their fellow priests who served at the temple."}]}, {"id": "10", "tn": [{"ref": "Topheth ... Ben Hinnom", "text": "place names (See: [[:en:ta:vol1:translate:translate_names]])"}, {"ref": "put his son or his daughter into the fire as a sacrifice to Molech", "text": "\"put his son or his daughter in the fire and burn them as an offering to Molech\""}, {"ref": "He took away", "text": "It might be best to translate so that the reader understands that other people, perhaps Hilkiah and \"the priests under him\" ([[:en:bible:notes:2ki:23:04|23:4]]), might have helped Josiah do this. (See: [[:en:ta:vol1:translate:figs_explicit]])"}, {"ref": "the horses", "text": "Possible meanings are 1) real horses or 2) statues of horses."}, {"ref": "had given to the sun", "text": "This metonym means \"had used to worship the sun.\" (See: [[:en:ta:vol2:translate:figs_metonymy]])"}, {"ref": "Nathan Melech", "text": "a man's name (See: [[:en:ta:vol1:translate:translate_names]])"}]}, {"id": "12", "tn": [{"ref": "Josiah the king destroyed ... smashed ... threw ... ruined ... broke ... cut down ... filled", "text": "It might be best to translate so that the reader understands that other people, perhaps Hilkiah and \"the priests under him\" ([[:en:bible:notes:2ki:23:04|23:4]]), helped Josiah do these things. (See: [[:en:ta:vol2:translate:figs_metonymy]])"}, {"ref": "Kidron Valley", "text": "place name. See how you translated this in [[:en:bible:notes:2ki:23:04|23:4]].  (See: [[:en:ta:vol1:translate:translate_names]])"}, {"ref": "filled those places with the bones of human beings", "text": "\"covered the ground with human bones so people could not use it as a shrine anymore\""}]}, {"id": "15", "tn": [{"ref": "Josiah also completely destroyed ... He also burned ... and beat ... He also burned", "text": "It might be best to translate so that the reader understands that other people, perhaps Hilkiah and \"the priests under him\" ([[:en:bible:notes:2ki:23:04|23:4]]), might have helped Josiah do these things. (See: [[:en:ta:vol1:translate:figs_explicit]])"}, {"ref": "spoke of these things beforehand", "text": "\"had said that these things would happen\""}]}, {"id": "17", "tn": [{"ref": "monument", "text": "marker or statue that honors a person. A tomb (UDB) is one kind of monument."}, {"ref": "So they let his bones alone, along with the bones of", "text": "\"So they did not touch his bones or the bones of\""}]}, {"id": "19", "tn": [{"ref": "Josiah removed ... He did ... He slaughtered ... he burned", "text": "It might be best to translate so that the reader understands that other people, perhaps Hilkiah and \"the priests under him\" ([[:en:bible:notes:2ki:23:04|23:4]]), might have helped Josiah do these things. (See: [[:en:ta:vol1:translate:figs_explicit]])"}, {"ref": "what had been done", "text": "\"what he had done\""}, {"ref": "he burned human bones on them", "text": "\"he burned human bones on them so no one would use them again\" (See: [[:en:ta:vol1:translate:figs_explicit]])"}]}, {"id": "21", "tn": [{"ref": "Keep the Passover", "text": "\"You must celebrate the Passover\""}, {"ref": "Such a Passover celebration had never been held from the days of", "text": "\"The descendants of Israel had not celebrated the Passover festival in such a great way in the time of\" (See: [[:en:ta:vol2:translate:figs_activepassive]])"}, {"ref": "ruled Israel", "text": "The name \"Israel\" is a metonym for \"the descendants of Israel.\" (See: [[:en:ta:vol2:translate:figs_metonymy]])"}, {"ref": "the days of the kings of Israel or Judah", "text": "\"the time when the people of Israel had their own king and the people of Judah had their own king\" (See: [[:en:ta:vol2:translate:figs_metonymy]])"}, {"ref": "this Passover of Yahweh was celebrated", "text": "This can be translated in active form. AT: \"the people of Judah celebrated this Passover of Yahweh\" (See: [[:en:ta:vol2:translate:figs_activepassive]])"}]}, {"id": "24", "tn": [{"ref": "banished ... spirits", "text": "\"forced those ... spirits to leave\" or \"made a law that those ... spirits had to leave\""}, {"ref": "those who talked with the dead or with spirits", "text": "Similar words, \"those who talked with the dead and ... those who talked with spirits,\" appear in [[:en:bible:notes:2ki:21:04|21:6]]."}, {"ref": "fetishes", "text": "things that people wrongly believe have special power"}, {"ref": "who turned to Yahweh", "text": "\"who gave himself completely to Yahweh\""}, {"ref": "Nor did any king like Josiah arise after him", "text": "\"And since then there has never been a king who was like Josiah\""}]}, {"id": "26", "tn": [{"ref": "However", "text": "The writer uses this word to show that even though all of these things that Josiah did were good, Yahweh was still angry with Judah."}, {"ref": "Yahweh did not turn from the fierceness of his great wrath, which had been kindled against", "text": "Fire is a metaphor for anger, and starting a fire is a metaphor for becoming angry. The abstract nouns \"fierceness\" and \"wrath\" can be translated as adjectives. This can be translated in active form. AT: \"Yahweh did not turn from the fierceness of his great wrath, which he had kindled against\" or \"Yahweh did not stop being fierce because he was angry with\" (See: [[:en:ta:vol1:translate:figs_metaphor]] and [[:en:ta:vol2:translate:figs_abstractnouns]])"}, {"ref": "had provoked him", "text": "\"had caused him to be angry\""}, {"ref": "out of my sight", "text": "\"from where I am\" or \"from being near me\""}, {"ref": "My name will be there", "text": "The name is a metonym for the honor that people should give to the person. AT: \"People should worship me there\" (See: [[:en:ta:vol2:translate:figs_metonymy]])"}]}, {"id": "28", "tn": [{"ref": "are they not written ... Judah?", "text": "This can be expressed in active form and assumes that the answer is positive. The question is rhetorical and is used for emphasis. See how you translated this in [[:en:bible:notes:2ki:08:22|8:23]]. AT: \"you can find them ... Judah.\" (See: [[:en:ta:vol2:translate:figs_activepassive]] and [[:en:ta:vol1:translate:figs_rquestion]])"}, {"ref": "In his days, Pharaoh Neco, king of Egypt", "text": "\"During the time Josiah was king of Egypt, Pharaoh Neco\""}, {"ref": "Neco ... Megiddo", "text": "Neco is the name of a man. Megiddo is the name of a city. (See: [[:en:ta:vol1:translate:translate_names]])"}]}, {"id": "31", "tn": [{"ref": "twenty-three years old", "text": "three years old** - \"23 years old\" (See: [[:en:ta:vol2:translate:translate_numbers]])"}, {"ref": "Hamutal", "text": "This is a woman's name. (See: [[:en:ta:vol1:translate:translate_names]])"}, {"ref": "Libnah ... Riblah ... Hamath", "text": "These are names of places. (See: [[:en:ta:vol1:translate:translate_names]])"}, {"ref": "Jehoahaz did what was evil in the sight of Yahweh", "text": "The nominal adjective \"evil\" can be translated as a relative clause \"things that ... evil.\" Here Yahweh's \"sight\" refers to how he judges or decides on the value of something. See how you translated this in [[:en:bible:notes:2ki:03:01|3:2]]. AT: \"He did things that Yahweh said were evil\" or \"He did the things that Yahweh considers evil\" (See: [[:en:ta:vol2:translate:figs_nominaladj]] and [[:en:ta:vol1:translate:figs_metaphor]])"}, {"ref": "put him in chains", "text": "After binding him with chains, he probably put him in prison. AT: \"put him in prison\" (See: [[:en:ta:vol2:translate:figs_synecdoche]])"}, {"ref": "fined Judah", "text": "\"forced the people of Judah to give him\" (UDB)"}, {"ref": "one hundred talents ... one talent", "text": "A talent was about 33 kilograms. AT: \"3,300 kilograms ... 33 kilograms\" (See: [[:en:ta:vol2:translate:translate_bmoney]])"}]}, {"id": "34", "tn": [{"ref": "Jehoikim taxed the land", "text": "\"Jehoikim collected taxes from the people who owned land\""}, {"ref": "people of the land", "text": "\"people of the land of Judah.\" Possible meanings are 1) \"the people who lived in the land of Judah\" or 2) \"the richest and most powerful of those who lived in Judah.\""}]}, {"id": "36", "tn": [{"ref": "Zebidah", "text": "woman's name (See: [[:en:ta:vol1:translate:translate_names]])"}, {"ref": "Pedaiah", "text": "man's name (See: [[:en:ta:vol1:translate:translate_names]])"}, {"ref": "Rumah", "text": "place name (See: [[:en:ta:vol1:translate:translate_names]])"}, {"ref": "Jehoiakim did what was evil in the sight of Yahweh", "text": "The nominal adjective \"evil\" can be translated as a relative clause \"things that ... evil.\" Here Yahweh's \"sight\" refers to how he judges or decides on the value of something. See how you translated this in [[:en:bible:notes:2ki:03:01|3:2]]. AT: \"He did things that Yahweh said were evil\" or \"He did the things that Yahweh considers evil\" (See: [[:en:ta:vol2:translate:figs_nominaladj]] and [[:en:ta:vol1:translate:figs_metaphor]])"}]}]