[{"firstvs": "1", "id": "01-01", "lastvs": "2"}, {"firstvs": "3", "id": "01-03", "lastvs": "4"}, {"firstvs": "5", "id": "01-05", "lastvs": "6"}, {"firstvs": "7", "id": "01-07", "lastvs": "8"}, {"firstvs": "9", "id": "01-09", "lastvs": "11"}, {"firstvs": "12", "id": "01-12", "lastvs": "12"}, {"firstvs": "13", "id": "01-13", "lastvs": "15"}, {"firstvs": "16", "id": "01-16", "lastvs": "18"}, {"firstvs": "19", "id": "01-19", "lastvs": "20"}, {"firstvs": "21", "id": "01-21", "lastvs": "22"}, {"firstvs": "1", "id": "02-01", "lastvs": "2"}, {"firstvs": "3", "id": "02-03", "lastvs": "4"}, {"firstvs": "5", "id": "02-05", "lastvs": "6"}, {"firstvs": "7", "id": "02-07", "lastvs": "7"}, {"firstvs": "8", "id": "02-08", "lastvs": "9"}, {"firstvs": "10", "id": "02-10", "lastvs": "11"}, {"firstvs": "12", "id": "02-12", "lastvs": "13"}, {"firstvs": "14", "id": "02-14", "lastvs": "14"}, {"firstvs": "15", "id": "02-15", "lastvs": "16"}, {"firstvs": "17", "id": "02-17", "lastvs": "18"}, {"firstvs": "19", "id": "02-19", "lastvs": "21"}, {"firstvs": "22", "id": "02-22", "lastvs": "23"}, {"firstvs": "1", "id": "03-01", "lastvs": "2"}, {"firstvs": "3", "id": "03-03", "lastvs": "4"}, {"firstvs": "5", "id": "03-05", "lastvs": "6"}, {"firstvs": "7", "id": "03-07", "lastvs": "7"}, {"firstvs": "8", "id": "03-08", "lastvs": "9"}, {"firstvs": "10", "id": "03-10", "lastvs": "11"}, {"firstvs": "12", "id": "03-12", "lastvs": "13"}, {"firstvs": "14", "id": "03-14", "lastvs": "15"}, {"firstvs": "1", "id": "04-01", "lastvs": "3"}, {"firstvs": "4", "id": "04-04", "lastvs": "5"}, {"firstvs": "6", "id": "04-06", "lastvs": "8"}, {"firstvs": "9", "id": "04-09", "lastvs": "12"}, {"firstvs": "13", "id": "04-13", "lastvs": "14"}, {"firstvs": "15", "id": "04-15", "lastvs": "17"}, {"firstvs": "1", "id": "05-01", "lastvs": "2"}, {"firstvs": "3", "id": "05-03", "lastvs": "4"}, {"firstvs": "5", "id": "05-05", "lastvs": "6"}, {"firstvs": "7", "id": "05-07", "lastvs": "8"}, {"firstvs": "9", "id": "05-09", "lastvs": "11"}, {"firstvs": "12", "id": "05-12", "lastvs": "13"}, {"firstvs": "14", "id": "05-14", "lastvs": "14"}, {"firstvs": "1", "id": "06-01", "lastvs": "3"}, {"firstvs": "4", "id": "06-04", "lastvs": "6"}, {"firstvs": "7", "id": "06-07", "lastvs": "9"}, {"firstvs": "10", "id": "06-10", "lastvs": "11"}, {"firstvs": "12", "id": "06-12", "lastvs": "14"}, {"firstvs": "1", "id": "07-01", "lastvs": "2"}, {"firstvs": "3", "id": "07-03", "lastvs": "5"}, {"firstvs": "6", "id": "07-06", "lastvs": "7"}, {"firstvs": "8", "id": "07-08", "lastvs": "8"}, {"firstvs": "9", "id": "07-09", "lastvs": "10"}, {"firstvs": "1", "id": "08-01", "lastvs": "2"}, {"firstvs": "3", "id": "08-03", "lastvs": "4"}, {"firstvs": "5", "id": "08-05", "lastvs": "6"}, {"firstvs": "7", "id": "08-07", "lastvs": "8"}, {"firstvs": "9", "id": "08-09", "lastvs": "9"}, {"firstvs": "10", "id": "08-10", "lastvs": "12"}, {"firstvs": "13", "id": "08-13", "lastvs": "14"}, {"firstvs": "15", "id": "08-15", "lastvs": "17"}, {"firstvs": "1", "id": "09-01", "lastvs": "2"}, {"firstvs": "3", "id": "09-03", "lastvs": "5"}, {"firstvs": "6", "id": "09-06", "lastvs": "10"}, {"firstvs": "11", "id": "09-11", "lastvs": "12"}, {"firstvs": "13", "id": "09-13", "lastvs": "14"}, {"firstvs": "15", "id": "09-15", "lastvs": "16"}, {"firstvs": "17", "id": "09-17", "lastvs": "19"}, {"firstvs": "20", "id": "09-20", "lastvs": "22"}, {"firstvs": "23", "id": "09-23", "lastvs": "25"}, {"firstvs": "26", "id": "09-26", "lastvs": "28"}, {"firstvs": "29", "id": "09-29", "lastvs": "29"}, {"firstvs": "30", "id": "09-30", "lastvs": "32"}, {"firstvs": "1", "id": "10-01", "lastvs": "2"}, {"firstvs": "3", "id": "10-00", "lastvs": "3"}]