[{"firstvs": "1", "id": "01-01", "lastvs": "3"}, {"firstvs": "4", "id": "01-04", "lastvs": "6"}, {"firstvs": "7", "id": "01-07", "lastvs": "8"}, {"firstvs": "9", "id": "01-09", "lastvs": "11"}, {"firstvs": "12", "id": "01-12", "lastvs": "13"}, {"firstvs": "14", "id": "01-14", "lastvs": "16"}, {"firstvs": "17", "id": "01-17", "lastvs": "18"}, {"firstvs": "19", "id": "01-19", "lastvs": "20"}, {"firstvs": "1", "id": "02-01", "lastvs": "2"}, {"firstvs": "3", "id": "02-03", "lastvs": "5"}, {"firstvs": "6", "id": "02-06", "lastvs": "7"}, {"firstvs": "8", "id": "02-08", "lastvs": "9"}, {"firstvs": "10", "id": "02-10", "lastvs": "11"}, {"firstvs": "12", "id": "02-12", "lastvs": "13"}, {"firstvs": "14", "id": "02-14", "lastvs": "15"}, {"firstvs": "16", "id": "02-16", "lastvs": "17"}, {"firstvs": "18", "id": "02-18", "lastvs": "19"}, {"firstvs": "20", "id": "02-20", "lastvs": "21"}, {"firstvs": "22", "id": "02-22", "lastvs": "23"}, {"firstvs": "24", "id": "02-24", "lastvs": "25"}, {"firstvs": "26", "id": "02-26", "lastvs": "29"}, {"firstvs": "1", "id": "03-01", "lastvs": "2"}, {"firstvs": "3", "id": "03-03", "lastvs": "4"}, {"firstvs": "5", "id": "03-05", "lastvs": "6"}, {"firstvs": "7", "id": "03-07", "lastvs": "8"}, {"firstvs": "9", "id": "03-09", "lastvs": "11"}, {"firstvs": "12", "id": "03-12", "lastvs": "13"}, {"firstvs": "14", "id": "03-14", "lastvs": "16"}, {"firstvs": "17", "id": "03-17", "lastvs": "18"}, {"firstvs": "19", "id": "03-19", "lastvs": "20"}, {"firstvs": "21", "id": "03-21", "lastvs": "22"}, {"firstvs": "1", "id": "04-01", "lastvs": "3"}, {"firstvs": "4", "id": "04-04", "lastvs": "5"}, {"firstvs": "6", "id": "04-06", "lastvs": "6"}, {"firstvs": "7", "id": "04-07", "lastvs": "8"}, {"firstvs": "9", "id": "04-09", "lastvs": "11"}, {"firstvs": "1", "id": "05-01", "lastvs": "2"}, {"firstvs": "3", "id": "05-03", "lastvs": "5"}, {"firstvs": "6", "id": "05-06", "lastvs": "7"}, {"firstvs": "8", "id": "05-08", "lastvs": "8"}, {"firstvs": "9", "id": "05-09", "lastvs": "10"}, {"firstvs": "11", "id": "05-11", "lastvs": "12"}, {"firstvs": "13", "id": "05-13", "lastvs": "14"}, {"firstvs": "1", "id": "06-01", "lastvs": "2"}, {"firstvs": "3", "id": "06-03", "lastvs": "4"}, {"firstvs": "5", "id": "06-05", "lastvs": "6"}, {"firstvs": "7", "id": "06-07", "lastvs": "8"}, {"firstvs": "9", "id": "06-09", "lastvs": "11"}, {"firstvs": "12", "id": "06-12", "lastvs": "14"}, {"firstvs": "15", "id": "06-15", "lastvs": "17"}, {"firstvs": "1", "id": "07-01", "lastvs": "3"}, {"firstvs": "4", "id": "07-04", "lastvs": "6"}, {"firstvs": "7", "id": "07-07", "lastvs": "8"}, {"firstvs": "9", "id": "07-09", "lastvs": "10"}, {"firstvs": "11", "id": "07-11", "lastvs": "12"}, {"firstvs": "13", "id": "07-13", "lastvs": "14"}, {"firstvs": "15", "id": "07-15", "lastvs": "17"}, {"firstvs": "1", "id": "08-01", "lastvs": "2"}, {"firstvs": "3", "id": "08-03", "lastvs": "5"}, {"firstvs": "6", "id": "08-06", "lastvs": "7"}, {"firstvs": "8", "id": "08-08", "lastvs": "9"}, {"firstvs": "10", "id": "08-10", "lastvs": "11"}, {"firstvs": "12", "id": "08-12", "lastvs": "12"}, {"firstvs": "13", "id": "08-13", "lastvs": "13"}, {"firstvs": "1", "id": "09-01", "lastvs": "2"}, {"firstvs": "3", "id": "09-03", "lastvs": "4"}, {"firstvs": "5", "id": "09-05", "lastvs": "6"}, {"firstvs": "7", "id": "09-07", "lastvs": "9"}, {"firstvs": "10", "id": "09-10", "lastvs": "12"}, {"firstvs": "13", "id": "09-13", "lastvs": "15"}, {"firstvs": "16", "id": "09-16", "lastvs": "17"}, {"firstvs": "18", "id": "09-18", "lastvs": "19"}, {"firstvs": "20", "id": "09-20", "lastvs": "21"}, {"firstvs": "1", "id": "10-01", "lastvs": "2"}, {"firstvs": "3", "id": "10-03", "lastvs": "4"}, {"firstvs": "5", "id": "10-05", "lastvs": "7"}, {"firstvs": "8", "id": "10-08", "lastvs": "9"}, {"firstvs": "10", "id": "10-10", "lastvs": "11"}, {"firstvs": "1", "id": "11-01", "lastvs": "2"}, {"firstvs": "3", "id": "11-03", "lastvs": "5"}, {"firstvs": "6", "id": "11-06", "lastvs": "7"}, {"firstvs": "8", "id": "11-08", "lastvs": "9"}, {"firstvs": "10", "id": "11-10", "lastvs": "12"}, {"firstvs": "13", "id": "11-13", "lastvs": "14"}, {"firstvs": "15", "id": "11-15", "lastvs": "15"}, {"firstvs": "16", "id": "11-16", "lastvs": "17"}, {"firstvs": "18", "id": "11-18", "lastvs": "18"}, {"firstvs": "19", "id": "11-19", "lastvs": "19"}, {"firstvs": "1", "id": "12-01", "lastvs": "2"}, {"firstvs": "3", "id": "12-03", "lastvs": "4"}, {"firstvs": "5", "id": "12-05", "lastvs": "6"}, {"firstvs": "7", "id": "12-07", "lastvs": "9"}, {"firstvs": "10", "id": "12-10", "lastvs": "10"}, {"firstvs": "11", "id": "12-11", "lastvs": "12"}, {"firstvs": "13", "id": "12-13", "lastvs": "14"}, {"firstvs": "15", "id": "12-15", "lastvs": "18"}, {"firstvs": "1", "id": "13-01", "lastvs": "2"}, {"firstvs": "3", "id": "13-03", "lastvs": "4"}, {"firstvs": "5", "id": "13-05", "lastvs": "6"}, {"firstvs": "7", "id": "13-07", "lastvs": "8"}, {"firstvs": "9", "id": "13-09", "lastvs": "10"}, {"firstvs": "11", "id": "13-11", "lastvs": "12"}, {"firstvs": "13", "id": "13-13", "lastvs": "14"}, {"firstvs": "15", "id": "13-15", "lastvs": "17"}, {"firstvs": "18", "id": "13-18", "lastvs": "18"}, {"firstvs": "1", "id": "14-01", "lastvs": "2"}, {"firstvs": "3", "id": "14-03", "lastvs": "5"}, {"firstvs": "6", "id": "14-06", "lastvs": "7"}, {"firstvs": "8", "id": "14-08", "lastvs": "8"}, {"firstvs": "9", "id": "14-09", "lastvs": "10"}, {"firstvs": "11", "id": "14-11", "lastvs": "12"}, {"firstvs": "13", "id": "14-13", "lastvs": "13"}, {"firstvs": "14", "id": "14-14", "lastvs": "16"}, {"firstvs": "17", "id": "14-17", "lastvs": "18"}, {"firstvs": "19", "id": "14-19", "lastvs": "20"}, {"firstvs": "1", "id": "15-01", "lastvs": "1"}, {"firstvs": "2", "id": "15-02", "lastvs": "2"}, {"firstvs": "3", "id": "15-03", "lastvs": "4"}, {"firstvs": "5", "id": "15-05", "lastvs": "6"}, {"firstvs": "7", "id": "15-07", "lastvs": "8"}, {"firstvs": "1", "id": "16-01", "lastvs": "1"}, {"firstvs": "2", "id": "16-02", "lastvs": "2"}, {"firstvs": "3", "id": "16-03", "lastvs": "3"}, {"firstvs": "4", "id": "16-04", "lastvs": "7"}, {"firstvs": "8", "id": "16-08", "lastvs": "9"}, {"firstvs": "10", "id": "16-10", "lastvs": "11"}, {"firstvs": "12", "id": "16-12", "lastvs": "14"}, {"firstvs": "15", "id": "16-15", "lastvs": "16"}, {"firstvs": "17", "id": "16-17", "lastvs": "19"}, {"firstvs": "20", "id": "16-20", "lastvs": "21"}, {"firstvs": "1", "id": "17-01", "lastvs": "2"}, {"firstvs": "3", "id": "17-03", "lastvs": "5"}, {"firstvs": "6", "id": "17-06", "lastvs": "7"}, {"firstvs": "8", "id": "17-08", "lastvs": "8"}, {"firstvs": "9", "id": "17-09", "lastvs": "10"}, {"firstvs": "11", "id": "17-11", "lastvs": "11"}, {"firstvs": "12", "id": "17-12", "lastvs": "14"}, {"firstvs": "15", "id": "17-15", "lastvs": "15"}, {"firstvs": "16", "id": "17-16", "lastvs": "17"}, {"firstvs": "18", "id": "17-18", "lastvs": "18"}, {"firstvs": "1", "id": "18-01", "lastvs": "3"}, {"firstvs": "4", "id": "18-04", "lastvs": "6"}, {"firstvs": "7", "id": "18-07", "lastvs": "8"}, {"firstvs": "9", "id": "18-09", "lastvs": "10"}, {"firstvs": "11", "id": "18-11", "lastvs": "13"}, {"firstvs": "14", "id": "18-14", "lastvs": "14"}, {"firstvs": "15", "id": "18-15", "lastvs": "17"}, {"firstvs": "18", "id": "18-18", "lastvs": "20"}, {"firstvs": "21", "id": "18-21", "lastvs": "22"}, {"firstvs": "23", "id": "18-23", "lastvs": "24"}, {"firstvs": "1", "id": "19-01", "lastvs": "2"}, {"firstvs": "3", "id": "19-03", "lastvs": "4"}, {"firstvs": "5", "id": "19-05", "lastvs": "5"}, {"firstvs": "6", "id": "19-06", "lastvs": "6"}, {"firstvs": "7", "id": "19-07", "lastvs": "8"}, {"firstvs": "9", "id": "19-09", "lastvs": "10"}, {"firstvs": "11", "id": "19-11", "lastvs": "13"}, {"firstvs": "14", "id": "19-14", "lastvs": "16"}, {"firstvs": "17", "id": "19-17", "lastvs": "18"}, {"firstvs": "19", "id": "19-19", "lastvs": "20"}, {"firstvs": "21", "id": "19-21", "lastvs": "21"}, {"firstvs": "1", "id": "20-01", "lastvs": "3"}, {"firstvs": "4", "id": "20-04", "lastvs": "4"}, {"firstvs": "5", "id": "20-05", "lastvs": "6"}, {"firstvs": "7", "id": "20-07", "lastvs": "8"}, {"firstvs": "9", "id": "20-09", "lastvs": "10"}, {"firstvs": "11", "id": "20-11", "lastvs": "12"}, {"firstvs": "13", "id": "20-13", "lastvs": "15"}, {"firstvs": "1", "id": "21-01", "lastvs": "2"}, {"firstvs": "3", "id": "21-03", "lastvs": "4"}, {"firstvs": "5", "id": "21-05", "lastvs": "6"}, {"firstvs": "7", "id": "21-07", "lastvs": "8"}, {"firstvs": "9", "id": "21-09", "lastvs": "10"}, {"firstvs": "11", "id": "21-11", "lastvs": "13"}, {"firstvs": "14", "id": "21-14", "lastvs": "15"}, {"firstvs": "16", "id": "21-16", "lastvs": "17"}, {"firstvs": "18", "id": "21-18", "lastvs": "20"}, {"firstvs": "21", "id": "21-21", "lastvs": "22"}, {"firstvs": "23", "id": "21-23", "lastvs": "25"}, {"firstvs": "26", "id": "21-26", "lastvs": "27"}, {"firstvs": "1", "id": "22-01", "lastvs": "2"}, {"firstvs": "3", "id": "22-03", "lastvs": "5"}, {"firstvs": "6", "id": "22-06", "lastvs": "7"}, {"firstvs": "8", "id": "22-08", "lastvs": "9"}, {"firstvs": "10", "id": "22-10", "lastvs": "11"}, {"firstvs": "12", "id": "22-12", "lastvs": "13"}, {"firstvs": "14", "id": "22-14", "lastvs": "15"}, {"firstvs": "16", "id": "22-16", "lastvs": "16"}, {"firstvs": "17", "id": "22-17", "lastvs": "17"}, {"firstvs": "18", "id": "22-18", "lastvs": "19"}, {"firstvs": "20", "id": "22-00", "lastvs": "21"}]