[{"id": "01", "tn": [{"ref": "virgin Israel has fallen ... she will ... she is ... raise her", "text": "\"the people of Israel have died violently ... they will ... they are ... raise them\""}]}, {"id": "04", "tn": [{"ref": "Seek me", "text": "\"Come to me for help\""}, {"ref": "Bethel will become nothing", "text": "\"Bethel will be completely destroyed\" AT: \"people will come and completely destroy Bethel\" (See: [[:en:ta:vol2:translate:figs_euphemism]])"}]}, {"id": "06", "tn": [{"ref": "he will break out like fire", "text": "\"he will become like a fire that breaks out suddenly and destroys everything\" (See: [[:en:ta:vol1:translate:figs_simile]])"}, {"ref": "turn justice into a bitter thing and throw righteousness down to the ground", "text": "call evil things good and treat good things as unimportant"}, {"ref": "turn justice into a bitter thing", "text": "or \"twist justice\" or \"do what is not just but say it is just\" (See: [[:en:ta:vol1:translate:figs_idiom]])"}, {"ref": "throw righteousness down to the ground", "text": "or \"treat righteousness as though it were as unimportant as dirt\" (See: [[:en:ta:vol1:translate:figs_idiom]])"}]}, {"id": "08", "tn": [{"ref": "the Pleiades and Orion", "text": "groups of stars (See: [[:en:ta:vol1:translate:translate_unknown]])"}]}, {"id": "10", "tn": [{"ref": "trample down", "text": "\"greatly oppress\" (See: [[:en:ta:vol1:translate:figs_metaphor]])"}]}, {"id": "12", "tn": [{"ref": "turn aside the needy in the city gate", "text": "\"do not allow the poor to bring their cases to the judges\""}, {"ref": "any prudent person is silent", "text": "Those who do not want the evil people to harm them will not speak out against the evil deeds."}]}, {"id": "14", "tn": [{"ref": "establish justice in the city gate", "text": "or \"see that justice is done in the courts at the city gates\" (See: [[:en:ta:vol1:translate:figs_explicit]])"}]}, {"id": "16", "tn": [{"ref": "Wailing", "text": "long, loud, sad cries"}]}, {"id": "18", "tn": [{"ref": "Why do you long for the day of Yahweh?", "text": "AT: \"You should not long for the day of Yahweh!\" (See: [[:en:ta:vol1:translate:figs_rquestion]])"}, {"ref": "It will be darkness and not light", "text": "\"Bad things, not good things, will happen on that day\""}, {"ref": "Will not the day of Yahweh be darkness and not light?", "text": "AT: \"The day of Yahweh will certainly be darkness and not light!\" or \"Bad things, not good things, will certainly happen on the day of Yahweh!\" (See: [[:en:ta:vol1:translate:figs_rquestion]])"}]}, {"id": "21", "tn": [{"ref": "I hate, I despise your festivals", "text": "The word \"despise\" is a strong word for \"hate.\" Together the two words emphasize the intensity of Yahweh's hatred for their religious festivals. AT: \"I hate your festivals very much.\" (See: [[:en:ta:vol2:translate:figs_doublet]])"}]}, {"id": "23", "tn": [{"ref": "noise", "text": "unpleasant sounds"}]}, {"id": "25", "tn": [{"ref": "Did you bring me sacrifices ... Israel?", "text": "AT: Possibly 1) \"I did not command you to bring me sacrifices ... Israel!\" or 2) \"It was not to me that you brought sacrifices ... Israel!\" (See: [[:en:ta:vol1:translate:figs_rquestion]])"}, {"ref": "Sikkuth ... Kaiwan", "text": "pagan gods (See: [[:en:ta:vol1:translate:translate_names]])"}, {"ref": "Kaiwan", "text": "Or \"Kiyyun\""}]}]