[{"id": "01", "tn": [{"ref": "Gershon ... Kohath ... Merari ... Amram ... Izhar ... Hebron ... Uzziel ... Nadab ... Abihu ... Eleazar ... Ithamar", "text": "These are the names of men. (See: [[:en:ta:vol1:translate:translate_names]])"}]}, {"id": "04", "tn": [{"ref": "Eleazar ... Abishua ... Bukki ... Uzzi ... Zerahiah ... Meraioth", "text": "These are the names of men. (See: [[:en:ta:vol1:translate:translate_names]])"}]}, {"id": "07", "tn": [{"ref": "Meraioth ... Amariah ... Ahitub ... Zadok ... Ahimaaz ... Johanan", "text": "These are the names of men. (See: [[:en:ta:vol1:translate:translate_names]])"}]}, {"id": "10", "tn": [{"ref": "Amariah ... Ahitub ... Zadok ... Shallum", "text": "These are the names of men. (See: [[:en:ta:vol1:translate:translate_names]])"}]}, {"id": "13", "tn": [{"ref": "Hilkiah ... Seraiah ... Jehozadak", "text": "These are the names of men. (See: [[:en:ta:vol1:translate:translate_names]])"}, {"ref": "exiled Judah and Jerusalem by the hand of Nebuchadnezzar", "text": "The power Nebuchadnezzar has through his army is described as the part of his body (\"hand\") he uses to direct his army. AT: \"allowed Nebuchadnezzar's army to defeat the armies of Judah and Jerusalem and take the people into captivity.\" (See: [[:en:ta:vol2:translate:figs_synecdoche]])"}]}, {"id": "16", "tn": [{"ref": "Gershom ... Kohath ... Merari", "text": "See how you translated these names in [[:en:bible:notes:1ch:06:01|6:1]]."}, {"ref": "Libni ... Shimei", "text": "These are names of men. (See: [[:en:ta:vol1:translate:translate_names]])"}, {"ref": "Amram ... Izhar ... Hebron ... Uzziel", "text": "See how you translated these names in [[:en:bible:notes:1ch:06:01|6:2]]."}]}, {"id": "19", "tn": [{"ref": "Merari ... Mahli ... Mushi ... Jahath ... Zimmah ... Joah ... Iddo ... Zerah ... Jeatherai", "text": "These are the names of men. (See: [[:en:ta:vol1:translate:translate_names]])"}]}, {"id": "22", "tn": [{"ref": "Amminadab ... Korah ... Assir ... Elkanah ... Ebiasaph ... Tahath ... Uriel ... Uzziah ... Shaul", "text": "These are the names of men. (See: [[:en:ta:vol1:translate:translate_names]])"}]}, {"id": "25", "tn": [{"ref": "Elkanah ... Amasai ... Ahimoth ... Zophai ... Nahath ... Eliab ... Jeroham", "text": "These are the names of men. (See: [[:en:ta:vol1:translate:translate_names]])"}]}, {"id": "28", "tn": [{"ref": "Joel ... Merari ... Mahli ... Libni ... Shimei ... Uzzah ... Shimea ... Haggiah ... Asaiah", "text": "These are the names of men. (See: [[:en:ta:vol1:translate:translate_names]])"}, {"ref": "secondborn", "text": "\"son born next\""}]}, {"id": "31", "tn": [{"ref": "the ark came to rest there", "text": "\"the people of Israel placed the ark there\""}, {"ref": "the tabernacle, the tent of meeting", "text": "Possible meanings are 1) that \"the tent of meeting\" specifies the other name for \"the tabernacle\" (UDB) or 2) \"the sanctuary of the tent of meeting.\" (See: [[:en:ta:vol2:translate:figs_doublet]])"}, {"ref": "They fulfilled their duties according to the instructions given to them", "text": "AT: \"The singers obeyed David's instructions\" (See: [[:en:ta:vol2:translate:figs_activepassive]])"}]}, {"id": "33", "tn": [{"ref": "These were those", "text": "\"These were the musicians\""}, {"ref": "Kohathites", "text": "This is the name of a people group. (See: [[:en:ta:vol1:translate:translate_names]])"}, {"ref": "going back in time", "text": "This means the list is going in order from the most recent to the oldest."}, {"ref": "Heman ... Jeroham ... Eliel ... Toa ... Zuph ... Mahath", "text": "These are the names of men."}, {"ref": "Elkanah ... Amasai", "text": "See how you translated these men's names in [[:en:bible:notes:1ch:06:25|6:25]]."}]}, {"id": "36", "tn": [{"ref": "Tahath ... Assir ... Ebiasaph ... Izhar ... Kohath", "text": "These are names of people. (See: [[:en:ta:vol1:translate:translate_names]])"}]}, {"id": "39", "tn": [{"ref": "Berechiah ... Shimea ... Michael ... Baaseiah ... Malchijah ... Ethni ... Zerah ... Adaiah ... Ethan ... Zimmah ... Shimei ... Jahath ... Gershom", "text": "These are the names of men. (See: [[:en:ta:vol1:translate:translate_names]])"}, {"ref": "colleague", "text": "\"fellow worker\""}, {"ref": "who stood at his right hand", "text": "The authority of a person is described by where they stand. The right side of a person is the place where the person with the most authority stood. (See: [[:en:ta:vol2:translate:figs_metonymy]])"}]}, {"id": "44", "tn": [{"ref": "General Information:", "text": "See: [[:en:ta:vol1:translate:translate_names]]"}, {"ref": "At Heman's left hand", "text": "AT: \"Standing on Heman's left side\""}, {"ref": "colleagues", "text": "\"fellow workers\""}]}, {"id": "48", "tn": [{"ref": "Their associates, the Levites, were assigned to do", "text": "AT: \"It was the duty of their fellow workers, the Levites, to do\" (See: [[:en:ta:vol2:translate:figs_activepassive]])"}]}, {"id": "49", "tn": [{"ref": "These offerings made atonement for Israel", "text": "AT: \"These offerings were to make atonement for the sins of the people of Israel\""}]}, {"id": "50", "tn": [{"ref": "General Information:", "text": "See: [[:en:ta:vol1:translate:translate_names]]"}, {"ref": "Aaron's descendants are reckoned as follows", "text": "AT: \"These were the descendants of Aaron\""}]}, {"id": "54", "tn": [{"ref": "General Information:", "text": "See: [[:en:ta:vol1:translate:translate_names]]"}, {"ref": "These are the locations where Aaron's descendents were assigned to live, that is, for the descendants of Aaron who were from the clans of the Kohathites (the first lot was theirs)", "text": "AT: \"These are the places where Aaron's descendants, the clans of the Kohathites, lived (lots were cast to determine where they would live)\""}, {"ref": "Kohathites", "text": "See how you translated this in [[:en:bible:notes:1ch:06:33|1 Chronicles 6:33]]."}, {"ref": "To them they gave Hebron", "text": "AT: \"They gave Hebron to them\""}, {"ref": "but the fields of the city and its villages they gave to Caleb son of Jephunneh", "text": "AT: \"Caleb and his family went to live in the fields of Hebron and the surrounding villages\""}, {"ref": "pasturelands", "text": "This is a grassy land where animals eat."}]}, {"id": "57", "tn": [{"ref": "General Information:", "text": "See: [[:en:ta:vol1:translate:translate_names]]"}]}, {"id": "59", "tn": [{"ref": "General Information:", "text": "See: [[:en:ta:vol1:translate:translate_names]]"}, {"ref": "All their cities numbered thirteen", "text": "AT: \"They had a total of 13 cities\" (See: [[:en:ta:vol2:translate:translate_numbers]])"}]}, {"id": "61", "tn": [{"ref": "To Gershom's descendants in their various clans were given thirteen cities", "text": "\"The clans of Gershom's descendants gained 13 cities\" (See: [[:en:ta:vol2:translate:translate_numbers]]"}, {"ref": "Kohath ... Gershom", "text": "See how you translated these in [[:en:bible:notes:1ch:06:01|1 Chronicles 6:1]]."}]}, {"id": "63", "tn": [{"ref": "Merari", "text": "See how you translated this in [[:en:bible:notes:1ch:06:01|1 Chronicles 6:1]]."}, {"ref": "the towns mentioned earlier from", "text": "AT: \"those towns from\""}]}, {"id": "66", "tn": [{"ref": "General Information:", "text": "See: [[:en:ta:vol1:translate:translate_names]]"}, {"ref": "Kohathite", "text": "See how you translated this in [[:en:bible:notes:1ch:06:33|1 Chronicles 6:33]]."}]}, {"id": "70", "tn": [{"ref": "General Information:", "text": "See: [[:en:ta:vol1:translate:translate_names]]"}]}, {"id": "71", "tn": [{"ref": "General Information:", "text": "See: [[:en:ta:vol1:translate:translate_names]]"}, {"ref": "Gershom", "text": "See how you translated this in [[:en:bible:notes:1ch:06:01|1 Chronicles 6:1]]."}]}, {"id": "74", "tn": [{"ref": "General Information:", "text": "See: [[:en:ta:vol1:translate:translate_names]]"}]}, {"id": "77", "tn": [{"ref": "General Information:", "text": "See: [[:en:ta:vol1:translate:translate_names]]"}, {"ref": "Merari", "text": "See how you translated this in [[:en:bible:notes:1ch:06:01|6:1]]."}, {"ref": "Merari's ... pasturelands", "text": "\"the tribe of Zebulun gave Merari's descendants Rimmono with its pasturelands and Tabor with its pasturelands\" (See: [[:en:ta:vol2:translate:figs_activepassive]])"}, {"ref": "To them were also given ... the tribe of Reuben", "text": "The information in [[:en:bible:notes:1ch:06:77|6:78-79]] has been rearranged so its meaning can be more easily understood. (See: [[:en:ta:vol2:translate:translate_versebridge]])"}, {"ref": "To them were also given", "text": "\"They also gained\""}]}, {"id": "80", "tn": [{"ref": "General Information:", "text": "See: [[:en:ta:vol1:translate:translate_names]]"}]}]