[{"id": "01", "tn": [{"ref": "now Reuben", "text": "The word \"now\" is used here to mark the change from the lists of descendants to background information about Reuben. (See: [[:en:ta:vol2:translate:writing_background]])"}, {"ref": "but his birthright was given to the sons of Joseph son of Israel", "text": "\"but Israel gave Reuben's birthright to the sons of Joseph, another of Israel's sons\" (See: [[:en:ta:vol2:translate:figs_activepassive]])"}, {"ref": "Reuben had defiled his father's couch", "text": "This is a polite way to speak about Reuben sleeping with father's secondary wife. The couch is the place where a man and his wife would have slept together. (See: [[:en:ta:vol2:translate:figs_euphemism]] and [[:en:ta:vol2:translate:figs_metonymy]])"}, {"ref": "So he is not recorded as being the oldest", "text": "\"So the family history does not list Reuben as the oldest son\" (See: [[:en:ta:vol2:translate:figs_activepassive]])"}, {"ref": "Hanoch ... Pallu ... Hezron ... Carmi", "text": "These are the names of men. (See: [[:en:ta:vol1:translate:translate_names]])"}]}, {"id": "04", "tn": [{"ref": "Joel ... Shemaiah ... Gog ... Shimei ... Micah ... Reaiah ... Baal ... Beerah ... Tilgath Pileser ... Beerah", "text": "These are the names of men. (See: [[:en:ta:vol1:translate:translate_names]])"}, {"ref": "Tilgath Pileser", "text": "This name is also written as Tiglath Pileser in other parts of the Bible."}]}, {"id": "07", "tn": [{"ref": "listed in their genealogical records", "text": "This can start a new sentence: \"Their genealogical records list them as\" (See: [[:en:ta:vol2:translate:figs_activepassive]])"}, {"ref": "genealogical records", "text": "records that show how people in a family are related to each other"}, {"ref": "Jeiel ... Zechariah ... Bela ... Azaz ... Shema", "text": "These are the names of men. (See: [[:en:ta:vol1:translate:translate_names]])"}, {"ref": "Aroer ... Nebo ... Baal Meon", "text": "These are the names of cities."}]}, {"id": "10", "tn": [{"ref": "the Hagrites", "text": "This is a name of a people group. (See: [[:en:ta:vol1:translate:translate_names]])"}]}, {"id": "11", "tn": [{"ref": "Salecah", "text": "This is the name of a city. (See: [[:en:ta:vol1:translate:translate_names]])"}, {"ref": "Joel ... Shapham ... Janai ... Shaphat ... Michael ... Meshullam ... Sheba ... Jorai ... Jacan ... Zia ... Eber", "text": "These are the names of men."}]}, {"id": "14", "tn": [{"ref": "Abihail ... Huri ... Jaroah ... Gilead ... Michael ... Jeshishai ... Jahdo ... Buz ... Ahi ... Abdiel ... Guni", "text": "These are the names of men. (See: [[:en:ta:vol1:translate:translate_names]])"}]}, {"id": "16", "tn": [{"ref": "They lived", "text": "AT: \"The tribe of Gad lived\""}, {"ref": "pasturelands", "text": "areas of land where animals feed on grass"}, {"ref": "All these were listed by genealogical records", "text": "AT: \"Genealogical records listed them all\" or \"The records of their family's ancestry listed them all\" (See: [[:en:ta:vol2:translate:figs_activepassive]])"}, {"ref": "All these", "text": "It is not clear to how many of the preceding people this refers."}]}, {"id": "18", "tn": [{"ref": "Reubenites", "text": "This refers to the people from the tribe of Rueben. (See: [[:en:ta:vol1:translate:translate_names]])"}, {"ref": "Gadites", "text": "This refers to the people from the tribe of Gad."}, {"ref": "forty-four thousand soldiers", "text": "four thousand soldiers** - \"44,000 soldiers\" (See: [[:en:ta:vol2:translate:translate_numbers]])"}, {"ref": "who carried shield and sword, and who drew the bow", "text": "The soldiers are described as skilled in warfare by the weapons they carried. AT: \"They were all trained to fight well in battles.\" (See: [[:en:ta:vol2:translate:figs_metonymy]] [[:en:ta:vol2:translate:figs_ellipsis]] )"}, {"ref": "Hagrites ... Jetur ... Naphish ... Nodab", "text": "These are the names of people groups."}]}, {"id": "20", "tn": [{"ref": "the Israelites cried out to God", "text": "AT: \"the Israelites passionately prayed to God for help\""}, {"ref": "They captured their", "text": "AT: \"The Israelites captured the Hagrites\""}, {"ref": "fifty thousand camels", "text": "\"50,000 camels\" (See: [[:en:ta:vol2:translate:translate_numbers]])"}, {"ref": "two thousand donkeys", "text": "\"2,000 donkeys\""}, {"ref": "Because God fought for them", "text": "God's help in battle is described like a soldier who fought in the battle. AT: \"Because God helped them\" (See [[:en:ta:vol2:translate:figs_personification]] )"}]}, {"id": "23", "tn": [{"ref": "Baal Hermon ... Senir", "text": "These are the names of mountains. (See: [[:en:ta:vol1:translate:translate_names]])"}, {"ref": "Epher ... Ishi ... Eliel ... Azriel ... Jeremiah ... Hodaviah ... Jahdiel", "text": "These are the names of men."}]}, {"id": "25", "tn": [{"ref": "Pul ... Tilgath Pileser", "text": "These are the names of men. (See: [[:en:ta:vol1:translate:translate_names]])"}, {"ref": "Reubenites ... Gadites", "text": "These are the names of people groups."}, {"ref": "Halah ... Habor ... Hara", "text": "These are names of towns."}, {"ref": "Gozan", "text": "This is the name of a river."}]}]