[{"id": "01", "tn": [{"ref": "cave", "text": "a hollow space under the ground, generally opening into the side of a hill, large enough for people to enter"}, {"ref": "Adullam", "text": "This is the name of a town near the city of Gath. (See: [[:en:ta:vol1:translate:translate_names]])"}, {"ref": "heard it", "text": "heard that David had gone to hide in the cave"}, {"ref": "Everyone who was in distress ... everyone who was discontented", "text": "This is an exaggeration. AT: \"Many people who were distressed ... many people who were unhappy\" (See: [[:en:ta:vol2:translate:figs_hyperbole]])"}, {"ref": "captain", "text": "military officer who leads soldiers"}, {"ref": "four hundred", "text": "\"400\" (See: [[:en:ta:vol2:translate:translate_numbers]])"}]}, {"id": "03", "tn": [{"ref": "Then David went from there", "text": "\"Then David went from the cave at Adullam\""}, {"ref": "Mizpah", "text": "This is the name of a city. (See: [[:en:ta:vol1:translate:translate_names]])"}, {"ref": "go out with you", "text": "David wanted his parents to live with the king of Moab so that King Saul would not be able to harm them. Translators can express his basic meaning by using the ideas of \"come to stay with you,\" \"stay with you,\" or \"live here with you,\" as in the UDB."}, {"ref": "go into the land of Judah", "text": "\"go to your home land of Judah\""}, {"ref": "Hereth", "text": "This is the name of a city. (See: [[:en:ta:vol1:translate:translate_names]])"}]}, {"id": "06", "tn": [{"ref": "David had been discovered, along with the men who were with him", "text": "Saul was most interested in David, so the writer mentions the other men separately. This can be translated in active form. AT: \"someone had discovered where David and all the men who were with him were hiding\" (See: [[:en:ta:vol2:translate:figs_activepassive]])"}, {"ref": "the tamarisk tree", "text": "This is a type of tree. AT: \"a large shade tree\" (See: [[:en:ta:vol1:translate:translate_unknown]])"}, {"ref": "in Ramah", "text": "Ramah is the name of a place in Gibeah. The name means \"high place.\" Possible meanings are 1) it refers here to the place called Ramah, or 2) it refers to any high place. AT: \"on a hill\" (UDB)"}]}, {"id": "07", "tn": [{"ref": "Will the son of Jesse give every one of you fields and vineyards?", "text": "Saul uses a question to emphasize that David, who is from the tribe of Judah, does not desire to do this for the people of the tribe of Benjamin. AT: \"The son of Jesse will not give you fields or vineyards.\" (See: [[:en:ta:vol1:translate:figs_rquestion]])"}, {"ref": "Will the son of Jesse give", "text": "The time when he will give can be made explicit. AT: \"When the son of Jesse becomes king, will he give\" (See: [[:en:ta:vol1:translate:figs_explicit]])"}, {"ref": "the son of Jesse", "text": "\"David\""}, {"ref": "Will he make you all captains ... me?", "text": "Saul uses a question to emphasize that David, who is from the tribe of Judah, does not desire to do this for the people of the tribe of Benjamin. AT: \"He will not make you captains ... against me.\" (See: [[:en:ta:vol1:translate:figs_rquestion]])"}, {"ref": "Will he make you all captains", "text": "You may need to make explicit when he will make them captains. AT: \"When he becomes king, will he make you all captains\" (See: [[:en:ta:vol1:translate:figs_explicit]])"}, {"ref": "captains", "text": "military officers who lead soldiers"}]}, {"id": "09", "tn": [{"ref": "Doeg the Edomite", "text": "man's name. Translate as in [[:en:bible:notes:1sa:21:07|21:7]]. (See: [[:en:ta:vol1:translate:translate_names]])"}, {"ref": "Nob ... Ahimelech", "text": "place name and man's name. Translate as in [[:en:bible:notes:1sa:21:01|21:1]]. (See: [[:en:ta:vol1:translate:translate_names]])"}, {"ref": "Ahitub", "text": "man's name (See: [[:en:ta:vol1:translate:translate_names]])"}, {"ref": "He prayed to Yahweh that he might help him, and he gave him", "text": "Ahitub prayed to Yahweh that Yahweh might help David, and Ahitub gave David"}]}, {"id": "11", "tn": [{"ref": "in that you have given", "text": "\"by giving\""}, {"ref": "rise up", "text": "\"rebel\" or \"fight\""}]}, {"id": "14", "tn": [{"ref": "Who among all your servants is so faithful as David ... house?", "text": "This rhetorical question can be translated as a statement. AT: \"None of your servants is as faithful as David ... house.\" (See: [[:en:ta:vol1:translate:figs_rquestion]])"}, {"ref": "bodyguard", "text": "a person or group of people who protect someone"}, {"ref": "is honored in your house", "text": "The word \"house\" is a metonym for the family that lives in the house. This can be translated in active form. AT: \"whom your family honors\" (See: [[:en:ta:vol2:translate:figs_metonymy]] and [[:en:ta:vol2:translate:figs_activepassive]])"}, {"ref": "Is today the first time I have prayed to God to help him?", "text": "Ahimelech asks himself this question before Saul can ask it, then immediately answers it. This rhetorical question can be translated as a statement. AT: \"This is not the first time I have prayed to God to help David.\" (See: [[:en:ta:vol1:translate:figs_rquestion]])"}, {"ref": "Far be it from me!", "text": "This idiom means \"Absolutely not!\" [[:en:ta:vol1:translate:figs_idiom]])"}, {"ref": "Do not let the king impute anything to his servant or to all the house of my father. For your servant knows nothing", "text": "Ahimelech speaks of himself in the third person as the \"servant.\" Ahimelech also refers to Saul in the third person as \"the king.\" Ahimelech speaks this way to show respect to Saul. AT: \"Please, King Saul, do not consider me, your servant, or anyone in the house of my father to be guilty. For I know nothing\" (See: [[:en:ta:vol2:translate:figs_123person]])"}, {"ref": "impute", "text": "to consider someone guilty"}, {"ref": "to all the house of my father", "text": "Here \"house\" represents \"family.\" AT: \"to all my father's family\" (See: [[:en:ta:vol2:translate:figs_metonymy]])"}]}, {"id": "16", "tn": [{"ref": "your father's house", "text": "The word \"house\" is a metonym for the family that lives in the house. AT: \"your father's family\" or \"your father's descendants\" (See: [[:en:ta:vol2:translate:figs_metonymy]])"}, {"ref": "the guard that stood around him", "text": "\"the soldiers standing nearby to protect him\""}, {"ref": "Turn and kill", "text": "Here \"Turn\" means to turn around or turn away from the king. AT: \"Go and kill\" or \"Kill\" (See: [[:en:ta:vol1:translate:figs_idiom]])"}, {"ref": "their hand also is with David", "text": "The word \"hand\" is a metonym for the work done with the hand. AT: \"they also help David\" (See: [[:en:ta:vol2:translate:figs_synecdoche]])"}, {"ref": "would not put out their hand to kill", "text": "The word \"hand\" is a metonym for the work done with the hand. AT: \"did not do anything to kill\" or \"refused to kill\" (See: [[:en:ta:vol2:translate:figs_metonymy]])"}]}, {"id": "18", "tn": [{"ref": "Turn and kill the priests ... turned and attacked the priests", "text": "Here \"Turn\" means to turn around or turn away from the king. Translate as in [[:en:bible:notes:1sa:22:16|22:17]]. AT: \"Go and kill the priests ... went and attacked\" or \"Kill the priest ... attacked the priests\" (See: [[:en:ta:vol1:translate:figs_idiom]])"}, {"ref": "Doeg the Edomite turned and attacked ... he killed ... he attacked ... He killed", "text": "Possible meanings are 1) Doeg killed all the priests himself or 2) the word \"Doeg\" is a synecdoche for Doeg and the men who went with him. AT: \"Doeg and his men turned and attacked ... they killed ... they attacked ... They killed\" (See: [[:en:ta:vol1:translate:figs_explicit]] and [[:en:ta:vol2:translate:figs_synecdoche]])"}, {"ref": "eighty-five persons", "text": "five persons** - \"85 people\" or \"85 priests\" (See: [[:en:ta:vol2:translate:translate_numbers]])"}, {"ref": "With the edge of the sword", "text": "\"With a sword\" (See: [[:en:ta:vol2:translate:figs_synecdoche]])"}, {"ref": "he attacked Nob", "text": "Here \"attacked\" means killed. AT: \"he killed many people in the city of Nob\" (See: [[:en:ta:vol2:translate:figs_metonymy]])"}]}, {"id": "20", "tn": [{"ref": "Abiathar", "text": "man's name. (See: [[:en:ta:vol1:translate:translate_names]])"}]}]