[{"firstvs": "1", "id": "01-01", "lastvs": "3"}, {"firstvs": "4", "id": "01-04", "lastvs": "6"}, {"firstvs": "7", "id": "01-07", "lastvs": "8"}, {"firstvs": "9", "id": "01-09", "lastvs": "11"}, {"firstvs": "12", "id": "01-12", "lastvs": "13"}, {"firstvs": "14", "id": "01-14", "lastvs": "15"}, {"firstvs": "16", "id": "01-16", "lastvs": "18"}, {"firstvs": "19", "id": "01-19", "lastvs": "20"}, {"firstvs": "21", "id": "01-21", "lastvs": "22"}, {"firstvs": "23", "id": "01-23", "lastvs": "26"}, {"firstvs": "27", "id": "01-27", "lastvs": "28"}, {"firstvs": "29", "id": "01-29", "lastvs": "31"}, {"firstvs": "32", "id": "01-32", "lastvs": "34"}, {"firstvs": "35", "id": "01-35", "lastvs": "37"}, {"firstvs": "38", "id": "01-38", "lastvs": "39"}, {"firstvs": "40", "id": "01-40", "lastvs": "42"}, {"firstvs": "43", "id": "01-43", "lastvs": "44"}, {"firstvs": "45", "id": "01-45", "lastvs": "45"}, {"firstvs": "1", "id": "02-01", "lastvs": "2"}, {"firstvs": "3", "id": "02-03", "lastvs": "4"}, {"firstvs": "5", "id": "02-05", "lastvs": "7"}, {"firstvs": "8", "id": "02-08", "lastvs": "9"}, {"firstvs": "10", "id": "02-10", "lastvs": "12"}, {"firstvs": "13", "id": "02-13", "lastvs": "14"}, {"firstvs": "15", "id": "02-15", "lastvs": "16"}, {"firstvs": "17", "id": "02-17", "lastvs": "17"}, {"firstvs": "18", "id": "02-18", "lastvs": "19"}, {"firstvs": "20", "id": "02-20", "lastvs": "21"}, {"firstvs": "22", "id": "02-22", "lastvs": "22"}, {"firstvs": "23", "id": "02-23", "lastvs": "24"}, {"firstvs": "25", "id": "02-25", "lastvs": "26"}, {"firstvs": "27", "id": "02-27", "lastvs": "28"}, {"firstvs": "1", "id": "03-01", "lastvs": "2"}, {"firstvs": "3", "id": "03-03", "lastvs": "4"}, {"firstvs": "5", "id": "03-05", "lastvs": "6"}, {"firstvs": "7", "id": "03-07", "lastvs": "8"}, {"firstvs": "9", "id": "03-09", "lastvs": "10"}, {"firstvs": "11", "id": "03-11", "lastvs": "12"}, {"firstvs": "13", "id": "03-13", "lastvs": "16"}, {"firstvs": "17", "id": "03-17", "lastvs": "19"}, {"firstvs": "20", "id": "03-20", "lastvs": "22"}, {"firstvs": "23", "id": "03-23", "lastvs": "25"}, {"firstvs": "26", "id": "03-26", "lastvs": "27"}, {"firstvs": "28", "id": "03-28", "lastvs": "30"}, {"firstvs": "31", "id": "03-31", "lastvs": "32"}, {"firstvs": "33", "id": "03-33", "lastvs": "35"}, {"firstvs": "1", "id": "04-01", "lastvs": "2"}, {"firstvs": "3", "id": "04-03", "lastvs": "5"}, {"firstvs": "6", "id": "04-06", "lastvs": "7"}, {"firstvs": "8", "id": "04-08", "lastvs": "9"}, {"firstvs": "10", "id": "04-10", "lastvs": "12"}, {"firstvs": "13", "id": "04-13", "lastvs": "15"}, {"firstvs": "16", "id": "04-16", "lastvs": "17"}, {"firstvs": "18", "id": "04-18", "lastvs": "20"}, {"firstvs": "21", "id": "04-21", "lastvs": "23"}, {"firstvs": "24", "id": "04-24", "lastvs": "25"}, {"firstvs": "26", "id": "04-26", "lastvs": "29"}, {"firstvs": "30", "id": "04-30", "lastvs": "32"}, {"firstvs": "33", "id": "04-33", "lastvs": "34"}, {"firstvs": "35", "id": "04-35", "lastvs": "37"}, {"firstvs": "38", "id": "04-38", "lastvs": "39"}, {"firstvs": "40", "id": "04-40", "lastvs": "41"}, {"firstvs": "1", "id": "05-01", "lastvs": "2"}, {"firstvs": "3", "id": "05-03", "lastvs": "4"}, {"firstvs": "5", "id": "05-05", "lastvs": "6"}, {"firstvs": "7", "id": "05-07", "lastvs": "8"}, {"firstvs": "9", "id": "05-09", "lastvs": "10"}, {"firstvs": "11", "id": "05-11", "lastvs": "13"}, {"firstvs": "14", "id": "05-14", "lastvs": "15"}, {"firstvs": "16", "id": "05-16", "lastvs": "17"}, {"firstvs": "18", "id": "05-18", "lastvs": "20"}, {"firstvs": "21", "id": "05-21", "lastvs": "24"}, {"firstvs": "25", "id": "05-25", "lastvs": "27"}, {"firstvs": "28", "id": "05-28", "lastvs": "29"}, {"firstvs": "30", "id": "05-30", "lastvs": "32"}, {"firstvs": "33", "id": "05-33", "lastvs": "34"}, {"firstvs": "35", "id": "05-35", "lastvs": "35"}, {"firstvs": "36", "id": "05-36", "lastvs": "38"}, {"firstvs": "39", "id": "05-39", "lastvs": "40"}, {"firstvs": "41", "id": "05-41", "lastvs": "43"}, {"firstvs": "1", "id": "06-01", "lastvs": "3"}, {"firstvs": "4", "id": "06-04", "lastvs": "6"}, {"firstvs": "7", "id": "06-07", "lastvs": "9"}, {"firstvs": "10", "id": "06-10", "lastvs": "11"}, {"firstvs": "12", "id": "06-12", "lastvs": "13"}, {"firstvs": "14", "id": "06-14", "lastvs": "15"}, {"firstvs": "16", "id": "06-16", "lastvs": "17"}, {"firstvs": "18", "id": "06-18", "lastvs": "20"}, {"firstvs": "21", "id": "06-21", "lastvs": "22"}, {"firstvs": "23", "id": "06-23", "lastvs": "25"}, {"firstvs": "26", "id": "06-26", "lastvs": "29"}, {"firstvs": "30", "id": "06-30", "lastvs": "32"}, {"firstvs": "33", "id": "06-33", "lastvs": "34"}, {"firstvs": "35", "id": "06-35", "lastvs": "36"}, {"firstvs": "37", "id": "06-37", "lastvs": "38"}, {"firstvs": "39", "id": "06-39", "lastvs": "41"}, {"firstvs": "42", "id": "06-42", "lastvs": "44"}, {"firstvs": "45", "id": "06-45", "lastvs": "47"}, {"firstvs": "48", "id": "06-48", "lastvs": "50"}, {"firstvs": "51", "id": "06-51", "lastvs": "52"}, {"firstvs": "53", "id": "06-53", "lastvs": "55"}, {"firstvs": "56", "id": "06-56", "lastvs": "56"}, {"firstvs": "1", "id": "07-01", "lastvs": "1"}, {"firstvs": "2", "id": "07-02", "lastvs": "4"}, {"firstvs": "5", "id": "07-05", "lastvs": "5"}, {"firstvs": "6", "id": "07-06", "lastvs": "7"}, {"firstvs": "8", "id": "07-08", "lastvs": "10"}, {"firstvs": "11", "id": "07-11", "lastvs": "13"}, {"firstvs": "14", "id": "07-14", "lastvs": "16"}, {"firstvs": "17", "id": "07-17", "lastvs": "19"}, {"firstvs": "20", "id": "07-20", "lastvs": "23"}, {"firstvs": "24", "id": "07-24", "lastvs": "26"}, {"firstvs": "27", "id": "07-27", "lastvs": "28"}, {"firstvs": "29", "id": "07-29", "lastvs": "30"}, {"firstvs": "31", "id": "07-31", "lastvs": "32"}, {"firstvs": "33", "id": "07-33", "lastvs": "35"}, {"firstvs": "36", "id": "07-36", "lastvs": "37"}, {"firstvs": "1", "id": "08-01", "lastvs": "4"}, {"firstvs": "5", "id": "08-05", "lastvs": "6"}, {"firstvs": "7", "id": "08-07", "lastvs": "10"}, {"firstvs": "11", "id": "08-11", "lastvs": "13"}, {"firstvs": "14", "id": "08-14", "lastvs": "15"}, {"firstvs": "16", "id": "08-16", "lastvs": "17"}, {"firstvs": "18", "id": "08-18", "lastvs": "19"}, {"firstvs": "20", "id": "08-20", "lastvs": "21"}, {"firstvs": "22", "id": "08-22", "lastvs": "23"}, {"firstvs": "24", "id": "08-24", "lastvs": "26"}, {"firstvs": "27", "id": "08-27", "lastvs": "28"}, {"firstvs": "29", "id": "08-29", "lastvs": "30"}, {"firstvs": "31", "id": "08-31", "lastvs": "32"}, {"firstvs": "33", "id": "08-33", "lastvs": "34"}, {"firstvs": "35", "id": "08-35", "lastvs": "37"}, {"firstvs": "38", "id": "08-38", "lastvs": "38"}, {"firstvs": "1", "id": "09-01", "lastvs": "3"}, {"firstvs": "4", "id": "09-04", "lastvs": "6"}, {"firstvs": "7", "id": "09-07", "lastvs": "8"}, {"firstvs": "9", "id": "09-09", "lastvs": "10"}, {"firstvs": "11", "id": "09-11", "lastvs": "13"}, {"firstvs": "14", "id": "09-14", "lastvs": "16"}, {"firstvs": "17", "id": "09-17", "lastvs": "19"}, {"firstvs": "20", "id": "09-20", "lastvs": "22"}, {"firstvs": "23", "id": "09-23", "lastvs": "25"}, {"firstvs": "26", "id": "09-26", "lastvs": "27"}, {"firstvs": "28", "id": "09-28", "lastvs": "29"}, {"firstvs": "30", "id": "09-30", "lastvs": "32"}, {"firstvs": "33", "id": "09-33", "lastvs": "35"}, {"firstvs": "36", "id": "09-36", "lastvs": "37"}, {"firstvs": "38", "id": "09-38", "lastvs": "39"}, {"firstvs": "40", "id": "09-40", "lastvs": "41"}, {"firstvs": "42", "id": "09-42", "lastvs": "44"}, {"firstvs": "45", "id": "09-45", "lastvs": "46"}, {"firstvs": "47", "id": "09-47", "lastvs": "48"}, {"firstvs": "49", "id": "09-49", "lastvs": "50"}, {"firstvs": "1", "id": "10-01", "lastvs": "4"}, {"firstvs": "5", "id": "10-05", "lastvs": "6"}, {"firstvs": "7", "id": "10-07", "lastvs": "9"}, {"firstvs": "10", "id": "10-10", "lastvs": "12"}, {"firstvs": "13", "id": "10-13", "lastvs": "14"}, {"firstvs": "15", "id": "10-15", "lastvs": "16"}, {"firstvs": "17", "id": "10-17", "lastvs": "19"}, {"firstvs": "20", "id": "10-20", "lastvs": "22"}, {"firstvs": "23", "id": "10-23", "lastvs": "25"}, {"firstvs": "26", "id": "10-26", "lastvs": "28"}, {"firstvs": "29", "id": "10-29", "lastvs": "31"}, {"firstvs": "32", "id": "10-32", "lastvs": "34"}, {"firstvs": "35", "id": "10-35", "lastvs": "37"}, {"firstvs": "38", "id": "10-38", "lastvs": "40"}, {"firstvs": "41", "id": "10-41", "lastvs": "42"}, {"firstvs": "43", "id": "10-43", "lastvs": "45"}, {"firstvs": "46", "id": "10-46", "lastvs": "48"}, {"firstvs": "49", "id": "10-49", "lastvs": "50"}, {"firstvs": "51", "id": "10-51", "lastvs": "52"}, {"firstvs": "1", "id": "11-01", "lastvs": "3"}, {"firstvs": "4", "id": "11-04", "lastvs": "6"}, {"firstvs": "7", "id": "11-07", "lastvs": "10"}, {"firstvs": "11", "id": "11-11", "lastvs": "12"}, {"firstvs": "13", "id": "11-13", "lastvs": "14"}, {"firstvs": "15", "id": "11-15", "lastvs": "16"}, {"firstvs": "17", "id": "11-17", "lastvs": "19"}, {"firstvs": "20", "id": "11-20", "lastvs": "21"}, {"firstvs": "22", "id": "11-22", "lastvs": "23"}, {"firstvs": "24", "id": "11-24", "lastvs": "26"}, {"firstvs": "27", "id": "11-27", "lastvs": "28"}, {"firstvs": "29", "id": "11-29", "lastvs": "30"}, {"firstvs": "31", "id": "11-31", "lastvs": "33"}, {"firstvs": "1", "id": "12-01", "lastvs": "3"}, {"firstvs": "4", "id": "12-04", "lastvs": "5"}, {"firstvs": "6", "id": "12-06", "lastvs": "7"}, {"firstvs": "8", "id": "12-08", "lastvs": "9"}, {"firstvs": "10", "id": "12-10", "lastvs": "12"}, {"firstvs": "13", "id": "12-13", "lastvs": "15"}, {"firstvs": "16", "id": "12-16", "lastvs": "17"}, {"firstvs": "18", "id": "12-18", "lastvs": "19"}, {"firstvs": "20", "id": "12-20", "lastvs": "23"}, {"firstvs": "24", "id": "12-24", "lastvs": "25"}, {"firstvs": "26", "id": "12-26", "lastvs": "27"}, {"firstvs": "28", "id": "12-28", "lastvs": "31"}, {"firstvs": "32", "id": "12-32", "lastvs": "34"}, {"firstvs": "35", "id": "12-35", "lastvs": "37"}, {"firstvs": "38", "id": "12-38", "lastvs": "40"}, {"firstvs": "41", "id": "12-41", "lastvs": "42"}, {"firstvs": "43", "id": "12-43", "lastvs": "44"}, {"firstvs": "1", "id": "13-01", "lastvs": "2"}, {"firstvs": "3", "id": "13-03", "lastvs": "4"}, {"firstvs": "5", "id": "13-05", "lastvs": "6"}, {"firstvs": "7", "id": "13-07", "lastvs": "8"}, {"firstvs": "9", "id": "13-09", "lastvs": "10"}, {"firstvs": "11", "id": "13-11", "lastvs": "13"}, {"firstvs": "14", "id": "13-14", "lastvs": "16"}, {"firstvs": "17", "id": "13-17", "lastvs": "20"}, {"firstvs": "21", "id": "13-21", "lastvs": "23"}, {"firstvs": "24", "id": "13-24", "lastvs": "27"}, {"firstvs": "28", "id": "13-28", "lastvs": "29"}, {"firstvs": "30", "id": "13-30", "lastvs": "32"}, {"firstvs": "33", "id": "13-33", "lastvs": "34"}, {"firstvs": "35", "id": "13-35", "lastvs": "37"}, {"firstvs": "1", "id": "14-01", "lastvs": "2"}, {"firstvs": "3", "id": "14-03", "lastvs": "5"}, {"firstvs": "6", "id": "14-06", "lastvs": "9"}, {"firstvs": "10", "id": "14-10", "lastvs": "11"}, {"firstvs": "12", "id": "14-12", "lastvs": "14"}, {"firstvs": "15", "id": "14-15", "lastvs": "16"}, {"firstvs": "17", "id": "14-17", "lastvs": "19"}, {"firstvs": "20", "id": "14-20", "lastvs": "21"}, {"firstvs": "22", "id": "14-22", "lastvs": "25"}, {"firstvs": "26", "id": "14-26", "lastvs": "27"}, {"firstvs": "28", "id": "14-28", "lastvs": "29"}, {"firstvs": "30", "id": "14-30", "lastvs": "31"}, {"firstvs": "32", "id": "14-32", "lastvs": "34"}, {"firstvs": "35", "id": "14-35", "lastvs": "36"}, {"firstvs": "37", "id": "14-37", "lastvs": "39"}, {"firstvs": "40", "id": "14-40", "lastvs": "42"}, {"firstvs": "43", "id": "14-43", "lastvs": "46"}, {"firstvs": "47", "id": "14-47", "lastvs": "50"}, {"firstvs": "51", "id": "14-51", "lastvs": "52"}, {"firstvs": "53", "id": "14-53", "lastvs": "54"}, {"firstvs": "55", "id": "14-55", "lastvs": "56"}, {"firstvs": "57", "id": "14-57", "lastvs": "59"}, {"firstvs": "60", "id": "14-60", "lastvs": "62"}, {"firstvs": "63", "id": "14-63", "lastvs": "65"}, {"firstvs": "66", "id": "14-66", "lastvs": "68"}, {"firstvs": "69", "id": "14-69", "lastvs": "70"}, {"firstvs": "71", "id": "14-71", "lastvs": "72"}, {"firstvs": "1", "id": "15-01", "lastvs": "3"}, {"firstvs": "4", "id": "15-04", "lastvs": "5"}, {"firstvs": "6", "id": "15-06", "lastvs": "8"}, {"firstvs": "9", "id": "15-09", "lastvs": "11"}, {"firstvs": "12", "id": "15-12", "lastvs": "13"}, {"firstvs": "14", "id": "15-14", "lastvs": "15"}, {"firstvs": "16", "id": "15-16", "lastvs": "18"}, {"firstvs": "19", "id": "15-19", "lastvs": "21"}, {"firstvs": "22", "id": "15-22", "lastvs": "24"}, {"firstvs": "25", "id": "15-25", "lastvs": "28"}, {"firstvs": "29", "id": "15-29", "lastvs": "30"}, {"firstvs": "31", "id": "15-31", "lastvs": "32"}, {"firstvs": "33", "id": "15-33", "lastvs": "35"}, {"firstvs": "36", "id": "15-36", "lastvs": "38"}, {"firstvs": "39", "id": "15-39", "lastvs": "41"}, {"firstvs": "42", "id": "15-42", "lastvs": "44"}, {"firstvs": "45", "id": "15-45", "lastvs": "47"}, {"firstvs": "1", "id": "16-01", "lastvs": "2"}, {"firstvs": "3", "id": "16-03", "lastvs": "4"}, {"firstvs": "5", "id": "16-05", "lastvs": "7"}, {"firstvs": "8", "id": "16-08", "lastvs": "8"}, {"firstvs": "9", "id": "16-09", "lastvs": "11"}, {"firstvs": "12", "id": "16-12", "lastvs": "13"}, {"firstvs": "14", "id": "16-14", "lastvs": "16"}, {"firstvs": "17", "id": "16-17", "lastvs": "18"}, {"firstvs": "19", "id": "16-00", "lastvs": "20"}]