[{"id": "01", "tn": [{"ref": "Connecting Statement:", "text": "Having just talked about the gifts that God gave to believers, Paul emphasizes what is more important."}, {"ref": "the tongues of ... angels", "text": "Possible meanings are 1) Paul is exaggerating for the sake of effect and does not believe that people speak the language that angels use or 2) Paul thinks that some who speak in tongues actually speak the language that angels use. (See: [[:en:ta:vol2:translate:figs_hyperbole]])"}, {"ref": "I have become a noisy gong or a clanging cymbal", "text": "I have become like instruments that make loud, annoying sounds (See: [[:en:ta:vol1:translate:figs_metaphor]])"}, {"ref": "gong", "text": "a large, thin, round metal plate that is hit with a padded stick to make a loud sound (See: [[:en:ta:vol1:translate:translate_unknown]])"}, {"ref": "a clanging cymbal", "text": "two thin, round metal plates that are hit together to make a loud sound (See: [[:en:ta:vol1:translate:translate_unknown]])"}, {"ref": "I give my body to be burned", "text": "This can be made active. AT: \"I allow those who persecute me to burn me to death\" (See: [[:en:ta:vol2:translate:figs_activepassive]] and [[:en:ta:vol2:translate:figs_metonymy]] and [[:en:ta:vol1:translate:figs_explicit]])"}]}, {"id": "04", "tn": [{"ref": "Love is patient and kind ... endures all things", "text": "Here Paul speaks about love as if it were a person. (See: [[:en:ta:vol2:translate:figs_personification]])"}, {"ref": "It is not easily angered", "text": "This can be stated in active form. AT: \"No one will be able to make it angry quickly\" (See: [[:en:ta:vol2:translate:figs_activepassive]])"}, {"ref": "It does not rejoice in unrighteousness. Instead, it rejoices in the truth", "text": "\"It rejoices only in righteousness and truth\" (See: [[:en:ta:vol2:translate:figs_doublenegatives]] and [[:en:ta:vol2:translate:figs_parallelism]])"}]}, {"id": "11", "tn": [{"ref": "For now we see indirectly in a mirror", "text": "Mirrors in Paul's day were made of polished metal rather than glass and provided a dim, vague reflection."}, {"ref": "now we see", "text": "Possible meanings are 1) \"now we see Christ\" or 2) \"now we see God.\""}, {"ref": "but then face to face", "text": "\"but then we will see Christ face to face\" This means that we will be physically present with Christ.  (See: [[:en:ta:vol2:translate:figs_ellipsis]] and [[:en:ta:vol2:translate:figs_synecdoche]])"}, {"ref": "I will know fully", "text": "\"I will know Christ fully\" (See: [[:en:ta:vol2:translate:figs_ellipsis]])"}, {"ref": "just as I have been fully known", "text": "This can be stated as active. AT: \"just as Christ has known me fully\" (See: [[:en:ta:vol2:translate:figs_activepassive]])"}, {"ref": "But now these three remain", "text": "\"It is important that ... now. It is important ... And it is important\" (UDB)"}, {"ref": "faith, future confidence, and love", "text": "\"we trust in Christ, we are certain that he will do for us everything that he has promised, and we love him and each other\""}]}]