[{"id": "01", "tn": [{"ref": "General Information:", "text": "The author is writing about Solomon's palace."}, {"ref": "Solomon took thirteen years to build his own palace", "text": "Because Solomon was the king, others did the work for him. (See: [[:en:ta:vol2:translate:figs_metonymy]])"}, {"ref": "his own palace", "text": "If your language does not have a word for \"palace,\" you may translate this as \"house\" or \"big house.\""}, {"ref": "the Palace of the Forest of Lebanon", "text": "\"the house called the House of the Lebanon Forest\""}, {"ref": "one hundred cubits ... fifty cubits ... thirty cubits", "text": "A cubit is 46 centimeters. AT: \"46 meters ... 23 meters ... 13.8 meters\" (See: [[:en:ta:vol2:translate:translate_bdistance]])"}, {"ref": "beams", "text": "A beam is a long piece of strong wood used to support walls and roofs."}]}, {"id": "03", "tn": [{"ref": "General Information:", "text": "Some details are given about the structure of the Palace of the Forest of Lebanon."}, {"ref": "The house was roofed with cedar that rested on beams", "text": "This can be stated in active form. AT: \"The carpenters built a roof from cedar planks and attached them to beams\" (See: [[:en:ta:vol2:translate:figs_activepassive]])"}, {"ref": "beams", "text": "long pieces of strong wood usually used to support a roof"}, {"ref": "were made square", "text": "\"had rectangular frames\" (UDB)"}]}, {"id": "06", "tn": [{"ref": "General Information:", "text": "The author writes about the structure of the Hall of Pillars."}, {"ref": "colonnade", "text": "a series of columns, all the same distance apart"}, {"ref": "fifty cubits ... thirty cubits", "text": "A cubit is 46 centimeters. AT: \"23 meters ... 13.8 meters\" (See: [[:en:ta:vol2:translate:translate_bdistance]])"}, {"ref": "portico", "text": "an area of a building made of columns and a roof that leads to and connects with the building's entrance door. See how you translated this in [[:en:bible:notes:1ki:06:03|6:3]]"}]}, {"id": "07", "tn": [{"ref": "General Information:", "text": "The author writes about the hall of the throne."}, {"ref": "Solomon built the hall of the throne", "text": "Possible meanings are 1) \"Solomon built the house in which he was going to place his throne\" or 2) \"Solomon had his workers build a house named The King's Chair House.\""}, {"ref": "It was covered with cedar", "text": "This can be stated in active form. AT: \"The workers covered the floor with cedar wood\" (See: [[:en:ta:vol2:translate:figs_activepassive]])"}, {"ref": "from floor to floor", "text": "This refers to the entire floor. AT: \"from one wall to the other\""}]}, {"id": "08", "tn": [{"ref": "General Information:", "text": "The author continues to write about the palace area."}, {"ref": "Solomon's house in which he was to live, in another courtyard within the palace grounds, was similarly designed", "text": "This can be translated in active form. AT: \"Solomon had someone design the house in which he was to live, in another courtyard within the palace grounds, in the same way\" (See: [[:en:ta:vol2:translate:figs_activepassive]])"}]}, {"id": "09", "tn": [{"ref": "General Information:", "text": "The writer is writing about the stones used for the buildings."}, {"ref": "These buildings were adorned with costly hewn stones", "text": "This can be stated in active form. AT: \"The workers adorned the buildings with costly, hewn stones\" (See: [[:en:ta:vol2:translate:figs_activepassive]])"}, {"ref": "hewn stones, precisely measured and cut with a saw and smoothed", "text": "This can be stated in active form. AT: \"hewn stones, that workers had precisely measured and cut with a saw and smoothed\" (See: [[:en:ta:vol2:translate:figs_activepassive]])"}, {"ref": "These stones were used", "text": "This can be stated in active form. AT: \"The workers used these stones\" (See: [[:en:ta:vol2:translate:figs_activepassive]])"}, {"ref": "from the foundation to the stones on top, and also on the outside to the great court", "text": "The author is emphasizing that the workers used expensive stones for the foundations and all the buildings."}, {"ref": "The foundation was constructed", "text": "This can be stated in active form. AT: \"The workers constructed the foundation\" (See: [[:en:ta:vol2:translate:figs_activepassive]])"}, {"ref": "eight and ten cubits", "text": "A cubit is 46 centimeters. AT: \"about 3.7 meters and 4.6 meters\" (See: [[:en:ta:vol2:translate:translate_bdistance]])"}]}, {"id": "11", "tn": [{"ref": "cedar beams", "text": "A beam is a long piece of wood used for structural support."}, {"ref": "three rows of cut stone and a row of cedar beams", "text": "Translate as in [[:en:bible:notes:1ki:06:36|6:36]]."}]}, {"id": "13", "tn": [{"ref": "brought him from Tyre", "text": "Huram accepted Solomon's invitation to come to Jerusalem. (See: [[:en:ta:vol1:translate:figs_explicit]])"}, {"ref": "the son of a widow ... his father was a man of Tyre", "text": "A widow is a woman whose husband has died, so we know that the father is dead. (See: [[:en:ta:vol1:translate:figs_explicit]])"}, {"ref": "Huram was filled with wisdom and understanding and skill", "text": "This can be stated in active form. The words \"wisdom and understanding\" mean basically the same thing and are used together for emphasis. Yahweh giving such things as wisdom is spoken of as if they were liquids that Yahweh had poured into a container, and Huram is spoken of as if he were that container. AT: \"Yahweh had given Huram wisdom, understanding, and skill\" (See: [[:en:ta:vol2:translate:figs_activepassive]] and [[:en:ta:vol2:translate:figs_doublet]] and [[:en:ta:vol1:translate:figs_metaphor]])"}]}, {"id": "15", "tn": [{"ref": "eighteen cubits ... twelve cubits ... five cubits", "text": "A cubit is about 46 centimeters. AT: \"about 8.3 meters ... 5.5 meters ... 2.3 cubits\" (See: [[:en:ta:vol2:translate:translate_bdistance]])"}, {"ref": "in circumference", "text": "Circumference is the distance or measurement around a circular object or area."}, {"ref": "two capitals", "text": "decorations on top of each of the two pillars"}, {"ref": "polished bronze", "text": "They polished the bronze so that it would reflect sunlight. \"gleaming bronze\" (UDB)"}, {"ref": "Checker latticework and wreaths of chain work", "text": "\"Crossed metal strips woven together and metal chains twisted together\""}]}, {"id": "18", "tn": [{"ref": "two rows of pomegranates", "text": "A pomegranate is a fruit with a hard, red rind and many juicy seeds inside. Huram did not use real pomegranates to decorate the pillars. He made them out of bronze."}, {"ref": "The capitals ... were decorated with lilies, four cubits high", "text": "Lilies are plants whose flowers are wide at one end and very narrow at the other end. These words can be stated in active form. AT: \"Huram decorated the capitals ... with bronze lilies, four cubits high\" (See: [[:en:ta:vol2:translate:figs_activepassive]] and [[:en:ta:vol1:translate:figs_explicit]])"}, {"ref": "the tops of the portico", "text": "Translate \"portico\" as in [[:en:bible:notes:1ki:07:06|7:6]]."}, {"ref": "four cubits", "text": "A cubit is 46 centimeters. AT: \"about 1.8 meters\" (See: [[:en:ta:vol2:translate:translate_bdistance]])"}]}, {"id": "20", "tn": [{"ref": "two hundred pomegranates", "text": "\"200 pomegranates.\" A pomegranate is a fruit with a hard, red rind and many juicy seeds inside. Translate as in [[:en:bible:notes:1ki:07:18|7:18]] (See: [[:en:ta:vol2:translate:translate_numbers]])"}, {"ref": "He raised up the pillars", "text": "It might be best to translate so that the reader understands that other people helped Huram do this. (See: [[:en:ta:vol2:translate:figs_metonymy]])"}, {"ref": "The pillar on the right was named Jakin", "text": "This can be stated in active form. AT: \"The name of the pillar on the right side was Jakin\" (See: [[:en:ta:vol1:translate:translate_names]] and [[:en:ta:vol2:translate:figs_activepassive]])"}, {"ref": "the pillar on the left was named Boaz", "text": "This can be stated in active form. AT: \"The name of the pillar on the left side was Boaz\" (See: [[:en:ta:vol2:translate:figs_activepassive]])"}, {"ref": "The fashioning of the pillars was done", "text": "This can be stated in active form. AT: \"Huram fashioned the pillars\" or \"Huram's men fashioned the pillars\" (See: [[:en:ta:vol2:translate:figs_activepassive]])"}]}, {"id": "23", "tn": [{"ref": "the round sea", "text": "This refers to a bronze tank or basin that would hold water."}, {"ref": "cast metal", "text": "Huram melted the bronze and formed it in a mold."}, {"ref": "ten cubits ... five cubits ... thirty cubits", "text": "A cubit is 46 centimeters. AT: \"4.6 meters ... 2.3 meters ... 13.8 meters\" (See: [[:en:ta:vol2:translate:translate_bdistance]])"}, {"ref": "from brim to brim", "text": "\"from one edge to the other\""}, {"ref": "in circumference", "text": "Circumference is the distance or measurement around a circular object or area."}, {"ref": "encircling the sea were gourds", "text": "A gourd is a type of hard, round vegetable that grows on a vine on the ground."}, {"ref": "when the sea itself was cast", "text": "This can be stated in active form. AT: \"when Huram cast the sea itself\" (See: [[:en:ta:vol2:translate:figs_activepassive]])"}]}, {"id": "25", "tn": [{"ref": "The sea", "text": "This refers to a bronze tank or basin that would hold water."}, {"ref": "stood on", "text": "\"was on top of\""}, {"ref": "The sea was set on top of them", "text": "This can be stated in active form. AT: \"Huram's workers set the sea on top of the bronze oxen\" (See: [[:en:ta:vol2:translate:figs_activepassive]])"}, {"ref": "hindquarters", "text": "This is the back quarter of the body of an animal with four feet."}, {"ref": "its brim was forged like the brim of a cup, like a lily blossom", "text": "This can be stated in active form. AT: \"Huram forged the brim to look like the brim of a cup, to curve outward like a lily\" (See: [[:en:ta:vol1:translate:figs_simile]] and [[:en:ta:vol2:translate:figs_activepassive]])"}, {"ref": "two thousand baths", "text": "A bath is a unit of volume equal to about 22 liters. AT: \"2,000 baths\" or \"44,000 liters\" (See: [[:en:ta:vol2:translate:translate_bvolume]])"}]}, {"id": "27", "tn": [{"ref": "four cubits ... three cubits", "text": "A cubit is 46 centimeters. AT: \"about 1.8 meters ... about 1.4 meters\" (See: [[:en:ta:vol2:translate:translate_bdistance]])"}, {"ref": "The work of the stands was like this", "text": "This means the author will describe the stands in the words that follow."}, {"ref": "on the panels and on the frames were lions, oxen, and cherubim", "text": "There were decorative pieces in the shapes of lions, oxen, and cherubim fastened to the sides of the stands."}, {"ref": "wreaths of hammered work", "text": "Here the word \"wreaths\" refers to spiral-shaped pieces of bronze."}]}, {"id": "30", "tn": [{"ref": "four bronze wheels and axles", "text": "There was one axle for each pair of wheels. AT: \"four bronze wheels and two axles\" (UDB) (See: [[:en:ta:vol1:translate:figs_explicit]] and [[:en:ta:vol2:translate:translate_numbers]])"}, {"ref": "its four corners", "text": "\"the four corners of each stand\""}, {"ref": "The supports were cast with wreaths", "text": "Each support was cast as one piece with the wreaths. This can be stated in active form. AT: \"Huram cast the supports with spiral-shaped pieces\" (See: [[:en:ta:vol2:translate:figs_activepassive]])"}, {"ref": "a cubit and a half ... a cubit", "text": "A cubit is 46 centimeters. AT: \"about 70 centimeters ... about 50 centimeters\" (See: [[:en:ta:vol2:translate:translate_bdistance]])"}, {"ref": "a crown that rose up", "text": "Here the word \"crown\" refers to the circular piece at the top of the stand's opening that held the basin."}, {"ref": "their panels were square", "text": "\"the panels of the stands were square.\" This phrase returns to the description of the panels that began in [[:en:bible:notes:1ki:07:27|7:28-29]]."}]}, {"id": "32", "tn": [{"ref": "their housings", "text": "Here the word \"their\" refers to the axles. The word \"housings\" refers to the casings into which the axles were inserted."}, {"ref": "a cubit and a half", "text": "A cubit was 46 centimeters. AT: \"about 70 centimeters\" (See: [[:en:ta:vol2:translate:translate_bdistance]])"}, {"ref": "The wheels were forged like chariot wheels", "text": "This can be stated in active form. AT: \"Huram made the wheels like small chariot wheels\" (See: [[:en:ta:vol2:translate:figs_activepassive]])"}, {"ref": "Their housings, rims, spokes, and hubs", "text": "Here the word \"Their\" refers to the wheels."}]}, {"id": "34", "tn": [{"ref": "There were four handles at the four corners of each stand", "text": "\"There was a handle at each of the four corners of each stand\""}, {"ref": "half a cubit deep", "text": "A cubit was 46 centimeters. AT: \"twenty-three centimeters wide\" (See: [[:en:ta:vol2:translate:translate_bdistance]])"}, {"ref": "on the top of the stand its supports and panels were attached", "text": "This can be stated in active form. AT: \"Huram attached the supports and panels to the top of each stand\" (See: [[:en:ta:vol2:translate:figs_activepassive]])"}]}, {"id": "36", "tn": [{"ref": "they were surrounded", "text": "Here the word \"they\" refers to the cherubim, lions, and palm trees."}, {"ref": "they were surrounded by wreaths", "text": "The word \"wreaths\" refers to spiral-shaped pieces of bronze. This can be stated in active form. AT: \"there were wreaths all around them\" (See: [[:en:ta:vol2:translate:figs_activepassive]])"}, {"ref": "All of them were cast in the same molds", "text": "This can be stated in active form. AT: \"Huram cast all of the stands in the same mold\" (See: [[:en:ta:vol2:translate:figs_activepassive]])"}, {"ref": "they had one size, and the same shape", "text": "\"all of the stands were the same size and shape\""}]}, {"id": "38", "tn": [{"ref": "forty baths", "text": "A bath is a unit of volume equal to about 22 liters. AT: \"about 88 liters\" or \"about 90 liters\" (See: [[:en:ta:vol2:translate:translate_bvolume]])"}, {"ref": "four cubits", "text": "A cubit is 46 centimeters. AT: \"about 1.8 meters\" (See: [[:en:ta:vol2:translate:translate_bdistance]])"}, {"ref": "on the east corner, facing toward the south of the temple", "text": "\"on the southeast corner of the temple\""}]}, {"id": "40", "tn": [{"ref": "the bowl-like capitals", "text": "like capitals** - The capitals were shaped like bowls. (See: [[:en:ta:vol1:translate:figs_simile]])"}, {"ref": "decorative latticework", "text": "\"crossed metal strips woven together\""}]}, {"id": "42", "tn": [{"ref": "four hundred pomegranates", "text": "\"400 pomegranates.\" A pomegranate is a fruit with a hard, red rind and many juicy seeds inside. Translate as in [[:en:bible:notes:1ki:07:18|7:18]]. (See: [[:en:ta:vol2:translate:translate_numbers]])"}]}, {"id": "44", "tn": [{"ref": "He made", "text": "Here the word \"He\" refers to Huram and his helpers. (See: [[:en:ta:vol1:translate:figs_explicit]])"}, {"ref": "all the other implements", "text": "\"all the other tools\""}, {"ref": "polished bronze", "text": "bronze that was polished so that it would reflect light"}]}, {"id": "46", "tn": [{"ref": "The king had cast them", "text": "It might be best to translate so that the reader understands that other people helped the king do this. (See: [[:en:ta:vol2:translate:figs_metonymy]])"}, {"ref": "plain of the Jordan", "text": "\"flat land near the Jordan River\""}, {"ref": "Succoth ... Zarethan", "text": "names of cities (See: [[:en:ta:vol1:translate:translate_names]])"}, {"ref": "Solomon did not weigh all the utensils", "text": "Solomon would not have done the work himself anyway. AT: \"Solomon did not have Huram and his workers weigh all the utensils\" (See: [[:en:ta:vol2:translate:figs_metonymy]])"}, {"ref": "the weight of the bronze could not be measured", "text": "This can be stated in active form. AT: \"no one could measure the weight of the bronze\" (See: [[:en:ta:vol2:translate:figs_activepassive]])"}]}, {"id": "48", "tn": [{"ref": "Solomon made", "text": "It might be best to translate so that the reader understands that other people helped Solomon do this. (See: [[:en:ta:vol2:translate:figs_metonymy]])"}, {"ref": "on which the bread of the presence was to be placed", "text": "This can be stated in active form. AT: \"on which the priests were to place the bread of the presence\" (See: [[:en:ta:vol2:translate:figs_activepassive]])"}, {"ref": "the flowers, the lamps", "text": "The \"flowers\" and \"lamps\" were part of the lampstands."}]}, {"id": "50", "tn": [{"ref": "The cups ... were all made of pure gold", "text": "This can be stated in active form. AT: \"The workers made the cups ... out of pure gold\" (See [[:en:ta:vol2:translate:figs_activepassive]])"}, {"ref": "Also the sockets ... were all made of gold", "text": "This can be stated in active form. AT: \"They also made the sockets ... out of gold\" (See [[:en:ta:vol2:translate:figs_activepassive]])"}, {"ref": "the sockets of the doors", "text": "Here \"sockets\" may refer to either 1) the sockets in which the door pegs turned, or 2) the hinges on which the doors hung."}]}, {"id": "51", "tn": [{"ref": "the work that King Solomon did for the house of Yahweh was finished", "text": "This can be stated in active form. AT: \"the workers finished the work that King Solomon had them do for the house of Yahweh\" (See: [[:en:ta:vol2:translate:figs_metonymy]] and [[:en:ta:vol2:translate:figs_activepassive]])"}]}]