[{"firstvs": "1", "id": "01-01", "lastvs": "2"}, {"firstvs": "3", "id": "01-03", "lastvs": "4"}, {"firstvs": "5", "id": "01-05", "lastvs": "6"}, {"firstvs": "7", "id": "01-07", "lastvs": "9"}, {"firstvs": "10", "id": "01-10", "lastvs": "11"}, {"firstvs": "12", "id": "01-12", "lastvs": "13"}, {"firstvs": "14", "id": "01-14", "lastvs": "15"}, {"firstvs": "16", "id": "01-16", "lastvs": "17"}, {"firstvs": "1", "id": "02-01", "lastvs": "3"}, {"firstvs": "4", "id": "02-04", "lastvs": "5"}, {"firstvs": "6", "id": "02-06", "lastvs": "7"}, {"firstvs": "8", "id": "02-08", "lastvs": "10"}, {"firstvs": "11", "id": "02-11", "lastvs": "13"}, {"firstvs": "14", "id": "02-14", "lastvs": "16"}, {"firstvs": "1", "id": "03-01", "lastvs": "2"}, {"firstvs": "3", "id": "03-03", "lastvs": "5"}, {"firstvs": "6", "id": "03-06", "lastvs": "8"}, {"firstvs": "9", "id": "03-09", "lastvs": "11"}, {"firstvs": "12", "id": "03-12", "lastvs": "14"}, {"firstvs": "15", "id": "03-15", "lastvs": "17"}, {"firstvs": "1", "id": "04-01", "lastvs": "3"}, {"firstvs": "4", "id": "04-04", "lastvs": "5"}, {"firstvs": "6", "id": "04-06", "lastvs": "7"}, {"firstvs": "8", "id": "04-08", "lastvs": "10"}, {"firstvs": "11", "id": "04-11", "lastvs": "12"}, {"firstvs": "13", "id": "04-13", "lastvs": "15"}, {"firstvs": "16", "id": "04-16", "lastvs": "17"}, {"firstvs": "18", "id": "04-18", "lastvs": "19"}, {"firstvs": "20", "id": "04-20", "lastvs": "21"}, {"firstvs": "22", "id": "04-22", "lastvs": "23"}, {"firstvs": "24", "id": "04-24", "lastvs": "25"}, {"firstvs": "26", "id": "04-26", "lastvs": "26"}, {"firstvs": "27", "id": "04-27", "lastvs": "28"}, {"firstvs": "29", "id": "04-29", "lastvs": "30"}, {"firstvs": "31", "id": "04-31", "lastvs": "31"}, {"firstvs": "32", "id": "04-32", "lastvs": "33"}, {"firstvs": "34", "id": "04-34", "lastvs": "35"}, {"firstvs": "1", "id": "05-01", "lastvs": "2"}, {"firstvs": "3", "id": "05-03", "lastvs": "4"}, {"firstvs": "5", "id": "05-05", "lastvs": "6"}, {"firstvs": "7", "id": "05-07", "lastvs": "9"}, {"firstvs": "10", "id": "05-10", "lastvs": "10"}, {"firstvs": "11", "id": "05-11", "lastvs": "11"}, {"firstvs": "12", "id": "05-12", "lastvs": "13"}, {"firstvs": "14", "id": "05-14", "lastvs": "16"}, {"firstvs": "17", "id": "05-17", "lastvs": "19"}, {"firstvs": "1", "id": "06-01", "lastvs": "4"}, {"firstvs": "5", "id": "06-05", "lastvs": "7"}, {"firstvs": "8", "id": "06-08", "lastvs": "9"}, {"firstvs": "10", "id": "06-10", "lastvs": "11"}, {"firstvs": "12", "id": "06-12", "lastvs": "13"}, {"firstvs": "14", "id": "06-14", "lastvs": "15"}, {"firstvs": "16", "id": "06-16", "lastvs": "18"}, {"firstvs": "19", "id": "06-19", "lastvs": "20"}, {"firstvs": "21", "id": "06-21", "lastvs": "23"}, {"firstvs": "24", "id": "06-24", "lastvs": "26"}, {"firstvs": "27", "id": "06-27", "lastvs": "28"}, {"firstvs": "29", "id": "06-29", "lastvs": "30"}, {"firstvs": "1", "id": "07-01", "lastvs": "4"}, {"firstvs": "5", "id": "07-05", "lastvs": "6"}, {"firstvs": "7", "id": "07-07", "lastvs": "8"}, {"firstvs": "9", "id": "07-09", "lastvs": "10"}, {"firstvs": "11", "id": "07-11", "lastvs": "12"}, {"firstvs": "13", "id": "07-13", "lastvs": "14"}, {"firstvs": "15", "id": "07-15", "lastvs": "16"}, {"firstvs": "17", "id": "07-17", "lastvs": "18"}, {"firstvs": "19", "id": "07-19", "lastvs": "20"}, {"firstvs": "21", "id": "07-21", "lastvs": "21"}, {"firstvs": "22", "id": "07-22", "lastvs": "24"}, {"firstvs": "25", "id": "07-25", "lastvs": "27"}, {"firstvs": "28", "id": "07-28", "lastvs": "30"}, {"firstvs": "31", "id": "07-31", "lastvs": "32"}, {"firstvs": "33", "id": "07-33", "lastvs": "34"}, {"firstvs": "35", "id": "07-35", "lastvs": "36"}, {"firstvs": "37", "id": "07-37", "lastvs": "38"}, {"firstvs": "1", "id": "08-01", "lastvs": "3"}, {"firstvs": "4", "id": "08-04", "lastvs": "5"}, {"firstvs": "6", "id": "08-06", "lastvs": "7"}, {"firstvs": "8", "id": "08-08", "lastvs": "9"}, {"firstvs": "10", "id": "08-10", "lastvs": "11"}, {"firstvs": "12", "id": "08-12", "lastvs": "13"}, {"firstvs": "14", "id": "08-14", "lastvs": "15"}, {"firstvs": "16", "id": "08-16", "lastvs": "17"}, {"firstvs": "18", "id": "08-18", "lastvs": "19"}, {"firstvs": "20", "id": "08-20", "lastvs": "21"}, {"firstvs": "22", "id": "08-22", "lastvs": "24"}, {"firstvs": "25", "id": "08-25", "lastvs": "27"}, {"firstvs": "28", "id": "08-28", "lastvs": "29"}, {"firstvs": "30", "id": "08-30", "lastvs": "30"}, {"firstvs": "31", "id": "08-31", "lastvs": "33"}, {"firstvs": "34", "id": "08-34", "lastvs": "36"}, {"firstvs": "1", "id": "09-01", "lastvs": "2"}, {"firstvs": "3", "id": "09-03", "lastvs": "5"}, {"firstvs": "6", "id": "09-06", "lastvs": "7"}, {"firstvs": "8", "id": "09-08", "lastvs": "9"}, {"firstvs": "10", "id": "09-10", "lastvs": "11"}, {"firstvs": "12", "id": "09-12", "lastvs": "14"}, {"firstvs": "15", "id": "09-15", "lastvs": "17"}, {"firstvs": "18", "id": "09-18", "lastvs": "19"}, {"firstvs": "20", "id": "09-20", "lastvs": "21"}, {"firstvs": "22", "id": "09-22", "lastvs": "24"}, {"firstvs": "1", "id": "10-01", "lastvs": "2"}, {"firstvs": "3", "id": "10-03", "lastvs": "4"}, {"firstvs": "5", "id": "10-05", "lastvs": "7"}, {"firstvs": "8", "id": "10-08", "lastvs": "11"}, {"firstvs": "12", "id": "10-12", "lastvs": "13"}, {"firstvs": "14", "id": "10-14", "lastvs": "15"}, {"firstvs": "16", "id": "10-16", "lastvs": "18"}, {"firstvs": "19", "id": "10-19", "lastvs": "20"}, {"firstvs": "1", "id": "11-01", "lastvs": "2"}, {"firstvs": "3", "id": "11-03", "lastvs": "4"}, {"firstvs": "5", "id": "11-05", "lastvs": "8"}, {"firstvs": "9", "id": "11-09", "lastvs": "10"}, {"firstvs": "11", "id": "11-11", "lastvs": "12"}, {"firstvs": "13", "id": "11-13", "lastvs": "16"}, {"firstvs": "17", "id": "11-17", "lastvs": "19"}, {"firstvs": "20", "id": "11-20", "lastvs": "23"}, {"firstvs": "24", "id": "11-24", "lastvs": "25"}, {"firstvs": "26", "id": "11-26", "lastvs": "28"}, {"firstvs": "29", "id": "11-29", "lastvs": "30"}, {"firstvs": "31", "id": "11-31", "lastvs": "33"}, {"firstvs": "34", "id": "11-34", "lastvs": "35"}, {"firstvs": "36", "id": "11-36", "lastvs": "38"}, {"firstvs": "39", "id": "11-39", "lastvs": "40"}, {"firstvs": "41", "id": "11-41", "lastvs": "42"}, {"firstvs": "43", "id": "11-43", "lastvs": "45"}, {"firstvs": "46", "id": "11-46", "lastvs": "47"}, {"firstvs": "1", "id": "12-01", "lastvs": "3"}, {"firstvs": "4", "id": "12-04", "lastvs": "5"}, {"firstvs": "6", "id": "12-06", "lastvs": "6"}, {"firstvs": "7", "id": "12-07", "lastvs": "8"}, {"firstvs": "1", "id": "13-01", "lastvs": "2"}, {"firstvs": "3", "id": "13-03", "lastvs": "4"}, {"firstvs": "5", "id": "13-05", "lastvs": "6"}, {"firstvs": "7", "id": "13-07", "lastvs": "8"}, {"firstvs": "9", "id": "13-09", "lastvs": "11"}, {"firstvs": "12", "id": "13-12", "lastvs": "14"}, {"firstvs": "15", "id": "13-15", "lastvs": "17"}, {"firstvs": "18", "id": "13-18", "lastvs": "20"}, {"firstvs": "21", "id": "13-21", "lastvs": "23"}, {"firstvs": "24", "id": "13-24", "lastvs": "25"}, {"firstvs": "26", "id": "13-26", "lastvs": "28"}, {"firstvs": "29", "id": "13-29", "lastvs": "30"}, {"firstvs": "31", "id": "13-31", "lastvs": "31"}, {"firstvs": "32", "id": "13-32", "lastvs": "33"}, {"firstvs": "34", "id": "13-34", "lastvs": "34"}, {"firstvs": "35", "id": "13-35", "lastvs": "37"}, {"firstvs": "38", "id": "13-38", "lastvs": "39"}, {"firstvs": "40", "id": "13-40", "lastvs": "41"}, {"firstvs": "42", "id": "13-42", "lastvs": "44"}, {"firstvs": "45", "id": "13-45", "lastvs": "46"}, {"firstvs": "47", "id": "13-47", "lastvs": "49"}, {"firstvs": "50", "id": "13-50", "lastvs": "52"}, {"firstvs": "53", "id": "13-53", "lastvs": "55"}, {"firstvs": "56", "id": "13-56", "lastvs": "58"}, {"firstvs": "59", "id": "13-59", "lastvs": "59"}, {"firstvs": "1", "id": "14-01", "lastvs": "2"}, {"firstvs": "3", "id": "14-03", "lastvs": "5"}, {"firstvs": "6", "id": "14-06", "lastvs": "7"}, {"firstvs": "8", "id": "14-08", "lastvs": "9"}, {"firstvs": "10", "id": "14-10", "lastvs": "11"}, {"firstvs": "12", "id": "14-12", "lastvs": "13"}, {"firstvs": "14", "id": "14-14", "lastvs": "16"}, {"firstvs": "17", "id": "14-17", "lastvs": "18"}, {"firstvs": "19", "id": "14-19", "lastvs": "20"}, {"firstvs": "21", "id": "14-21", "lastvs": "23"}, {"firstvs": "24", "id": "14-24", "lastvs": "25"}, {"firstvs": "26", "id": "14-26", "lastvs": "27"}, {"firstvs": "28", "id": "14-28", "lastvs": "29"}, {"firstvs": "30", "id": "14-30", "lastvs": "32"}, {"firstvs": "33", "id": "14-33", "lastvs": "35"}, {"firstvs": "36", "id": "14-36", "lastvs": "38"}, {"firstvs": "39", "id": "14-39", "lastvs": "40"}, {"firstvs": "41", "id": "14-41", "lastvs": "42"}, {"firstvs": "43", "id": "14-43", "lastvs": "44"}, {"firstvs": "45", "id": "14-45", "lastvs": "47"}, {"firstvs": "48", "id": "14-48", "lastvs": "48"}, {"firstvs": "49", "id": "14-49", "lastvs": "51"}, {"firstvs": "52", "id": "14-52", "lastvs": "53"}, {"firstvs": "54", "id": "14-54", "lastvs": "57"}, {"firstvs": "1", "id": "15-01", "lastvs": "3"}, {"firstvs": "4", "id": "15-04", "lastvs": "5"}, {"firstvs": "6", "id": "15-06", "lastvs": "7"}, {"firstvs": "8", "id": "15-08", "lastvs": "9"}, {"firstvs": "10", "id": "15-10", "lastvs": "12"}, {"firstvs": "13", "id": "15-13", "lastvs": "15"}, {"firstvs": "16", "id": "15-16", "lastvs": "18"}, {"firstvs": "19", "id": "15-19", "lastvs": "20"}, {"firstvs": "21", "id": "15-21", "lastvs": "23"}, {"firstvs": "24", "id": "15-24", "lastvs": "24"}, {"firstvs": "25", "id": "15-25", "lastvs": "27"}, {"firstvs": "28", "id": "15-28", "lastvs": "30"}, {"firstvs": "31", "id": "15-31", "lastvs": "31"}, {"firstvs": "32", "id": "15-32", "lastvs": "33"}, {"firstvs": "1", "id": "16-01", "lastvs": "2"}, {"firstvs": "3", "id": "16-03", "lastvs": "5"}, {"firstvs": "6", "id": "16-06", "lastvs": "7"}, {"firstvs": "8", "id": "16-08", "lastvs": "10"}, {"firstvs": "11", "id": "16-11", "lastvs": "11"}, {"firstvs": "12", "id": "16-12", "lastvs": "13"}, {"firstvs": "14", "id": "16-14", "lastvs": "14"}, {"firstvs": "15", "id": "16-15", "lastvs": "16"}, {"firstvs": "17", "id": "16-17", "lastvs": "19"}, {"firstvs": "20", "id": "16-20", "lastvs": "22"}, {"firstvs": "23", "id": "16-23", "lastvs": "24"}, {"firstvs": "25", "id": "16-25", "lastvs": "26"}, {"firstvs": "27", "id": "16-27", "lastvs": "28"}, {"firstvs": "29", "id": "16-29", "lastvs": "31"}, {"firstvs": "32", "id": "16-32", "lastvs": "33"}, {"firstvs": "34", "id": "16-34", "lastvs": "34"}, {"firstvs": "1", "id": "17-01", "lastvs": "4"}, {"firstvs": "5", "id": "17-05", "lastvs": "6"}, {"firstvs": "7", "id": "17-07", "lastvs": "7"}, {"firstvs": "8", "id": "17-08", "lastvs": "9"}, {"firstvs": "10", "id": "17-10", "lastvs": "11"}, {"firstvs": "12", "id": "17-12", "lastvs": "13"}, {"firstvs": "14", "id": "17-14", "lastvs": "14"}, {"firstvs": "15", "id": "17-15", "lastvs": "16"}, {"firstvs": "1", "id": "18-01", "lastvs": "3"}, {"firstvs": "4", "id": "18-04", "lastvs": "5"}, {"firstvs": "6", "id": "18-06", "lastvs": "8"}, {"firstvs": "9", "id": "18-09", "lastvs": "11"}, {"firstvs": "12", "id": "18-12", "lastvs": "14"}, {"firstvs": "15", "id": "18-15", "lastvs": "16"}, {"firstvs": "17", "id": "18-17", "lastvs": "18"}, {"firstvs": "19", "id": "18-19", "lastvs": "20"}, {"firstvs": "21", "id": "18-21", "lastvs": "21"}, {"firstvs": "22", "id": "18-22", "lastvs": "23"}, {"firstvs": "24", "id": "18-24", "lastvs": "25"}, {"firstvs": "26", "id": "18-26", "lastvs": "28"}, {"firstvs": "29", "id": "18-29", "lastvs": "30"}, {"firstvs": "1", "id": "19-01", "lastvs": "4"}, {"firstvs": "5", "id": "19-05", "lastvs": "8"}, {"firstvs": "9", "id": "19-09", "lastvs": "10"}, {"firstvs": "11", "id": "19-11", "lastvs": "12"}, {"firstvs": "13", "id": "19-13", "lastvs": "14"}, {"firstvs": "15", "id": "19-15", "lastvs": "16"}, {"firstvs": "17", "id": "19-17", "lastvs": "18"}, {"firstvs": "19", "id": "19-19", "lastvs": "19"}, {"firstvs": "20", "id": "19-20", "lastvs": "22"}, {"firstvs": "23", "id": "19-23", "lastvs": "25"}, {"firstvs": "26", "id": "19-26", "lastvs": "28"}, {"firstvs": "29", "id": "19-29", "lastvs": "30"}, {"firstvs": "31", "id": "19-31", "lastvs": "31"}, {"firstvs": "32", "id": "19-32", "lastvs": "32"}, {"firstvs": "33", "id": "19-33", "lastvs": "34"}, {"firstvs": "35", "id": "19-35", "lastvs": "37"}, {"firstvs": "1", "id": "20-01", "lastvs": "2"}, {"firstvs": "3", "id": "20-03", "lastvs": "5"}, {"firstvs": "6", "id": "20-06", "lastvs": "7"}, {"firstvs": "8", "id": "20-08", "lastvs": "9"}, {"firstvs": "10", "id": "20-10", "lastvs": "12"}, {"firstvs": "13", "id": "20-13", "lastvs": "14"}, {"firstvs": "15", "id": "20-15", "lastvs": "16"}, {"firstvs": "17", "id": "20-17", "lastvs": "18"}, {"firstvs": "19", "id": "20-19", "lastvs": "21"}, {"firstvs": "22", "id": "20-22", "lastvs": "23"}, {"firstvs": "24", "id": "20-24", "lastvs": "25"}, {"firstvs": "26", "id": "20-26", "lastvs": "26"}, {"firstvs": "27", "id": "20-27", "lastvs": "27"}, {"firstvs": "1", "id": "21-01", "lastvs": "3"}, {"firstvs": "4", "id": "21-04", "lastvs": "6"}, {"firstvs": "7", "id": "21-07", "lastvs": "9"}, {"firstvs": "10", "id": "21-10", "lastvs": "12"}, {"firstvs": "13", "id": "21-13", "lastvs": "15"}, {"firstvs": "16", "id": "21-16", "lastvs": "17"}, {"firstvs": "18", "id": "21-18", "lastvs": "21"}, {"firstvs": "22", "id": "21-22", "lastvs": "24"}, {"firstvs": "1", "id": "22-01", "lastvs": "3"}, {"firstvs": "4", "id": "22-04", "lastvs": "6"}, {"firstvs": "7", "id": "22-07", "lastvs": "9"}, {"firstvs": "10", "id": "22-10", "lastvs": "11"}, {"firstvs": "12", "id": "22-12", "lastvs": "13"}, {"firstvs": "14", "id": "22-14", "lastvs": "16"}, {"firstvs": "17", "id": "22-17", "lastvs": "19"}, {"firstvs": "20", "id": "22-20", "lastvs": "21"}, {"firstvs": "22", "id": "22-22", "lastvs": "23"}, {"firstvs": "24", "id": "22-24", "lastvs": "25"}, {"firstvs": "26", "id": "22-26", "lastvs": "27"}, {"firstvs": "28", "id": "22-28", "lastvs": "30"}, {"firstvs": "31", "id": "22-31", "lastvs": "33"}, {"firstvs": "1", "id": "23-01", "lastvs": "2"}, {"firstvs": "3", "id": "23-03", "lastvs": "3"}, {"firstvs": "4", "id": "23-04", "lastvs": "6"}, {"firstvs": "7", "id": "23-07", "lastvs": "8"}, {"firstvs": "9", "id": "23-09", "lastvs": "11"}, {"firstvs": "12", "id": "23-12", "lastvs": "14"}, {"firstvs": "15", "id": "23-15", "lastvs": "16"}, {"firstvs": "17", "id": "23-17", "lastvs": "18"}, {"firstvs": "19", "id": "23-19", "lastvs": "21"}, {"firstvs": "22", "id": "23-22", "lastvs": "22"}, {"firstvs": "23", "id": "23-23", "lastvs": "25"}, {"firstvs": "26", "id": "23-26", "lastvs": "27"}, {"firstvs": "28", "id": "23-28", "lastvs": "29"}, {"firstvs": "30", "id": "23-30", "lastvs": "32"}, {"firstvs": "33", "id": "23-33", "lastvs": "34"}, {"firstvs": "35", "id": "23-35", "lastvs": "36"}, {"firstvs": "37", "id": "23-37", "lastvs": "38"}, {"firstvs": "39", "id": "23-39", "lastvs": "39"}, {"firstvs": "40", "id": "23-40", "lastvs": "41"}, {"firstvs": "42", "id": "23-42", "lastvs": "44"}, {"firstvs": "1", "id": "24-01", "lastvs": "2"}, {"firstvs": "3", "id": "24-03", "lastvs": "4"}, {"firstvs": "5", "id": "24-05", "lastvs": "6"}, {"firstvs": "7", "id": "24-07", "lastvs": "9"}, {"firstvs": "10", "id": "24-10", "lastvs": "12"}, {"firstvs": "13", "id": "24-13", "lastvs": "14"}, {"firstvs": "15", "id": "24-15", "lastvs": "16"}, {"firstvs": "17", "id": "24-17", "lastvs": "18"}, {"firstvs": "19", "id": "24-19", "lastvs": "21"}, {"firstvs": "22", "id": "24-22", "lastvs": "23"}, {"firstvs": "1", "id": "25-01", "lastvs": "2"}, {"firstvs": "3", "id": "25-03", "lastvs": "4"}, {"firstvs": "5", "id": "25-05", "lastvs": "7"}, {"firstvs": "8", "id": "25-08", "lastvs": "9"}, {"firstvs": "10", "id": "25-10", "lastvs": "10"}, {"firstvs": "11", "id": "25-11", "lastvs": "12"}, {"firstvs": "13", "id": "25-13", "lastvs": "14"}, {"firstvs": "15", "id": "25-15", "lastvs": "17"}, {"firstvs": "18", "id": "25-18", "lastvs": "19"}, {"firstvs": "20", "id": "25-20", "lastvs": "22"}, {"firstvs": "23", "id": "25-23", "lastvs": "25"}, {"firstvs": "26", "id": "25-26", "lastvs": "28"}, {"firstvs": "29", "id": "25-29", "lastvs": "30"}, {"firstvs": "31", "id": "25-31", "lastvs": "32"}, {"firstvs": "33", "id": "25-33", "lastvs": "34"}, {"firstvs": "35", "id": "25-35", "lastvs": "38"}, {"firstvs": "39", "id": "25-39", "lastvs": "41"}, {"firstvs": "42", "id": "25-42", "lastvs": "44"}, {"firstvs": "45", "id": "25-45", "lastvs": "46"}, {"firstvs": "47", "id": "25-47", "lastvs": "48"}, {"firstvs": "49", "id": "25-49", "lastvs": "50"}, {"firstvs": "51", "id": "25-51", "lastvs": "52"}, {"firstvs": "53", "id": "25-53", "lastvs": "55"}, {"firstvs": "1", "id": "26-01", "lastvs": "2"}, {"firstvs": "3", "id": "26-03", "lastvs": "4"}, {"firstvs": "5", "id": "26-05", "lastvs": "6"}, {"firstvs": "7", "id": "26-07", "lastvs": "8"}, {"firstvs": "9", "id": "26-09", "lastvs": "10"}, {"firstvs": "11", "id": "26-11", "lastvs": "13"}, {"firstvs": "14", "id": "26-14", "lastvs": "15"}, {"firstvs": "16", "id": "26-16", "lastvs": "17"}, {"firstvs": "18", "id": "26-18", "lastvs": "20"}, {"firstvs": "21", "id": "26-21", "lastvs": "22"}, {"firstvs": "23", "id": "26-23", "lastvs": "24"}, {"firstvs": "25", "id": "26-25", "lastvs": "26"}, {"firstvs": "27", "id": "26-27", "lastvs": "28"}, {"firstvs": "29", "id": "26-29", "lastvs": "30"}, {"firstvs": "31", "id": "26-31", "lastvs": "33"}, {"firstvs": "34", "id": "26-34", "lastvs": "36"}, {"firstvs": "37", "id": "26-37", "lastvs": "39"}, {"firstvs": "40", "id": "26-40", "lastvs": "42"}, {"firstvs": "43", "id": "26-43", "lastvs": "43"}, {"firstvs": "44", "id": "26-44", "lastvs": "45"}, {"firstvs": "46", "id": "26-46", "lastvs": "46"}, {"firstvs": "1", "id": "27-01", "lastvs": "2"}, {"firstvs": "3", "id": "27-03", "lastvs": "4"}, {"firstvs": "5", "id": "27-05", "lastvs": "6"}, {"firstvs": "7", "id": "27-07", "lastvs": "8"}, {"firstvs": "9", "id": "27-09", "lastvs": "10"}, {"firstvs": "11", "id": "27-11", "lastvs": "13"}, {"firstvs": "14", "id": "27-14", "lastvs": "15"}, {"firstvs": "16", "id": "27-16", "lastvs": "16"}, {"firstvs": "17", "id": "27-17", "lastvs": "18"}, {"firstvs": "19", "id": "27-19", "lastvs": "21"}, {"firstvs": "22", "id": "27-22", "lastvs": "23"}, {"firstvs": "24", "id": "27-24", "lastvs": "25"}, {"firstvs": "26", "id": "27-26", "lastvs": "27"}, {"firstvs": "28", "id": "27-28", "lastvs": "29"}, {"firstvs": "30", "id": "27-30", "lastvs": "31"}, {"firstvs": "32", "id": "27-32", "lastvs": "33"}, {"firstvs": "34", "id": "27-00", "lastvs": "34"}]