[{"firstvs": "1", "id": "01-01", "lastvs": "3"}, {"firstvs": "4", "id": "01-04", "lastvs": "5"}, {"firstvs": "6", "id": "01-06", "lastvs": "8"}, {"firstvs": "9", "id": "01-09", "lastvs": "12"}, {"firstvs": "13", "id": "01-13", "lastvs": "15"}, {"firstvs": "16", "id": "01-16", "lastvs": "17"}, {"firstvs": "18", "id": "01-18", "lastvs": "19"}, {"firstvs": "20", "id": "01-20", "lastvs": "22"}, {"firstvs": "1", "id": "02-01", "lastvs": "2"}, {"firstvs": "3", "id": "02-03", "lastvs": "3"}, {"firstvs": "4", "id": "02-04", "lastvs": "6"}, {"firstvs": "7", "id": "02-07", "lastvs": "8"}, {"firstvs": "9", "id": "02-09", "lastvs": "10"}, {"firstvs": "11", "id": "02-11", "lastvs": "11"}, {"firstvs": "12", "id": "02-12", "lastvs": "13"}, {"firstvs": "1", "id": "03-01", "lastvs": "3"}, {"firstvs": "4", "id": "03-04", "lastvs": "5"}, {"firstvs": "6", "id": "03-06", "lastvs": "7"}, {"firstvs": "8", "id": "03-08", "lastvs": "10"}, {"firstvs": "11", "id": "03-11", "lastvs": "12"}, {"firstvs": "13", "id": "03-13", "lastvs": "14"}, {"firstvs": "15", "id": "03-15", "lastvs": "16"}, {"firstvs": "17", "id": "03-17", "lastvs": "19"}, {"firstvs": "20", "id": "03-20", "lastvs": "22"}, {"firstvs": "23", "id": "03-23", "lastvs": "24"}, {"firstvs": "25", "id": "03-25", "lastvs": "26"}, {"firstvs": "1", "id": "04-01", "lastvs": "3"}, {"firstvs": "4", "id": "04-04", "lastvs": "6"}, {"firstvs": "7", "id": "04-07", "lastvs": "9"}, {"firstvs": "10", "id": "04-10", "lastvs": "11"}, {"firstvs": "12", "id": "04-12", "lastvs": "13"}, {"firstvs": "14", "id": "04-14", "lastvs": "15"}, {"firstvs": "16", "id": "04-16", "lastvs": "17"}, {"firstvs": "18", "id": "04-18", "lastvs": "19"}, {"firstvs": "20", "id": "04-20", "lastvs": "21"}, {"firstvs": "1", "id": "05-01", "lastvs": "3"}, {"firstvs": "4", "id": "05-04", "lastvs": "5"}, {"firstvs": "6", "id": "05-06", "lastvs": "7"}, {"firstvs": "8", "id": "05-08", "lastvs": "10"}, {"firstvs": "11", "id": "05-11", "lastvs": "13"}, {"firstvs": "14", "id": "05-14", "lastvs": "16"}, {"firstvs": "17", "id": "05-17", "lastvs": "19"}, {"firstvs": "20", "id": "05-20", "lastvs": "22"}, {"firstvs": "23", "id": "05-23", "lastvs": "25"}, {"firstvs": "26", "id": "05-26", "lastvs": "27"}, {"firstvs": "1", "id": "06-01", "lastvs": "3"}, {"firstvs": "4", "id": "06-04", "lastvs": "6"}, {"firstvs": "7", "id": "06-07", "lastvs": "9"}, {"firstvs": "10", "id": "06-10", "lastvs": "11"}, {"firstvs": "12", "id": "06-12", "lastvs": "13"}, {"firstvs": "14", "id": "06-14", "lastvs": "17"}, {"firstvs": "18", "id": "06-18", "lastvs": "20"}, {"firstvs": "21", "id": "06-21", "lastvs": "23"}, {"firstvs": "24", "id": "06-24", "lastvs": "25"}, {"firstvs": "26", "id": "06-26", "lastvs": "27"}, {"firstvs": "28", "id": "06-28", "lastvs": "30"}, {"firstvs": "1", "id": "07-01", "lastvs": "3"}, {"firstvs": "4", "id": "07-04", "lastvs": "5"}, {"firstvs": "6", "id": "07-06", "lastvs": "7"}, {"firstvs": "8", "id": "07-08", "lastvs": "10"}, {"firstvs": "11", "id": "07-11", "lastvs": "12"}, {"firstvs": "13", "id": "07-13", "lastvs": "15"}, {"firstvs": "16", "id": "07-16", "lastvs": "18"}, {"firstvs": "19", "id": "07-19", "lastvs": "20"}, {"firstvs": "21", "id": "07-21", "lastvs": "21"}, {"firstvs": "1", "id": "08-01", "lastvs": "3"}, {"firstvs": "4", "id": "08-04", "lastvs": "5"}, {"firstvs": "6", "id": "08-06", "lastvs": "7"}, {"firstvs": "8", "id": "08-08", "lastvs": "10"}, {"firstvs": "11", "id": "08-11", "lastvs": "12"}, {"firstvs": "13", "id": "08-13", "lastvs": "15"}, {"firstvs": "16", "id": "08-16", "lastvs": "18"}, {"firstvs": "19", "id": "08-19", "lastvs": "20"}, {"firstvs": "21", "id": "08-21", "lastvs": "22"}, {"firstvs": "1", "id": "09-01", "lastvs": "3"}, {"firstvs": "4", "id": "09-04", "lastvs": "6"}, {"firstvs": "7", "id": "09-07", "lastvs": "9"}, {"firstvs": "10", "id": "09-10", "lastvs": "12"}, {"firstvs": "13", "id": "09-13", "lastvs": "15"}, {"firstvs": "16", "id": "09-16", "lastvs": "18"}, {"firstvs": "19", "id": "09-19", "lastvs": "20"}, {"firstvs": "21", "id": "09-21", "lastvs": "24"}, {"firstvs": "25", "id": "09-25", "lastvs": "26"}, {"firstvs": "27", "id": "09-27", "lastvs": "29"}, {"firstvs": "30", "id": "09-30", "lastvs": "31"}, {"firstvs": "32", "id": "09-32", "lastvs": "33"}, {"firstvs": "34", "id": "09-34", "lastvs": "35"}, {"firstvs": "1", "id": "10-01", "lastvs": "3"}, {"firstvs": "4", "id": "10-04", "lastvs": "7"}, {"firstvs": "8", "id": "10-08", "lastvs": "9"}, {"firstvs": "10", "id": "10-10", "lastvs": "11"}, {"firstvs": "12", "id": "10-12", "lastvs": "14"}, {"firstvs": "15", "id": "10-15", "lastvs": "16"}, {"firstvs": "17", "id": "10-17", "lastvs": "17"}, {"firstvs": "18", "id": "10-18", "lastvs": "19"}, {"firstvs": "20", "id": "10-20", "lastvs": "22"}, {"firstvs": "1", "id": "11-01", "lastvs": "3"}, {"firstvs": "4", "id": "11-04", "lastvs": "6"}, {"firstvs": "7", "id": "11-07", "lastvs": "9"}, {"firstvs": "10", "id": "11-10", "lastvs": "12"}, {"firstvs": "13", "id": "11-13", "lastvs": "14"}, {"firstvs": "15", "id": "11-15", "lastvs": "17"}, {"firstvs": "18", "id": "11-18", "lastvs": "19"}, {"firstvs": "20", "id": "11-20", "lastvs": "20"}, {"firstvs": "1", "id": "12-01", "lastvs": "3"}, {"firstvs": "4", "id": "12-04", "lastvs": "6"}, {"firstvs": "7", "id": "12-07", "lastvs": "8"}, {"firstvs": "9", "id": "12-09", "lastvs": "10"}, {"firstvs": "11", "id": "12-11", "lastvs": "12"}, {"firstvs": "13", "id": "12-13", "lastvs": "15"}, {"firstvs": "16", "id": "12-16", "lastvs": "18"}, {"firstvs": "19", "id": "12-19", "lastvs": "21"}, {"firstvs": "22", "id": "12-22", "lastvs": "23"}, {"firstvs": "24", "id": "12-24", "lastvs": "25"}, {"firstvs": "1", "id": "13-01", "lastvs": "2"}, {"firstvs": "3", "id": "13-03", "lastvs": "5"}, {"firstvs": "6", "id": "13-06", "lastvs": "8"}, {"firstvs": "9", "id": "13-09", "lastvs": "10"}, {"firstvs": "11", "id": "13-11", "lastvs": "12"}, {"firstvs": "13", "id": "13-13", "lastvs": "15"}, {"firstvs": "16", "id": "13-16", "lastvs": "17"}, {"firstvs": "18", "id": "13-18", "lastvs": "19"}, {"firstvs": "20", "id": "13-20", "lastvs": "22"}, {"firstvs": "23", "id": "13-23", "lastvs": "25"}, {"firstvs": "26", "id": "13-26", "lastvs": "28"}, {"firstvs": "1", "id": "14-01", "lastvs": "3"}, {"firstvs": "4", "id": "14-04", "lastvs": "6"}, {"firstvs": "7", "id": "14-07", "lastvs": "9"}, {"firstvs": "10", "id": "14-10", "lastvs": "12"}, {"firstvs": "13", "id": "14-13", "lastvs": "14"}, {"firstvs": "15", "id": "14-15", "lastvs": "17"}, {"firstvs": "18", "id": "14-18", "lastvs": "19"}, {"firstvs": "20", "id": "14-20", "lastvs": "22"}, {"firstvs": "1", "id": "15-01", "lastvs": "3"}, {"firstvs": "4", "id": "15-04", "lastvs": "6"}, {"firstvs": "7", "id": "15-07", "lastvs": "9"}, {"firstvs": "10", "id": "15-10", "lastvs": "11"}, {"firstvs": "12", "id": "15-12", "lastvs": "14"}, {"firstvs": "15", "id": "15-15", "lastvs": "16"}, {"firstvs": "17", "id": "15-17", "lastvs": "18"}, {"firstvs": "19", "id": "15-19", "lastvs": "21"}, {"firstvs": "22", "id": "15-22", "lastvs": "24"}, {"firstvs": "25", "id": "15-25", "lastvs": "26"}, {"firstvs": "27", "id": "15-27", "lastvs": "28"}, {"firstvs": "29", "id": "15-29", "lastvs": "30"}, {"firstvs": "31", "id": "15-31", "lastvs": "33"}, {"firstvs": "34", "id": "15-34", "lastvs": "35"}, {"firstvs": "1", "id": "16-01", "lastvs": "3"}, {"firstvs": "4", "id": "16-04", "lastvs": "5"}, {"firstvs": "6", "id": "16-06", "lastvs": "8"}, {"firstvs": "9", "id": "16-09", "lastvs": "10"}, {"firstvs": "11", "id": "16-11", "lastvs": "12"}, {"firstvs": "13", "id": "16-13", "lastvs": "14"}, {"firstvs": "15", "id": "16-15", "lastvs": "17"}, {"firstvs": "18", "id": "16-18", "lastvs": "19"}, {"firstvs": "20", "id": "16-20", "lastvs": "22"}, {"firstvs": "1", "id": "17-01", "lastvs": "3"}, {"firstvs": "4", "id": "17-04", "lastvs": "5"}, {"firstvs": "6", "id": "17-06", "lastvs": "8"}, {"firstvs": "9", "id": "17-09", "lastvs": "10"}, {"firstvs": "11", "id": "17-11", "lastvs": "12"}, {"firstvs": "13", "id": "17-13", "lastvs": "16"}, {"firstvs": "1", "id": "18-01", "lastvs": "2"}, {"firstvs": "3", "id": "18-03", "lastvs": "4"}, {"firstvs": "5", "id": "18-05", "lastvs": "6"}, {"firstvs": "7", "id": "18-07", "lastvs": "8"}, {"firstvs": "9", "id": "18-09", "lastvs": "11"}, {"firstvs": "12", "id": "18-12", "lastvs": "13"}, {"firstvs": "14", "id": "18-14", "lastvs": "15"}, {"firstvs": "16", "id": "18-16", "lastvs": "17"}, {"firstvs": "18", "id": "18-18", "lastvs": "20"}, {"firstvs": "21", "id": "18-21", "lastvs": "21"}, {"firstvs": "1", "id": "19-01", "lastvs": "2"}, {"firstvs": "3", "id": "19-03", "lastvs": "4"}, {"firstvs": "5", "id": "19-05", "lastvs": "6"}, {"firstvs": "7", "id": "19-07", "lastvs": "9"}, {"firstvs": "10", "id": "19-10", "lastvs": "12"}, {"firstvs": "13", "id": "19-13", "lastvs": "14"}, {"firstvs": "15", "id": "19-15", "lastvs": "16"}, {"firstvs": "17", "id": "19-17", "lastvs": "19"}, {"firstvs": "20", "id": "19-20", "lastvs": "22"}, {"firstvs": "23", "id": "19-23", "lastvs": "24"}, {"firstvs": "25", "id": "19-25", "lastvs": "27"}, {"firstvs": "28", "id": "19-28", "lastvs": "29"}, {"firstvs": "1", "id": "20-01", "lastvs": "3"}, {"firstvs": "4", "id": "20-04", "lastvs": "5"}, {"firstvs": "6", "id": "20-06", "lastvs": "7"}, {"firstvs": "8", "id": "20-08", "lastvs": "9"}, {"firstvs": "10", "id": "20-10", "lastvs": "11"}, {"firstvs": "12", "id": "20-12", "lastvs": "14"}, {"firstvs": "15", "id": "20-15", "lastvs": "16"}, {"firstvs": "17", "id": "20-17", "lastvs": "19"}, {"firstvs": "20", "id": "20-20", "lastvs": "22"}, {"firstvs": "23", "id": "20-23", "lastvs": "25"}, {"firstvs": "26", "id": "20-26", "lastvs": "27"}, {"firstvs": "28", "id": "20-28", "lastvs": "29"}, {"firstvs": "1", "id": "21-01", "lastvs": "3"}, {"firstvs": "4", "id": "21-04", "lastvs": "6"}, {"firstvs": "7", "id": "21-07", "lastvs": "9"}, {"firstvs": "10", "id": "21-10", "lastvs": "12"}, {"firstvs": "13", "id": "21-13", "lastvs": "15"}, {"firstvs": "16", "id": "21-16", "lastvs": "18"}, {"firstvs": "19", "id": "21-19", "lastvs": "21"}, {"firstvs": "22", "id": "21-22", "lastvs": "24"}, {"firstvs": "25", "id": "21-25", "lastvs": "26"}, {"firstvs": "27", "id": "21-27", "lastvs": "28"}, {"firstvs": "29", "id": "21-29", "lastvs": "30"}, {"firstvs": "31", "id": "21-31", "lastvs": "33"}, {"firstvs": "34", "id": "21-34", "lastvs": "34"}, {"firstvs": "1", "id": "22-01", "lastvs": "3"}, {"firstvs": "4", "id": "22-04", "lastvs": "5"}, {"firstvs": "6", "id": "22-06", "lastvs": "8"}, {"firstvs": "9", "id": "22-09", "lastvs": "11"}, {"firstvs": "12", "id": "22-12", "lastvs": "14"}, {"firstvs": "15", "id": "22-15", "lastvs": "17"}, {"firstvs": "18", "id": "22-18", "lastvs": "20"}, {"firstvs": "21", "id": "22-21", "lastvs": "22"}, {"firstvs": "23", "id": "22-23", "lastvs": "25"}, {"firstvs": "26", "id": "22-26", "lastvs": "28"}, {"firstvs": "29", "id": "22-29", "lastvs": "30"}, {"firstvs": "1", "id": "23-01", "lastvs": "2"}, {"firstvs": "3", "id": "23-03", "lastvs": "5"}, {"firstvs": "6", "id": "23-06", "lastvs": "7"}, {"firstvs": "8", "id": "23-08", "lastvs": "9"}, {"firstvs": "10", "id": "23-10", "lastvs": "12"}, {"firstvs": "13", "id": "23-13", "lastvs": "14"}, {"firstvs": "15", "id": "23-15", "lastvs": "17"}, {"firstvs": "1", "id": "24-01", "lastvs": "1"}, {"firstvs": "2", "id": "24-02", "lastvs": "4"}, {"firstvs": "5", "id": "24-05", "lastvs": "7"}, {"firstvs": "8", "id": "24-08", "lastvs": "10"}, {"firstvs": "11", "id": "24-11", "lastvs": "12"}, {"firstvs": "13", "id": "24-13", "lastvs": "14"}, {"firstvs": "15", "id": "24-15", "lastvs": "17"}, {"firstvs": "18", "id": "24-18", "lastvs": "19"}, {"firstvs": "20", "id": "24-20", "lastvs": "21"}, {"firstvs": "22", "id": "24-22", "lastvs": "23"}, {"firstvs": "24", "id": "24-24", "lastvs": "25"}, {"firstvs": "1", "id": "25-01", "lastvs": "3"}, {"firstvs": "4", "id": "25-04", "lastvs": "6"}, {"firstvs": "1", "id": "26-01", "lastvs": "4"}, {"firstvs": "5", "id": "26-05", "lastvs": "6"}, {"firstvs": "7", "id": "26-07", "lastvs": "8"}, {"firstvs": "9", "id": "26-09", "lastvs": "10"}, {"firstvs": "11", "id": "26-11", "lastvs": "12"}, {"firstvs": "13", "id": "26-13", "lastvs": "14"}, {"firstvs": "1", "id": "27-01", "lastvs": "3"}, {"firstvs": "4", "id": "27-04", "lastvs": "5"}, {"firstvs": "6", "id": "27-06", "lastvs": "7"}, {"firstvs": "8", "id": "27-08", "lastvs": "10"}, {"firstvs": "11", "id": "27-11", "lastvs": "12"}, {"firstvs": "13", "id": "27-13", "lastvs": "14"}, {"firstvs": "15", "id": "27-15", "lastvs": "17"}, {"firstvs": "18", "id": "27-18", "lastvs": "19"}, {"firstvs": "20", "id": "27-20", "lastvs": "21"}, {"firstvs": "22", "id": "27-22", "lastvs": "23"}, {"firstvs": "1", "id": "28-01", "lastvs": "2"}, {"firstvs": "3", "id": "28-03", "lastvs": "4"}, {"firstvs": "5", "id": "28-05", "lastvs": "6"}, {"firstvs": "7", "id": "28-07", "lastvs": "8"}, {"firstvs": "9", "id": "28-09", "lastvs": "11"}, {"firstvs": "12", "id": "28-12", "lastvs": "14"}, {"firstvs": "15", "id": "28-15", "lastvs": "17"}, {"firstvs": "18", "id": "28-18", "lastvs": "19"}, {"firstvs": "20", "id": "28-20", "lastvs": "22"}, {"firstvs": "23", "id": "28-23", "lastvs": "25"}, {"firstvs": "26", "id": "28-26", "lastvs": "28"}, {"firstvs": "1", "id": "29-01", "lastvs": "3"}, {"firstvs": "4", "id": "29-04", "lastvs": "6"}, {"firstvs": "7", "id": "29-07", "lastvs": "8"}, {"firstvs": "9", "id": "29-09", "lastvs": "10"}, {"firstvs": "11", "id": "29-11", "lastvs": "13"}, {"firstvs": "14", "id": "29-14", "lastvs": "16"}, {"firstvs": "17", "id": "29-17", "lastvs": "19"}, {"firstvs": "20", "id": "29-20", "lastvs": "22"}, {"firstvs": "23", "id": "29-23", "lastvs": "24"}, {"firstvs": "25", "id": "29-25", "lastvs": "25"}, {"firstvs": "1", "id": "30-01", "lastvs": "3"}, {"firstvs": "4", "id": "30-04", "lastvs": "6"}, {"firstvs": "7", "id": "30-07", "lastvs": "8"}, {"firstvs": "9", "id": "30-09", "lastvs": "11"}, {"firstvs": "12", "id": "30-12", "lastvs": "13"}, {"firstvs": "14", "id": "30-14", "lastvs": "15"}, {"firstvs": "16", "id": "30-16", "lastvs": "17"}, {"firstvs": "18", "id": "30-18", "lastvs": "19"}, {"firstvs": "20", "id": "30-20", "lastvs": "21"}, {"firstvs": "22", "id": "30-22", "lastvs": "23"}, {"firstvs": "24", "id": "30-24", "lastvs": "26"}, {"firstvs": "27", "id": "30-27", "lastvs": "29"}, {"firstvs": "30", "id": "30-30", "lastvs": "31"}, {"firstvs": "1", "id": "31-01", "lastvs": "2"}, {"firstvs": "3", "id": "31-03", "lastvs": "4"}, {"firstvs": "5", "id": "31-05", "lastvs": "6"}, {"firstvs": "7", "id": "31-07", "lastvs": "8"}, {"firstvs": "9", "id": "31-09", "lastvs": "10"}, {"firstvs": "11", "id": "31-11", "lastvs": "12"}, {"firstvs": "13", "id": "31-13", "lastvs": "15"}, {"firstvs": "16", "id": "31-16", "lastvs": "18"}, {"firstvs": "19", "id": "31-19", "lastvs": "21"}, {"firstvs": "22", "id": "31-22", "lastvs": "23"}, {"firstvs": "24", "id": "31-24", "lastvs": "25"}, {"firstvs": "26", "id": "31-26", "lastvs": "28"}, {"firstvs": "29", "id": "31-29", "lastvs": "30"}, {"firstvs": "31", "id": "31-31", "lastvs": "32"}, {"firstvs": "33", "id": "31-33", "lastvs": "34"}, {"firstvs": "35", "id": "31-35", "lastvs": "37"}, {"firstvs": "38", "id": "31-38", "lastvs": "40"}, {"firstvs": "1", "id": "32-01", "lastvs": "2"}, {"firstvs": "3", "id": "32-03", "lastvs": "5"}, {"firstvs": "6", "id": "32-06", "lastvs": "7"}, {"firstvs": "8", "id": "32-08", "lastvs": "10"}, {"firstvs": "11", "id": "32-11", "lastvs": "12"}, {"firstvs": "13", "id": "32-13", "lastvs": "14"}, {"firstvs": "15", "id": "32-15", "lastvs": "16"}, {"firstvs": "17", "id": "32-17", "lastvs": "19"}, {"firstvs": "20", "id": "32-20", "lastvs": "22"}, {"firstvs": "1", "id": "33-01", "lastvs": "3"}, {"firstvs": "4", "id": "33-04", "lastvs": "5"}, {"firstvs": "6", "id": "33-06", "lastvs": "7"}, {"firstvs": "8", "id": "33-08", "lastvs": "9"}, {"firstvs": "10", "id": "33-10", "lastvs": "12"}, {"firstvs": "13", "id": "33-13", "lastvs": "15"}, {"firstvs": "16", "id": "33-16", "lastvs": "18"}, {"firstvs": "19", "id": "33-19", "lastvs": "20"}, {"firstvs": "21", "id": "33-21", "lastvs": "22"}, {"firstvs": "23", "id": "33-23", "lastvs": "24"}, {"firstvs": "25", "id": "33-25", "lastvs": "26"}, {"firstvs": "27", "id": "33-27", "lastvs": "28"}, {"firstvs": "29", "id": "33-29", "lastvs": "30"}, {"firstvs": "31", "id": "33-31", "lastvs": "33"}, {"firstvs": "1", "id": "34-01", "lastvs": "3"}, {"firstvs": "4", "id": "34-04", "lastvs": "6"}, {"firstvs": "7", "id": "34-07", "lastvs": "9"}, {"firstvs": "10", "id": "34-10", "lastvs": "12"}, {"firstvs": "13", "id": "34-13", "lastvs": "15"}, {"firstvs": "16", "id": "34-16", "lastvs": "17"}, {"firstvs": "18", "id": "34-18", "lastvs": "20"}, {"firstvs": "21", "id": "34-21", "lastvs": "23"}, {"firstvs": "24", "id": "34-24", "lastvs": "25"}, {"firstvs": "26", "id": "34-26", "lastvs": "28"}, {"firstvs": "29", "id": "34-29", "lastvs": "30"}, {"firstvs": "31", "id": "34-31", "lastvs": "33"}, {"firstvs": "34", "id": "34-34", "lastvs": "35"}, {"firstvs": "36", "id": "34-36", "lastvs": "37"}, {"firstvs": "1", "id": "35-01", "lastvs": "3"}, {"firstvs": "4", "id": "35-04", "lastvs": "5"}, {"firstvs": "6", "id": "35-06", "lastvs": "8"}, {"firstvs": "9", "id": "35-09", "lastvs": "11"}, {"firstvs": "12", "id": "35-12", "lastvs": "14"}, {"firstvs": "15", "id": "35-15", "lastvs": "16"}, {"firstvs": "1", "id": "36-01", "lastvs": "3"}, {"firstvs": "4", "id": "36-04", "lastvs": "5"}, {"firstvs": "6", "id": "36-06", "lastvs": "7"}, {"firstvs": "8", "id": "36-08", "lastvs": "9"}, {"firstvs": "10", "id": "36-10", "lastvs": "12"}, {"firstvs": "13", "id": "36-13", "lastvs": "14"}, {"firstvs": "15", "id": "36-15", "lastvs": "16"}, {"firstvs": "17", "id": "36-17", "lastvs": "18"}, {"firstvs": "19", "id": "36-19", "lastvs": "21"}, {"firstvs": "22", "id": "36-22", "lastvs": "24"}, {"firstvs": "25", "id": "36-25", "lastvs": "26"}, {"firstvs": "27", "id": "36-27", "lastvs": "29"}, {"firstvs": "30", "id": "36-30", "lastvs": "31"}, {"firstvs": "32", "id": "36-32", "lastvs": "33"}, {"firstvs": "1", "id": "37-01", "lastvs": "3"}, {"firstvs": "4", "id": "37-04", "lastvs": "6"}, {"firstvs": "7", "id": "37-07", "lastvs": "9"}, {"firstvs": "10", "id": "37-10", "lastvs": "11"}, {"firstvs": "12", "id": "37-12", "lastvs": "13"}, {"firstvs": "14", "id": "37-14", "lastvs": "15"}, {"firstvs": "16", "id": "37-16", "lastvs": "17"}, {"firstvs": "18", "id": "37-18", "lastvs": "20"}, {"firstvs": "21", "id": "37-21", "lastvs": "22"}, {"firstvs": "23", "id": "37-23", "lastvs": "24"}, {"firstvs": "1", "id": "38-01", "lastvs": "3"}, {"firstvs": "4", "id": "38-04", "lastvs": "5"}, {"firstvs": "6", "id": "38-06", "lastvs": "7"}, {"firstvs": "8", "id": "38-08", "lastvs": "9"}, {"firstvs": "10", "id": "38-10", "lastvs": "11"}, {"firstvs": "12", "id": "38-12", "lastvs": "13"}, {"firstvs": "14", "id": "38-14", "lastvs": "15"}, {"firstvs": "16", "id": "38-16", "lastvs": "18"}, {"firstvs": "19", "id": "38-19", "lastvs": "21"}, {"firstvs": "22", "id": "38-22", "lastvs": "24"}, {"firstvs": "25", "id": "38-25", "lastvs": "27"}, {"firstvs": "28", "id": "38-28", "lastvs": "30"}, {"firstvs": "31", "id": "38-31", "lastvs": "33"}, {"firstvs": "34", "id": "38-34", "lastvs": "35"}, {"firstvs": "36", "id": "38-36", "lastvs": "38"}, {"firstvs": "39", "id": "38-39", "lastvs": "40"}, {"firstvs": "41", "id": "38-41", "lastvs": "41"}, {"firstvs": "1", "id": "39-01", "lastvs": "2"}, {"firstvs": "3", "id": "39-03", "lastvs": "4"}, {"firstvs": "5", "id": "39-05", "lastvs": "6"}, {"firstvs": "7", "id": "39-07", "lastvs": "8"}, {"firstvs": "9", "id": "39-09", "lastvs": "10"}, {"firstvs": "11", "id": "39-11", "lastvs": "12"}, {"firstvs": "13", "id": "39-13", "lastvs": "15"}, {"firstvs": "16", "id": "39-16", "lastvs": "18"}, {"firstvs": "19", "id": "39-19", "lastvs": "20"}, {"firstvs": "21", "id": "39-21", "lastvs": "23"}, {"firstvs": "24", "id": "39-24", "lastvs": "25"}, {"firstvs": "26", "id": "39-26", "lastvs": "26"}, {"firstvs": "27", "id": "39-27", "lastvs": "28"}, {"firstvs": "29", "id": "39-29", "lastvs": "30"}, {"firstvs": "1", "id": "40-01", "lastvs": "2"}, {"firstvs": "3", "id": "40-03", "lastvs": "5"}, {"firstvs": "6", "id": "40-06", "lastvs": "7"}, {"firstvs": "8", "id": "40-08", "lastvs": "9"}, {"firstvs": "10", "id": "40-10", "lastvs": "11"}, {"firstvs": "12", "id": "40-12", "lastvs": "14"}, {"firstvs": "15", "id": "40-15", "lastvs": "16"}, {"firstvs": "17", "id": "40-17", "lastvs": "18"}, {"firstvs": "19", "id": "40-19", "lastvs": "21"}, {"firstvs": "22", "id": "40-22", "lastvs": "24"}, {"firstvs": "1", "id": "41-01", "lastvs": "3"}, {"firstvs": "4", "id": "41-04", "lastvs": "6"}, {"firstvs": "7", "id": "41-07", "lastvs": "9"}, {"firstvs": "10", "id": "41-10", "lastvs": "12"}, {"firstvs": "13", "id": "41-13", "lastvs": "15"}, {"firstvs": "16", "id": "41-16", "lastvs": "18"}, {"firstvs": "19", "id": "41-19", "lastvs": "21"}, {"firstvs": "22", "id": "41-22", "lastvs": "24"}, {"firstvs": "25", "id": "41-25", "lastvs": "27"}, {"firstvs": "28", "id": "41-28", "lastvs": "30"}, {"firstvs": "31", "id": "41-31", "lastvs": "32"}, {"firstvs": "33", "id": "41-33", "lastvs": "34"}, {"firstvs": "1", "id": "42-01", "lastvs": "3"}, {"firstvs": "4", "id": "42-04", "lastvs": "6"}, {"firstvs": "7", "id": "42-07", "lastvs": "9"}, {"firstvs": "10", "id": "42-10", "lastvs": "11"}, {"firstvs": "12", "id": "42-12", "lastvs": "14"}, {"firstvs": "15", "id": "42-00", "lastvs": "17"}]