[{"firstvs": "1", "id": "01-01", "lastvs": "1"}, {"firstvs": "2", "id": "01-02", "lastvs": "5"}, {"firstvs": "6", "id": "01-06", "lastvs": "7"}, {"firstvs": "8", "id": "01-08", "lastvs": "11"}, {"firstvs": "12", "id": "01-12", "lastvs": "13"}, {"firstvs": "14", "id": "01-14", "lastvs": "17"}, {"firstvs": "1", "id": "02-01", "lastvs": "3"}, {"firstvs": "4", "id": "02-04", "lastvs": "5"}, {"firstvs": "6", "id": "02-06", "lastvs": "7"}, {"firstvs": "8", "id": "02-08", "lastvs": "10"}, {"firstvs": "11", "id": "02-11", "lastvs": "12"}, {"firstvs": "13", "id": "02-13", "lastvs": "14"}, {"firstvs": "15", "id": "02-15", "lastvs": "18"}, {"firstvs": "1", "id": "03-01", "lastvs": "3"}, {"firstvs": "4", "id": "03-04", "lastvs": "5"}, {"firstvs": "6", "id": "03-06", "lastvs": "7"}, {"firstvs": "8", "id": "03-08", "lastvs": "9"}, {"firstvs": "10", "id": "03-10", "lastvs": "12"}, {"firstvs": "13", "id": "03-13", "lastvs": "17"}, {"firstvs": "1", "id": "04-01", "lastvs": "3"}, {"firstvs": "4", "id": "04-04", "lastvs": "6"}, {"firstvs": "7", "id": "04-07", "lastvs": "8"}, {"firstvs": "9", "id": "04-09", "lastvs": "10"}, {"firstvs": "11", "id": "04-11", "lastvs": "13"}, {"firstvs": "14", "id": "04-14", "lastvs": "16"}, {"firstvs": "17", "id": "04-17", "lastvs": "18"}, {"firstvs": "19", "id": "04-19", "lastvs": "22"}, {"firstvs": "1", "id": "05-01", "lastvs": "1"}, {"firstvs": "2", "id": "05-02", "lastvs": "3"}, {"firstvs": "4", "id": "05-04", "lastvs": "6"}, {"firstvs": "7", "id": "05-07", "lastvs": "8"}, {"firstvs": "9", "id": "05-09", "lastvs": "10"}, {"firstvs": "11", "id": "05-11", "lastvs": "14"}, {"firstvs": "1", "id": "06-01", "lastvs": "3"}, {"firstvs": "4", "id": "06-04", "lastvs": "6"}, {"firstvs": "7", "id": "06-07", "lastvs": "9"}, {"firstvs": "10", "id": "06-10", "lastvs": "11"}, {"firstvs": "12", "id": "06-12", "lastvs": "13"}, {"firstvs": "14", "id": "06-14", "lastvs": "15"}, {"firstvs": "16", "id": "06-16", "lastvs": "17"}, {"firstvs": "18", "id": "06-18", "lastvs": "20"}, {"firstvs": "21", "id": "06-21", "lastvs": "21"}, {"firstvs": "22", "id": "06-22", "lastvs": "23"}, {"firstvs": "24", "id": "06-24", "lastvs": "25"}, {"firstvs": "26", "id": "06-26", "lastvs": "27"}, {"firstvs": "28", "id": "06-28", "lastvs": "31"}, {"firstvs": "32", "id": "06-32", "lastvs": "33"}, {"firstvs": "34", "id": "06-34", "lastvs": "35"}, {"firstvs": "36", "id": "06-36", "lastvs": "42"}, {"firstvs": "1", "id": "07-01", "lastvs": "3"}, {"firstvs": "4", "id": "07-04", "lastvs": "6"}, {"firstvs": "7", "id": "07-07", "lastvs": "7"}, {"firstvs": "8", "id": "07-08", "lastvs": "10"}, {"firstvs": "11", "id": "07-11", "lastvs": "12"}, {"firstvs": "13", "id": "07-13", "lastvs": "15"}, {"firstvs": "16", "id": "07-16", "lastvs": "18"}, {"firstvs": "19", "id": "07-19", "lastvs": "22"}, {"firstvs": "1", "id": "08-01", "lastvs": "2"}, {"firstvs": "3", "id": "08-03", "lastvs": "4"}, {"firstvs": "5", "id": "08-05", "lastvs": "6"}, {"firstvs": "7", "id": "08-07", "lastvs": "8"}, {"firstvs": "9", "id": "08-09", "lastvs": "10"}, {"firstvs": "11", "id": "08-11", "lastvs": "11"}, {"firstvs": "12", "id": "08-12", "lastvs": "13"}, {"firstvs": "14", "id": "08-14", "lastvs": "15"}, {"firstvs": "16", "id": "08-16", "lastvs": "18"}, {"firstvs": "1", "id": "09-01", "lastvs": "2"}, {"firstvs": "3", "id": "09-03", "lastvs": "4"}, {"firstvs": "5", "id": "09-05", "lastvs": "6"}, {"firstvs": "7", "id": "09-07", "lastvs": "8"}, {"firstvs": "9", "id": "09-09", "lastvs": "9"}, {"firstvs": "10", "id": "09-10", "lastvs": "12"}, {"firstvs": "13", "id": "09-13", "lastvs": "14"}, {"firstvs": "15", "id": "09-15", "lastvs": "16"}, {"firstvs": "17", "id": "09-17", "lastvs": "18"}, {"firstvs": "19", "id": "09-19", "lastvs": "21"}, {"firstvs": "22", "id": "09-22", "lastvs": "24"}, {"firstvs": "25", "id": "09-25", "lastvs": "26"}, {"firstvs": "27", "id": "09-27", "lastvs": "31"}, {"firstvs": "1", "id": "10-01", "lastvs": "2"}, {"firstvs": "3", "id": "10-03", "lastvs": "5"}, {"firstvs": "6", "id": "10-06", "lastvs": "7"}, {"firstvs": "8", "id": "10-08", "lastvs": "9"}, {"firstvs": "10", "id": "10-10", "lastvs": "11"}, {"firstvs": "12", "id": "10-12", "lastvs": "14"}, {"firstvs": "15", "id": "10-15", "lastvs": "15"}, {"firstvs": "16", "id": "10-16", "lastvs": "19"}, {"firstvs": "1", "id": "11-01", "lastvs": "1"}, {"firstvs": "2", "id": "11-02", "lastvs": "4"}, {"firstvs": "5", "id": "11-05", "lastvs": "10"}, {"firstvs": "11", "id": "11-11", "lastvs": "12"}, {"firstvs": "13", "id": "11-13", "lastvs": "15"}, {"firstvs": "16", "id": "11-16", "lastvs": "17"}, {"firstvs": "18", "id": "11-18", "lastvs": "19"}, {"firstvs": "20", "id": "11-20", "lastvs": "21"}, {"firstvs": "22", "id": "11-22", "lastvs": "23"}, {"firstvs": "1", "id": "12-01", "lastvs": "1"}, {"firstvs": "2", "id": "12-02", "lastvs": "4"}, {"firstvs": "5", "id": "12-05", "lastvs": "6"}, {"firstvs": "7", "id": "12-07", "lastvs": "8"}, {"firstvs": "9", "id": "12-09", "lastvs": "10"}, {"firstvs": "11", "id": "12-11", "lastvs": "12"}, {"firstvs": "13", "id": "12-13", "lastvs": "16"}, {"firstvs": "1", "id": "13-01", "lastvs": "3"}, {"firstvs": "4", "id": "13-04", "lastvs": "5"}, {"firstvs": "6", "id": "13-06", "lastvs": "7"}, {"firstvs": "8", "id": "13-08", "lastvs": "9"}, {"firstvs": "10", "id": "13-10", "lastvs": "11"}, {"firstvs": "12", "id": "13-12", "lastvs": "12"}, {"firstvs": "13", "id": "13-13", "lastvs": "15"}, {"firstvs": "16", "id": "13-16", "lastvs": "22"}, {"firstvs": "1", "id": "14-01", "lastvs": "4"}, {"firstvs": "5", "id": "14-05", "lastvs": "6"}, {"firstvs": "7", "id": "14-07", "lastvs": "8"}, {"firstvs": "9", "id": "14-09", "lastvs": "11"}, {"firstvs": "12", "id": "14-12", "lastvs": "15"}, {"firstvs": "1", "id": "15-01", "lastvs": "2"}, {"firstvs": "3", "id": "15-03", "lastvs": "5"}, {"firstvs": "6", "id": "15-06", "lastvs": "7"}, {"firstvs": "8", "id": "15-08", "lastvs": "9"}, {"firstvs": "10", "id": "15-10", "lastvs": "11"}, {"firstvs": "12", "id": "15-12", "lastvs": "13"}, {"firstvs": "14", "id": "15-14", "lastvs": "15"}, {"firstvs": "16", "id": "15-16", "lastvs": "19"}, {"firstvs": "1", "id": "16-01", "lastvs": "1"}, {"firstvs": "2", "id": "16-02", "lastvs": "3"}, {"firstvs": "4", "id": "16-04", "lastvs": "6"}, {"firstvs": "7", "id": "16-07", "lastvs": "8"}, {"firstvs": "9", "id": "16-09", "lastvs": "10"}, {"firstvs": "11", "id": "16-11", "lastvs": "12"}, {"firstvs": "13", "id": "16-13", "lastvs": "14"}, {"firstvs": "1", "id": "17-01", "lastvs": "2"}, {"firstvs": "3", "id": "17-03", "lastvs": "4"}, {"firstvs": "5", "id": "17-05", "lastvs": "6"}, {"firstvs": "7", "id": "17-07", "lastvs": "9"}, {"firstvs": "10", "id": "17-10", "lastvs": "11"}, {"firstvs": "12", "id": "17-12", "lastvs": "13"}, {"firstvs": "14", "id": "17-14", "lastvs": "19"}, {"firstvs": "1", "id": "18-01", "lastvs": "3"}, {"firstvs": "4", "id": "18-04", "lastvs": "5"}, {"firstvs": "6", "id": "18-06", "lastvs": "8"}, {"firstvs": "9", "id": "18-09", "lastvs": "11"}, {"firstvs": "12", "id": "18-12", "lastvs": "14"}, {"firstvs": "15", "id": "18-15", "lastvs": "16"}, {"firstvs": "17", "id": "18-17", "lastvs": "18"}, {"firstvs": "19", "id": "18-19", "lastvs": "19"}, {"firstvs": "20", "id": "18-20", "lastvs": "21"}, {"firstvs": "22", "id": "18-22", "lastvs": "22"}, {"firstvs": "23", "id": "18-23", "lastvs": "24"}, {"firstvs": "25", "id": "18-25", "lastvs": "27"}, {"firstvs": "28", "id": "18-28", "lastvs": "30"}, {"firstvs": "31", "id": "18-31", "lastvs": "32"}, {"firstvs": "33", "id": "18-33", "lastvs": "34"}, {"firstvs": "1", "id": "19-01", "lastvs": "3"}, {"firstvs": "4", "id": "19-04", "lastvs": "5"}, {"firstvs": "6", "id": "19-06", "lastvs": "7"}, {"firstvs": "8", "id": "19-08", "lastvs": "9"}, {"firstvs": "10", "id": "19-10", "lastvs": "10"}, {"firstvs": "11", "id": "19-11", "lastvs": "11"}, {"firstvs": "1", "id": "20-01", "lastvs": "2"}, {"firstvs": "3", "id": "20-03", "lastvs": "4"}, {"firstvs": "5", "id": "20-05", "lastvs": "7"}, {"firstvs": "8", "id": "20-08", "lastvs": "9"}, {"firstvs": "10", "id": "20-10", "lastvs": "11"}, {"firstvs": "12", "id": "20-12", "lastvs": "13"}, {"firstvs": "14", "id": "20-14", "lastvs": "15"}, {"firstvs": "16", "id": "20-16", "lastvs": "17"}, {"firstvs": "18", "id": "20-18", "lastvs": "19"}, {"firstvs": "20", "id": "20-20", "lastvs": "21"}, {"firstvs": "22", "id": "20-22", "lastvs": "23"}, {"firstvs": "24", "id": "20-24", "lastvs": "24"}, {"firstvs": "25", "id": "20-25", "lastvs": "26"}, {"firstvs": "27", "id": "20-27", "lastvs": "28"}, {"firstvs": "29", "id": "20-29", "lastvs": "30"}, {"firstvs": "31", "id": "20-31", "lastvs": "33"}, {"firstvs": "34", "id": "20-34", "lastvs": "34"}, {"firstvs": "35", "id": "20-35", "lastvs": "37"}, {"firstvs": "1", "id": "21-01", "lastvs": "3"}, {"firstvs": "4", "id": "21-04", "lastvs": "5"}, {"firstvs": "6", "id": "21-06", "lastvs": "7"}, {"firstvs": "8", "id": "21-08", "lastvs": "10"}, {"firstvs": "11", "id": "21-11", "lastvs": "11"}, {"firstvs": "12", "id": "21-12", "lastvs": "15"}, {"firstvs": "16", "id": "21-16", "lastvs": "17"}, {"firstvs": "18", "id": "21-18", "lastvs": "20"}, {"firstvs": "1", "id": "22-01", "lastvs": "3"}, {"firstvs": "4", "id": "22-04", "lastvs": "5"}, {"firstvs": "6", "id": "22-06", "lastvs": "6"}, {"firstvs": "7", "id": "22-07", "lastvs": "8"}, {"firstvs": "9", "id": "22-09", "lastvs": "9"}, {"firstvs": "10", "id": "22-10", "lastvs": "12"}, {"firstvs": "1", "id": "23-01", "lastvs": "3"}, {"firstvs": "4", "id": "23-04", "lastvs": "5"}, {"firstvs": "6", "id": "23-06", "lastvs": "7"}, {"firstvs": "8", "id": "23-08", "lastvs": "9"}, {"firstvs": "10", "id": "23-10", "lastvs": "11"}, {"firstvs": "12", "id": "23-12", "lastvs": "13"}, {"firstvs": "14", "id": "23-14", "lastvs": "15"}, {"firstvs": "16", "id": "23-16", "lastvs": "17"}, {"firstvs": "18", "id": "23-18", "lastvs": "19"}, {"firstvs": "20", "id": "23-20", "lastvs": "21"}, {"firstvs": "1", "id": "24-01", "lastvs": "3"}, {"firstvs": "4", "id": "24-04", "lastvs": "5"}, {"firstvs": "6", "id": "24-06", "lastvs": "7"}, {"firstvs": "8", "id": "24-08", "lastvs": "10"}, {"firstvs": "11", "id": "24-11", "lastvs": "12"}, {"firstvs": "13", "id": "24-13", "lastvs": "14"}, {"firstvs": "15", "id": "24-15", "lastvs": "16"}, {"firstvs": "17", "id": "24-17", "lastvs": "19"}, {"firstvs": "20", "id": "24-20", "lastvs": "22"}, {"firstvs": "23", "id": "24-23", "lastvs": "24"}, {"firstvs": "25", "id": "24-25", "lastvs": "26"}, {"firstvs": "27", "id": "24-27", "lastvs": "27"}, {"firstvs": "1", "id": "25-01", "lastvs": "2"}, {"firstvs": "3", "id": "25-03", "lastvs": "4"}, {"firstvs": "5", "id": "25-05", "lastvs": "6"}, {"firstvs": "7", "id": "25-07", "lastvs": "8"}, {"firstvs": "9", "id": "25-09", "lastvs": "10"}, {"firstvs": "11", "id": "25-11", "lastvs": "12"}, {"firstvs": "13", "id": "25-13", "lastvs": "13"}, {"firstvs": "14", "id": "25-14", "lastvs": "15"}, {"firstvs": "16", "id": "25-16", "lastvs": "16"}, {"firstvs": "17", "id": "25-17", "lastvs": "17"}, {"firstvs": "18", "id": "25-18", "lastvs": "19"}, {"firstvs": "20", "id": "25-20", "lastvs": "22"}, {"firstvs": "23", "id": "25-23", "lastvs": "24"}, {"firstvs": "25", "id": "25-25", "lastvs": "26"}, {"firstvs": "27", "id": "25-27", "lastvs": "28"}, {"firstvs": "1", "id": "26-01", "lastvs": "3"}, {"firstvs": "4", "id": "26-04", "lastvs": "5"}, {"firstvs": "6", "id": "26-06", "lastvs": "8"}, {"firstvs": "9", "id": "26-09", "lastvs": "10"}, {"firstvs": "11", "id": "26-11", "lastvs": "13"}, {"firstvs": "14", "id": "26-14", "lastvs": "15"}, {"firstvs": "16", "id": "26-16", "lastvs": "18"}, {"firstvs": "19", "id": "26-19", "lastvs": "20"}, {"firstvs": "21", "id": "26-21", "lastvs": "21"}, {"firstvs": "22", "id": "26-22", "lastvs": "23"}, {"firstvs": "1", "id": "27-01", "lastvs": "2"}, {"firstvs": "3", "id": "27-03", "lastvs": "4"}, {"firstvs": "5", "id": "27-05", "lastvs": "5"}, {"firstvs": "6", "id": "27-06", "lastvs": "7"}, {"firstvs": "8", "id": "27-08", "lastvs": "9"}, {"firstvs": "1", "id": "28-01", "lastvs": "2"}, {"firstvs": "3", "id": "28-03", "lastvs": "4"}, {"firstvs": "5", "id": "28-05", "lastvs": "6"}, {"firstvs": "7", "id": "28-07", "lastvs": "8"}, {"firstvs": "9", "id": "28-09", "lastvs": "11"}, {"firstvs": "12", "id": "28-12", "lastvs": "13"}, {"firstvs": "14", "id": "28-14", "lastvs": "15"}, {"firstvs": "16", "id": "28-16", "lastvs": "18"}, {"firstvs": "19", "id": "28-19", "lastvs": "21"}, {"firstvs": "22", "id": "28-22", "lastvs": "23"}, {"firstvs": "24", "id": "28-24", "lastvs": "25"}, {"firstvs": "26", "id": "28-26", "lastvs": "27"}, {"firstvs": "1", "id": "29-01", "lastvs": "2"}, {"firstvs": "3", "id": "29-03", "lastvs": "5"}, {"firstvs": "6", "id": "29-06", "lastvs": "7"}, {"firstvs": "8", "id": "29-08", "lastvs": "9"}, {"firstvs": "10", "id": "29-10", "lastvs": "11"}, {"firstvs": "12", "id": "29-12", "lastvs": "14"}, {"firstvs": "15", "id": "29-15", "lastvs": "17"}, {"firstvs": "18", "id": "29-18", "lastvs": "19"}, {"firstvs": "20", "id": "29-20", "lastvs": "21"}, {"firstvs": "22", "id": "29-22", "lastvs": "24"}, {"firstvs": "25", "id": "29-25", "lastvs": "26"}, {"firstvs": "27", "id": "29-27", "lastvs": "28"}, {"firstvs": "29", "id": "29-29", "lastvs": "30"}, {"firstvs": "31", "id": "29-31", "lastvs": "31"}, {"firstvs": "32", "id": "29-32", "lastvs": "33"}, {"firstvs": "34", "id": "29-34", "lastvs": "34"}, {"firstvs": "35", "id": "29-35", "lastvs": "36"}, {"firstvs": "1", "id": "30-01", "lastvs": "3"}, {"firstvs": "4", "id": "30-04", "lastvs": "5"}, {"firstvs": "6", "id": "30-06", "lastvs": "6"}, {"firstvs": "7", "id": "30-07", "lastvs": "9"}, {"firstvs": "10", "id": "30-10", "lastvs": "12"}, {"firstvs": "13", "id": "30-13", "lastvs": "15"}, {"firstvs": "16", "id": "30-16", "lastvs": "17"}, {"firstvs": "18", "id": "30-18", "lastvs": "20"}, {"firstvs": "21", "id": "30-21", "lastvs": "22"}, {"firstvs": "23", "id": "30-23", "lastvs": "24"}, {"firstvs": "25", "id": "30-25", "lastvs": "27"}, {"firstvs": "1", "id": "31-01", "lastvs": "1"}, {"firstvs": "2", "id": "31-02", "lastvs": "3"}, {"firstvs": "4", "id": "31-04", "lastvs": "5"}, {"firstvs": "6", "id": "31-06", "lastvs": "8"}, {"firstvs": "9", "id": "31-09", "lastvs": "13"}, {"firstvs": "14", "id": "31-14", "lastvs": "15"}, {"firstvs": "16", "id": "31-16", "lastvs": "16"}, {"firstvs": "17", "id": "31-17", "lastvs": "19"}, {"firstvs": "20", "id": "31-20", "lastvs": "21"}, {"firstvs": "1", "id": "32-01", "lastvs": "1"}, {"firstvs": "2", "id": "32-02", "lastvs": "4"}, {"firstvs": "5", "id": "32-05", "lastvs": "5"}, {"firstvs": "6", "id": "32-06", "lastvs": "8"}, {"firstvs": "9", "id": "32-09", "lastvs": "10"}, {"firstvs": "11", "id": "32-11", "lastvs": "12"}, {"firstvs": "13", "id": "32-13", "lastvs": "15"}, {"firstvs": "16", "id": "32-16", "lastvs": "17"}, {"firstvs": "18", "id": "32-18", "lastvs": "19"}, {"firstvs": "20", "id": "32-20", "lastvs": "21"}, {"firstvs": "22", "id": "32-22", "lastvs": "23"}, {"firstvs": "24", "id": "32-24", "lastvs": "26"}, {"firstvs": "27", "id": "32-27", "lastvs": "29"}, {"firstvs": "30", "id": "32-30", "lastvs": "31"}, {"firstvs": "32", "id": "32-32", "lastvs": "33"}, {"firstvs": "1", "id": "33-01", "lastvs": "3"}, {"firstvs": "4", "id": "33-04", "lastvs": "6"}, {"firstvs": "7", "id": "33-07", "lastvs": "9"}, {"firstvs": "10", "id": "33-10", "lastvs": "11"}, {"firstvs": "12", "id": "33-12", "lastvs": "13"}, {"firstvs": "14", "id": "33-14", "lastvs": "15"}, {"firstvs": "16", "id": "33-16", "lastvs": "17"}, {"firstvs": "18", "id": "33-18", "lastvs": "20"}, {"firstvs": "21", "id": "33-21", "lastvs": "23"}, {"firstvs": "24", "id": "33-24", "lastvs": "25"}, {"firstvs": "1", "id": "34-01", "lastvs": "3"}, {"firstvs": "4", "id": "34-04", "lastvs": "5"}, {"firstvs": "6", "id": "34-06", "lastvs": "7"}, {"firstvs": "8", "id": "34-08", "lastvs": "9"}, {"firstvs": "10", "id": "34-10", "lastvs": "11"}, {"firstvs": "12", "id": "34-12", "lastvs": "13"}, {"firstvs": "14", "id": "34-14", "lastvs": "16"}, {"firstvs": "17", "id": "34-17", "lastvs": "19"}, {"firstvs": "20", "id": "34-20", "lastvs": "21"}, {"firstvs": "22", "id": "34-22", "lastvs": "22"}, {"firstvs": "23", "id": "34-23", "lastvs": "25"}, {"firstvs": "26", "id": "34-26", "lastvs": "28"}, {"firstvs": "29", "id": "34-29", "lastvs": "30"}, {"firstvs": "31", "id": "34-31", "lastvs": "32"}, {"firstvs": "33", "id": "34-33", "lastvs": "33"}, {"firstvs": "1", "id": "35-01", "lastvs": "2"}, {"firstvs": "3", "id": "35-03", "lastvs": "4"}, {"firstvs": "5", "id": "35-05", "lastvs": "6"}, {"firstvs": "7", "id": "35-07", "lastvs": "9"}, {"firstvs": "10", "id": "35-10", "lastvs": "12"}, {"firstvs": "13", "id": "35-13", "lastvs": "14"}, {"firstvs": "15", "id": "35-15", "lastvs": "15"}, {"firstvs": "16", "id": "35-16", "lastvs": "17"}, {"firstvs": "18", "id": "35-18", "lastvs": "19"}, {"firstvs": "20", "id": "35-20", "lastvs": "21"}, {"firstvs": "22", "id": "35-22", "lastvs": "22"}, {"firstvs": "23", "id": "35-23", "lastvs": "24"}, {"firstvs": "25", "id": "35-25", "lastvs": "27"}, {"firstvs": "1", "id": "36-01", "lastvs": "2"}, {"firstvs": "3", "id": "36-03", "lastvs": "4"}, {"firstvs": "5", "id": "36-05", "lastvs": "7"}, {"firstvs": "8", "id": "36-08", "lastvs": "8"}, {"firstvs": "9", "id": "36-09", "lastvs": "10"}, {"firstvs": "11", "id": "36-11", "lastvs": "12"}, {"firstvs": "13", "id": "36-13", "lastvs": "14"}, {"firstvs": "15", "id": "36-15", "lastvs": "16"}, {"firstvs": "17", "id": "36-17", "lastvs": "17"}, {"firstvs": "18", "id": "36-18", "lastvs": "19"}, {"firstvs": "20", "id": "36-20", "lastvs": "21"}, {"firstvs": "22", "id": "36-00", "lastvs": "23"}]