[{"firstvs": "1", "id": "01-01", "lastvs": "1"}, {"firstvs": "2", "id": "01-02", "lastvs": "2"}, {"firstvs": "3", "id": "01-03", "lastvs": "3"}, {"firstvs": "4", "id": "01-04", "lastvs": "4"}, {"firstvs": "5", "id": "01-05", "lastvs": "5"}, {"firstvs": "6", "id": "01-06", "lastvs": "6"}, {"firstvs": "7", "id": "01-07", "lastvs": "7"}, {"firstvs": "8", "id": "01-08", "lastvs": "8"}, {"firstvs": "9", "id": "01-09", "lastvs": "9"}, {"firstvs": "10", "id": "01-10", "lastvs": "10"}, {"firstvs": "11", "id": "01-11", "lastvs": "11"}]