[{"firstvs": "1", "id": "01-01", "lastvs": "2"}, {"firstvs": "3", "id": "01-03", "lastvs": "4"}, {"firstvs": "5", "id": "01-05", "lastvs": "7"}, {"firstvs": "8", "id": "01-08", "lastvs": "9"}, {"firstvs": "10", "id": "01-10", "lastvs": "11"}, {"firstvs": "12", "id": "01-12", "lastvs": "12"}, {"firstvs": "13", "id": "01-13", "lastvs": "14"}, {"firstvs": "15", "id": "01-15", "lastvs": "17"}, {"firstvs": "1", "id": "02-01", "lastvs": "1"}, {"firstvs": "2", "id": "02-02", "lastvs": "3"}, {"firstvs": "4", "id": "02-04", "lastvs": "5"}, {"firstvs": "6", "id": "02-06", "lastvs": "8"}, {"firstvs": "9", "id": "02-09", "lastvs": "11"}, {"firstvs": "12", "id": "02-12", "lastvs": "14"}, {"firstvs": "15", "id": "02-15", "lastvs": "16"}, {"firstvs": "17", "id": "02-17", "lastvs": "17"}, {"firstvs": "18", "id": "02-18", "lastvs": "20"}, {"firstvs": "1", "id": "03-01", "lastvs": "2"}, {"firstvs": "3", "id": "03-03", "lastvs": "3"}, {"firstvs": "4", "id": "03-04", "lastvs": "5"}, {"firstvs": "6", "id": "03-06", "lastvs": "6"}, {"firstvs": "7", "id": "03-07", "lastvs": "8"}, {"firstvs": "9", "id": "03-09", "lastvs": "10"}, {"firstvs": "11", "id": "03-11", "lastvs": "12"}, {"firstvs": "13", "id": "03-13", "lastvs": "13"}, {"firstvs": "14", "id": "03-14", "lastvs": "15"}, {"firstvs": "16", "id": "03-16", "lastvs": "16"}, {"firstvs": "17", "id": "03-17", "lastvs": "17"}, {"firstvs": "18", "id": "03-00", "lastvs": "19"}]