[{"id": "01", "tn": [{"ref": "devastated the land", "text": "\"destroyed the land\" This refers to when an army will ruin the land where their enemies grow food."}]}, {"id": "02", "tn": [{"ref": "talent", "text": "(See: [[:en:ta:vol2:translate:translate_bmoney]])"}, {"ref": "The crown was set on David's head", "text": "AT: \"David's men placed the crown on his head\" (See: [[:en:ta:vol2:translate:figs_activepassive]])"}, {"ref": "plunder", "text": "valuable items taken in war."}, {"ref": "David required all the cities of the people", "text": "The people are referred to by their city. AT: \"David required all the peoples of the cities\" (See: [[:en:ta:vol2:translate:figs_metonymy]])"}]}, {"id": "04", "tn": [{"ref": "Gezer ... Gob", "text": "These are the names of cities. (See: [[:en:ta:vol1:translate:translate_names]]"}, {"ref": "Sibbecai ... Sippai ... Elhanan ... Jari ... Lahmi", "text": "These are the names of men. (See: [[:en:ta:vol1:translate:translate_names]]"}, {"ref": "Hushathite ... Rephaim ... Bethlehemite ... Gittite", "text": "These are the names of people groups."}, {"ref": "subdued", "text": "to control someone or something through the use of force."}, {"ref": "staff", "text": "a long and thin pole."}, {"ref": "a weaver's beam", "text": "a piece of wood used to stretch strings as the threads of a rug are weaved together around them."}]}, {"id": "06", "tn": [{"ref": "Rephaim", "text": "This is the name given to a race of people who were very tall and strong. (See: [[:en:ta:vol1:translate:translate_names]])"}, {"ref": "Jehonadab ... Shimea", "text": "These are the names of men."}, {"ref": "they were killed by the hand of David and by the hand of his soldiers", "text": "David and his soldiers are referred to by the part of their bodies used to hold a sword. AT: \"David and his soldiers killed the descendants of the Rephaim\" (See: [[:en:ta:vol2:translate:figs_metonymy]])"}]}]