[{"firstvs": "1", "id": "01-01", "lastvs": "3"}, {"firstvs": "4", "id": "01-04", "lastvs": "6"}, {"firstvs": "7", "id": "01-07", "lastvs": "9"}, {"firstvs": "10", "id": "01-10", "lastvs": "11"}, {"firstvs": "12", "id": "01-12", "lastvs": "14"}, {"firstvs": "15", "id": "01-15", "lastvs": "17"}, {"firstvs": "18", "id": "01-18", "lastvs": "19"}, {"firstvs": "20", "id": "01-20", "lastvs": "22"}, {"firstvs": "23", "id": "01-23", "lastvs": "25"}, {"firstvs": "26", "id": "01-26", "lastvs": "27"}, {"firstvs": "28", "id": "01-28", "lastvs": "30"}, {"firstvs": "31", "id": "01-31", "lastvs": "33"}, {"firstvs": "1", "id": "02-01", "lastvs": "2"}, {"firstvs": "3", "id": "02-03", "lastvs": "5"}, {"firstvs": "6", "id": "02-06", "lastvs": "8"}, {"firstvs": "9", "id": "02-09", "lastvs": "10"}, {"firstvs": "11", "id": "02-11", "lastvs": "13"}, {"firstvs": "14", "id": "02-14", "lastvs": "15"}, {"firstvs": "16", "id": "02-16", "lastvs": "17"}, {"firstvs": "18", "id": "02-18", "lastvs": "19"}, {"firstvs": "20", "id": "02-20", "lastvs": "22"}, {"firstvs": "1", "id": "03-01", "lastvs": "2"}, {"firstvs": "3", "id": "03-03", "lastvs": "4"}, {"firstvs": "5", "id": "03-05", "lastvs": "6"}, {"firstvs": "7", "id": "03-07", "lastvs": "8"}, {"firstvs": "9", "id": "03-09", "lastvs": "10"}, {"firstvs": "11", "id": "03-11", "lastvs": "12"}, {"firstvs": "13", "id": "03-13", "lastvs": "14"}, {"firstvs": "15", "id": "03-15", "lastvs": "16"}, {"firstvs": "17", "id": "03-17", "lastvs": "18"}, {"firstvs": "19", "id": "03-19", "lastvs": "20"}, {"firstvs": "21", "id": "03-21", "lastvs": "22"}, {"firstvs": "23", "id": "03-23", "lastvs": "24"}, {"firstvs": "25", "id": "03-25", "lastvs": "26"}, {"firstvs": "27", "id": "03-27", "lastvs": "28"}, {"firstvs": "29", "id": "03-29", "lastvs": "30"}, {"firstvs": "31", "id": "03-31", "lastvs": "32"}, {"firstvs": "33", "id": "03-33", "lastvs": "34"}, {"firstvs": "35", "id": "03-35", "lastvs": "35"}, {"firstvs": "1", "id": "04-01", "lastvs": "2"}, {"firstvs": "3", "id": "04-03", "lastvs": "4"}, {"firstvs": "5", "id": "04-05", "lastvs": "6"}, {"firstvs": "7", "id": "04-07", "lastvs": "9"}, {"firstvs": "10", "id": "04-10", "lastvs": "12"}, {"firstvs": "13", "id": "04-13", "lastvs": "15"}, {"firstvs": "16", "id": "04-16", "lastvs": "17"}, {"firstvs": "18", "id": "04-18", "lastvs": "19"}, {"firstvs": "20", "id": "04-20", "lastvs": "21"}, {"firstvs": "22", "id": "04-22", "lastvs": "23"}, {"firstvs": "24", "id": "04-24", "lastvs": "25"}, {"firstvs": "26", "id": "04-26", "lastvs": "27"}, {"firstvs": "1", "id": "05-01", "lastvs": "2"}, {"firstvs": "3", "id": "05-03", "lastvs": "4"}, {"firstvs": "5", "id": "05-05", "lastvs": "6"}, {"firstvs": "7", "id": "05-07", "lastvs": "8"}, {"firstvs": "9", "id": "05-09", "lastvs": "10"}, {"firstvs": "11", "id": "05-11", "lastvs": "12"}, {"firstvs": "13", "id": "05-13", "lastvs": "14"}, {"firstvs": "15", "id": "05-15", "lastvs": "17"}, {"firstvs": "18", "id": "05-18", "lastvs": "19"}, {"firstvs": "20", "id": "05-20", "lastvs": "21"}, {"firstvs": "22", "id": "05-22", "lastvs": "23"}, {"firstvs": "1", "id": "06-01", "lastvs": "2"}, {"firstvs": "3", "id": "06-03", "lastvs": "3"}, {"firstvs": "4", "id": "06-04", "lastvs": "5"}, {"firstvs": "6", "id": "06-06", "lastvs": "8"}, {"firstvs": "9", "id": "06-09", "lastvs": "11"}, {"firstvs": "12", "id": "06-12", "lastvs": "13"}, {"firstvs": "14", "id": "06-14", "lastvs": "15"}, {"firstvs": "16", "id": "06-16", "lastvs": "16"}, {"firstvs": "17", "id": "06-17", "lastvs": "19"}, {"firstvs": "20", "id": "06-20", "lastvs": "21"}, {"firstvs": "22", "id": "06-22", "lastvs": "23"}, {"firstvs": "24", "id": "06-24", "lastvs": "25"}, {"firstvs": "26", "id": "06-26", "lastvs": "27"}, {"firstvs": "28", "id": "06-28", "lastvs": "29"}, {"firstvs": "30", "id": "06-30", "lastvs": "31"}, {"firstvs": "32", "id": "06-32", "lastvs": "33"}, {"firstvs": "34", "id": "06-34", "lastvs": "35"}, {"firstvs": "1", "id": "07-01", "lastvs": "3"}, {"firstvs": "4", "id": "07-04", "lastvs": "5"}, {"firstvs": "6", "id": "07-06", "lastvs": "7"}, {"firstvs": "8", "id": "07-08", "lastvs": "9"}, {"firstvs": "10", "id": "07-10", "lastvs": "12"}, {"firstvs": "13", "id": "07-13", "lastvs": "15"}, {"firstvs": "16", "id": "07-16", "lastvs": "18"}, {"firstvs": "19", "id": "07-19", "lastvs": "21"}, {"firstvs": "22", "id": "07-22", "lastvs": "23"}, {"firstvs": "24", "id": "07-24", "lastvs": "25"}, {"firstvs": "26", "id": "07-26", "lastvs": "27"}, {"firstvs": "1", "id": "08-01", "lastvs": "3"}, {"firstvs": "4", "id": "08-04", "lastvs": "5"}, {"firstvs": "6", "id": "08-06", "lastvs": "7"}, {"firstvs": "8", "id": "08-08", "lastvs": "9"}, {"firstvs": "10", "id": "08-10", "lastvs": "11"}, {"firstvs": "12", "id": "08-12", "lastvs": "13"}, {"firstvs": "14", "id": "08-14", "lastvs": "16"}, {"firstvs": "17", "id": "08-17", "lastvs": "18"}, {"firstvs": "19", "id": "08-19", "lastvs": "21"}, {"firstvs": "22", "id": "08-22", "lastvs": "23"}, {"firstvs": "24", "id": "08-24", "lastvs": "25"}, {"firstvs": "26", "id": "08-26", "lastvs": "27"}, {"firstvs": "28", "id": "08-28", "lastvs": "29"}, {"firstvs": "30", "id": "08-30", "lastvs": "31"}, {"firstvs": "32", "id": "08-32", "lastvs": "34"}, {"firstvs": "35", "id": "08-35", "lastvs": "36"}, {"firstvs": "1", "id": "09-01", "lastvs": "2"}, {"firstvs": "3", "id": "09-03", "lastvs": "4"}, {"firstvs": "5", "id": "09-05", "lastvs": "6"}, {"firstvs": "7", "id": "09-07", "lastvs": "9"}, {"firstvs": "10", "id": "09-10", "lastvs": "12"}, {"firstvs": "13", "id": "09-13", "lastvs": "15"}, {"firstvs": "16", "id": "09-16", "lastvs": "18"}, {"firstvs": "1", "id": "10-01", "lastvs": "3"}, {"firstvs": "4", "id": "10-04", "lastvs": "5"}, {"firstvs": "6", "id": "10-06", "lastvs": "7"}, {"firstvs": "8", "id": "10-08", "lastvs": "9"}, {"firstvs": "10", "id": "10-10", "lastvs": "11"}, {"firstvs": "12", "id": "10-12", "lastvs": "13"}, {"firstvs": "14", "id": "10-14", "lastvs": "15"}, {"firstvs": "16", "id": "10-16", "lastvs": "17"}, {"firstvs": "18", "id": "10-18", "lastvs": "19"}, {"firstvs": "20", "id": "10-20", "lastvs": "21"}, {"firstvs": "22", "id": "10-22", "lastvs": "23"}, {"firstvs": "24", "id": "10-24", "lastvs": "25"}, {"firstvs": "26", "id": "10-26", "lastvs": "27"}, {"firstvs": "28", "id": "10-28", "lastvs": "30"}, {"firstvs": "31", "id": "10-31", "lastvs": "32"}, {"firstvs": "1", "id": "11-01", "lastvs": "2"}, {"firstvs": "3", "id": "11-03", "lastvs": "4"}, {"firstvs": "5", "id": "11-05", "lastvs": "6"}, {"firstvs": "7", "id": "11-07", "lastvs": "8"}, {"firstvs": "9", "id": "11-09", "lastvs": "11"}, {"firstvs": "12", "id": "11-12", "lastvs": "13"}, {"firstvs": "14", "id": "11-14", "lastvs": "14"}, {"firstvs": "15", "id": "11-15", "lastvs": "16"}, {"firstvs": "17", "id": "11-17", "lastvs": "18"}, {"firstvs": "19", "id": "11-19", "lastvs": "20"}, {"firstvs": "21", "id": "11-21", "lastvs": "22"}, {"firstvs": "23", "id": "11-23", "lastvs": "24"}, {"firstvs": "25", "id": "11-25", "lastvs": "26"}, {"firstvs": "27", "id": "11-27", "lastvs": "28"}, {"firstvs": "29", "id": "11-29", "lastvs": "29"}, {"firstvs": "30", "id": "11-30", "lastvs": "31"}, {"firstvs": "1", "id": "12-01", "lastvs": "2"}, {"firstvs": "3", "id": "12-03", "lastvs": "4"}, {"firstvs": "5", "id": "12-05", "lastvs": "6"}, {"firstvs": "7", "id": "12-07", "lastvs": "8"}, {"firstvs": "9", "id": "12-09", "lastvs": "10"}, {"firstvs": "11", "id": "12-11", "lastvs": "12"}, {"firstvs": "13", "id": "12-13", "lastvs": "14"}, {"firstvs": "15", "id": "12-15", "lastvs": "16"}, {"firstvs": "17", "id": "12-17", "lastvs": "18"}, {"firstvs": "19", "id": "12-19", "lastvs": "20"}, {"firstvs": "21", "id": "12-21", "lastvs": "22"}, {"firstvs": "23", "id": "12-23", "lastvs": "24"}, {"firstvs": "25", "id": "12-25", "lastvs": "26"}, {"firstvs": "27", "id": "12-27", "lastvs": "28"}, {"firstvs": "1", "id": "13-01", "lastvs": "2"}, {"firstvs": "3", "id": "13-03", "lastvs": "4"}, {"firstvs": "5", "id": "13-05", "lastvs": "6"}, {"firstvs": "7", "id": "13-07", "lastvs": "8"}, {"firstvs": "9", "id": "13-09", "lastvs": "10"}, {"firstvs": "11", "id": "13-11", "lastvs": "12"}, {"firstvs": "13", "id": "13-13", "lastvs": "14"}, {"firstvs": "15", "id": "13-15", "lastvs": "16"}, {"firstvs": "17", "id": "13-17", "lastvs": "18"}, {"firstvs": "19", "id": "13-19", "lastvs": "20"}, {"firstvs": "21", "id": "13-21", "lastvs": "22"}, {"firstvs": "23", "id": "13-23", "lastvs": "24"}, {"firstvs": "25", "id": "13-25", "lastvs": "25"}, {"firstvs": "1", "id": "14-01", "lastvs": "2"}, {"firstvs": "3", "id": "14-03", "lastvs": "4"}, {"firstvs": "5", "id": "14-05", "lastvs": "6"}, {"firstvs": "7", "id": "14-07", "lastvs": "8"}, {"firstvs": "9", "id": "14-09", "lastvs": "10"}, {"firstvs": "11", "id": "14-11", "lastvs": "12"}, {"firstvs": "13", "id": "14-13", "lastvs": "14"}, {"firstvs": "15", "id": "14-15", "lastvs": "16"}, {"firstvs": "17", "id": "14-17", "lastvs": "18"}, {"firstvs": "19", "id": "14-19", "lastvs": "20"}, {"firstvs": "21", "id": "14-21", "lastvs": "22"}, {"firstvs": "23", "id": "14-23", "lastvs": "24"}, {"firstvs": "25", "id": "14-25", "lastvs": "25"}, {"firstvs": "26", "id": "14-26", "lastvs": "27"}, {"firstvs": "28", "id": "14-28", "lastvs": "29"}, {"firstvs": "30", "id": "14-30", "lastvs": "31"}, {"firstvs": "32", "id": "14-32", "lastvs": "33"}, {"firstvs": "34", "id": "14-34", "lastvs": "35"}, {"firstvs": "1", "id": "15-01", "lastvs": "2"}, {"firstvs": "3", "id": "15-03", "lastvs": "4"}, {"firstvs": "5", "id": "15-05", "lastvs": "6"}, {"firstvs": "7", "id": "15-07", "lastvs": "8"}, {"firstvs": "9", "id": "15-09", "lastvs": "10"}, {"firstvs": "11", "id": "15-11", "lastvs": "12"}, {"firstvs": "13", "id": "15-13", "lastvs": "14"}, {"firstvs": "15", "id": "15-15", "lastvs": "16"}, {"firstvs": "17", "id": "15-17", "lastvs": "18"}, {"firstvs": "19", "id": "15-19", "lastvs": "20"}, {"firstvs": "21", "id": "15-21", "lastvs": "22"}, {"firstvs": "23", "id": "15-23", "lastvs": "24"}, {"firstvs": "25", "id": "15-25", "lastvs": "26"}, {"firstvs": "27", "id": "15-27", "lastvs": "28"}, {"firstvs": "29", "id": "15-29", "lastvs": "30"}, {"firstvs": "31", "id": "15-31", "lastvs": "32"}, {"firstvs": "33", "id": "15-33", "lastvs": "33"}, {"firstvs": "1", "id": "16-01", "lastvs": "2"}, {"firstvs": "3", "id": "16-03", "lastvs": "4"}, {"firstvs": "5", "id": "16-05", "lastvs": "6"}, {"firstvs": "7", "id": "16-07", "lastvs": "8"}, {"firstvs": "9", "id": "16-09", "lastvs": "10"}, {"firstvs": "11", "id": "16-11", "lastvs": "12"}, {"firstvs": "13", "id": "16-13", "lastvs": "14"}, {"firstvs": "15", "id": "16-15", "lastvs": "16"}, {"firstvs": "17", "id": "16-17", "lastvs": "18"}, {"firstvs": "19", "id": "16-19", "lastvs": "20"}, {"firstvs": "21", "id": "16-21", "lastvs": "22"}, {"firstvs": "23", "id": "16-23", "lastvs": "24"}, {"firstvs": "25", "id": "16-25", "lastvs": "26"}, {"firstvs": "27", "id": "16-27", "lastvs": "28"}, {"firstvs": "29", "id": "16-29", "lastvs": "30"}, {"firstvs": "31", "id": "16-31", "lastvs": "32"}, {"firstvs": "33", "id": "16-33", "lastvs": "33"}, {"firstvs": "1", "id": "17-01", "lastvs": "2"}, {"firstvs": "3", "id": "17-03", "lastvs": "4"}, {"firstvs": "5", "id": "17-05", "lastvs": "6"}, {"firstvs": "7", "id": "17-07", "lastvs": "8"}, {"firstvs": "9", "id": "17-09", "lastvs": "10"}, {"firstvs": "11", "id": "17-11", "lastvs": "12"}, {"firstvs": "13", "id": "17-13", "lastvs": "14"}, {"firstvs": "15", "id": "17-15", "lastvs": "16"}, {"firstvs": "17", "id": "17-17", "lastvs": "18"}, {"firstvs": "19", "id": "17-19", "lastvs": "20"}, {"firstvs": "21", "id": "17-21", "lastvs": "22"}, {"firstvs": "23", "id": "17-23", "lastvs": "24"}, {"firstvs": "25", "id": "17-25", "lastvs": "26"}, {"firstvs": "27", "id": "17-27", "lastvs": "28"}, {"firstvs": "1", "id": "18-01", "lastvs": "2"}, {"firstvs": "3", "id": "18-03", "lastvs": "4"}, {"firstvs": "5", "id": "18-05", "lastvs": "6"}, {"firstvs": "7", "id": "18-07", "lastvs": "8"}, {"firstvs": "9", "id": "18-09", "lastvs": "10"}, {"firstvs": "11", "id": "18-11", "lastvs": "12"}, {"firstvs": "13", "id": "18-13", "lastvs": "14"}, {"firstvs": "15", "id": "18-15", "lastvs": "16"}, {"firstvs": "17", "id": "18-17", "lastvs": "18"}, {"firstvs": "19", "id": "18-19", "lastvs": "20"}, {"firstvs": "21", "id": "18-21", "lastvs": "22"}, {"firstvs": "23", "id": "18-23", "lastvs": "24"}, {"firstvs": "1", "id": "19-01", "lastvs": "2"}, {"firstvs": "3", "id": "19-03", "lastvs": "4"}, {"firstvs": "5", "id": "19-05", "lastvs": "6"}, {"firstvs": "7", "id": "19-07", "lastvs": "8"}, {"firstvs": "9", "id": "19-09", "lastvs": "10"}, {"firstvs": "11", "id": "19-11", "lastvs": "12"}, {"firstvs": "13", "id": "19-13", "lastvs": "14"}, {"firstvs": "15", "id": "19-15", "lastvs": "16"}, {"firstvs": "17", "id": "19-17", "lastvs": "18"}, {"firstvs": "19", "id": "19-19", "lastvs": "20"}, {"firstvs": "21", "id": "19-21", "lastvs": "22"}, {"firstvs": "23", "id": "19-23", "lastvs": "24"}, {"firstvs": "25", "id": "19-25", "lastvs": "25"}, {"firstvs": "26", "id": "19-26", "lastvs": "27"}, {"firstvs": "28", "id": "19-28", "lastvs": "29"}, {"firstvs": "1", "id": "20-01", "lastvs": "2"}, {"firstvs": "3", "id": "20-03", "lastvs": "4"}, {"firstvs": "5", "id": "20-05", "lastvs": "6"}, {"firstvs": "7", "id": "20-07", "lastvs": "8"}, {"firstvs": "9", "id": "20-09", "lastvs": "10"}, {"firstvs": "11", "id": "20-11", "lastvs": "12"}, {"firstvs": "13", "id": "20-13", "lastvs": "14"}, {"firstvs": "15", "id": "20-15", "lastvs": "16"}, {"firstvs": "17", "id": "20-17", "lastvs": "18"}, {"firstvs": "19", "id": "20-19", "lastvs": "20"}, {"firstvs": "21", "id": "20-21", "lastvs": "22"}, {"firstvs": "23", "id": "20-23", "lastvs": "24"}, {"firstvs": "25", "id": "20-25", "lastvs": "26"}, {"firstvs": "27", "id": "20-27", "lastvs": "28"}, {"firstvs": "29", "id": "20-29", "lastvs": "30"}, {"firstvs": "1", "id": "21-01", "lastvs": "2"}, {"firstvs": "3", "id": "21-03", "lastvs": "4"}, {"firstvs": "5", "id": "21-05", "lastvs": "6"}, {"firstvs": "7", "id": "21-07", "lastvs": "8"}, {"firstvs": "9", "id": "21-09", "lastvs": "10"}, {"firstvs": "11", "id": "21-11", "lastvs": "12"}, {"firstvs": "13", "id": "21-13", "lastvs": "14"}, {"firstvs": "15", "id": "21-15", "lastvs": "16"}, {"firstvs": "17", "id": "21-17", "lastvs": "18"}, {"firstvs": "19", "id": "21-19", "lastvs": "20"}, {"firstvs": "21", "id": "21-21", "lastvs": "22"}, {"firstvs": "23", "id": "21-23", "lastvs": "24"}, {"firstvs": "25", "id": "21-25", "lastvs": "26"}, {"firstvs": "27", "id": "21-27", "lastvs": "28"}, {"firstvs": "29", "id": "21-29", "lastvs": "29"}, {"firstvs": "30", "id": "21-30", "lastvs": "31"}, {"firstvs": "1", "id": "22-01", "lastvs": "2"}, {"firstvs": "3", "id": "22-03", "lastvs": "4"}, {"firstvs": "5", "id": "22-05", "lastvs": "6"}, {"firstvs": "7", "id": "22-07", "lastvs": "8"}, {"firstvs": "9", "id": "22-09", "lastvs": "10"}, {"firstvs": "11", "id": "22-11", "lastvs": "12"}, {"firstvs": "13", "id": "22-13", "lastvs": "14"}, {"firstvs": "15", "id": "22-15", "lastvs": "16"}, {"firstvs": "17", "id": "22-17", "lastvs": "19"}, {"firstvs": "20", "id": "22-20", "lastvs": "21"}, {"firstvs": "22", "id": "22-22", "lastvs": "23"}, {"firstvs": "24", "id": "22-24", "lastvs": "25"}, {"firstvs": "26", "id": "22-26", "lastvs": "27"}, {"firstvs": "28", "id": "22-28", "lastvs": "29"}, {"firstvs": "1", "id": "23-01", "lastvs": "3"}, {"firstvs": "4", "id": "23-04", "lastvs": "5"}, {"firstvs": "6", "id": "23-06", "lastvs": "8"}, {"firstvs": "9", "id": "23-09", "lastvs": "11"}, {"firstvs": "12", "id": "23-12", "lastvs": "12"}, {"firstvs": "13", "id": "23-13", "lastvs": "14"}, {"firstvs": "15", "id": "23-15", "lastvs": "16"}, {"firstvs": "17", "id": "23-17", "lastvs": "18"}, {"firstvs": "19", "id": "23-19", "lastvs": "21"}, {"firstvs": "22", "id": "23-22", "lastvs": "23"}, {"firstvs": "24", "id": "23-24", "lastvs": "25"}, {"firstvs": "26", "id": "23-26", "lastvs": "28"}, {"firstvs": "29", "id": "23-29", "lastvs": "30"}, {"firstvs": "31", "id": "23-31", "lastvs": "33"}, {"firstvs": "34", "id": "23-34", "lastvs": "35"}, {"firstvs": "1", "id": "24-01", "lastvs": "2"}, {"firstvs": "3", "id": "24-03", "lastvs": "4"}, {"firstvs": "5", "id": "24-05", "lastvs": "6"}, {"firstvs": "7", "id": "24-07", "lastvs": "7"}, {"firstvs": "8", "id": "24-08", "lastvs": "9"}, {"firstvs": "10", "id": "24-10", "lastvs": "10"}, {"firstvs": "11", "id": "24-11", "lastvs": "12"}, {"firstvs": "13", "id": "24-13", "lastvs": "14"}, {"firstvs": "15", "id": "24-15", "lastvs": "16"}, {"firstvs": "17", "id": "24-17", "lastvs": "18"}, {"firstvs": "19", "id": "24-19", "lastvs": "20"}, {"firstvs": "21", "id": "24-21", "lastvs": "22"}, {"firstvs": "23", "id": "24-23", "lastvs": "23"}, {"firstvs": "24", "id": "24-24", "lastvs": "25"}, {"firstvs": "26", "id": "24-26", "lastvs": "27"}, {"firstvs": "28", "id": "24-28", "lastvs": "29"}, {"firstvs": "30", "id": "24-30", "lastvs": "31"}, {"firstvs": "32", "id": "24-32", "lastvs": "34"}, {"firstvs": "1", "id": "25-01", "lastvs": "3"}, {"firstvs": "4", "id": "25-04", "lastvs": "5"}, {"firstvs": "6", "id": "25-06", "lastvs": "6"}, {"firstvs": "7", "id": "25-07", "lastvs": "8"}, {"firstvs": "9", "id": "25-09", "lastvs": "10"}, {"firstvs": "11", "id": "25-11", "lastvs": "12"}, {"firstvs": "13", "id": "25-13", "lastvs": "14"}, {"firstvs": "15", "id": "25-15", "lastvs": "15"}, {"firstvs": "16", "id": "25-16", "lastvs": "17"}, {"firstvs": "18", "id": "25-18", "lastvs": "19"}, {"firstvs": "20", "id": "25-20", "lastvs": "20"}, {"firstvs": "21", "id": "25-21", "lastvs": "22"}, {"firstvs": "23", "id": "25-23", "lastvs": "24"}, {"firstvs": "25", "id": "25-25", "lastvs": "26"}, {"firstvs": "27", "id": "25-27", "lastvs": "28"}, {"firstvs": "1", "id": "26-01", "lastvs": "2"}, {"firstvs": "3", "id": "26-03", "lastvs": "4"}, {"firstvs": "5", "id": "26-05", "lastvs": "6"}, {"firstvs": "7", "id": "26-07", "lastvs": "8"}, {"firstvs": "9", "id": "26-09", "lastvs": "10"}, {"firstvs": "11", "id": "26-11", "lastvs": "12"}, {"firstvs": "13", "id": "26-13", "lastvs": "14"}, {"firstvs": "15", "id": "26-15", "lastvs": "16"}, {"firstvs": "17", "id": "26-17", "lastvs": "17"}, {"firstvs": "18", "id": "26-18", "lastvs": "19"}, {"firstvs": "20", "id": "26-20", "lastvs": "21"}, {"firstvs": "22", "id": "26-22", "lastvs": "23"}, {"firstvs": "24", "id": "26-24", "lastvs": "26"}, {"firstvs": "27", "id": "26-27", "lastvs": "28"}, {"firstvs": "1", "id": "27-01", "lastvs": "2"}, {"firstvs": "3", "id": "27-03", "lastvs": "4"}, {"firstvs": "5", "id": "27-05", "lastvs": "6"}, {"firstvs": "7", "id": "27-07", "lastvs": "8"}, {"firstvs": "9", "id": "27-09", "lastvs": "10"}, {"firstvs": "11", "id": "27-11", "lastvs": "12"}, {"firstvs": "13", "id": "27-13", "lastvs": "14"}, {"firstvs": "15", "id": "27-15", "lastvs": "16"}, {"firstvs": "17", "id": "27-17", "lastvs": "18"}, {"firstvs": "19", "id": "27-19", "lastvs": "20"}, {"firstvs": "21", "id": "27-21", "lastvs": "22"}, {"firstvs": "23", "id": "27-23", "lastvs": "25"}, {"firstvs": "26", "id": "27-26", "lastvs": "27"}, {"firstvs": "1", "id": "28-01", "lastvs": "2"}, {"firstvs": "3", "id": "28-03", "lastvs": "4"}, {"firstvs": "5", "id": "28-05", "lastvs": "6"}, {"firstvs": "7", "id": "28-07", "lastvs": "8"}, {"firstvs": "9", "id": "28-09", "lastvs": "10"}, {"firstvs": "11", "id": "28-11", "lastvs": "12"}, {"firstvs": "13", "id": "28-13", "lastvs": "14"}, {"firstvs": "15", "id": "28-15", "lastvs": "16"}, {"firstvs": "17", "id": "28-17", "lastvs": "18"}, {"firstvs": "19", "id": "28-19", "lastvs": "20"}, {"firstvs": "21", "id": "28-21", "lastvs": "22"}, {"firstvs": "23", "id": "28-23", "lastvs": "24"}, {"firstvs": "25", "id": "28-25", "lastvs": "26"}, {"firstvs": "27", "id": "28-27", "lastvs": "28"}, {"firstvs": "1", "id": "29-01", "lastvs": "2"}, {"firstvs": "3", "id": "29-03", "lastvs": "4"}, {"firstvs": "5", "id": "29-05", "lastvs": "6"}, {"firstvs": "7", "id": "29-07", "lastvs": "8"}, {"firstvs": "9", "id": "29-09", "lastvs": "10"}, {"firstvs": "11", "id": "29-11", "lastvs": "12"}, {"firstvs": "13", "id": "29-13", "lastvs": "14"}, {"firstvs": "15", "id": "29-15", "lastvs": "16"}, {"firstvs": "17", "id": "29-17", "lastvs": "18"}, {"firstvs": "19", "id": "29-19", "lastvs": "20"}, {"firstvs": "21", "id": "29-21", "lastvs": "22"}, {"firstvs": "23", "id": "29-23", "lastvs": "24"}, {"firstvs": "25", "id": "29-25", "lastvs": "26"}, {"firstvs": "27", "id": "29-27", "lastvs": "27"}, {"firstvs": "1", "id": "30-01", "lastvs": "3"}, {"firstvs": "4", "id": "30-04", "lastvs": "4"}, {"firstvs": "5", "id": "30-05", "lastvs": "6"}, {"firstvs": "7", "id": "30-07", "lastvs": "9"}, {"firstvs": "10", "id": "30-10", "lastvs": "10"}, {"firstvs": "11", "id": "30-11", "lastvs": "12"}, {"firstvs": "13", "id": "30-13", "lastvs": "14"}, {"firstvs": "15", "id": "30-15", "lastvs": "17"}, {"firstvs": "18", "id": "30-18", "lastvs": "19"}, {"firstvs": "20", "id": "30-20", "lastvs": "20"}, {"firstvs": "21", "id": "30-21", "lastvs": "23"}, {"firstvs": "24", "id": "30-24", "lastvs": "26"}, {"firstvs": "27", "id": "30-27", "lastvs": "28"}, {"firstvs": "29", "id": "30-29", "lastvs": "31"}, {"firstvs": "32", "id": "30-32", "lastvs": "33"}, {"firstvs": "1", "id": "31-01", "lastvs": "3"}, {"firstvs": "4", "id": "31-04", "lastvs": "5"}, {"firstvs": "6", "id": "31-06", "lastvs": "7"}, {"firstvs": "8", "id": "31-08", "lastvs": "9"}, {"firstvs": "10", "id": "31-10", "lastvs": "12"}, {"firstvs": "13", "id": "31-13", "lastvs": "15"}, {"firstvs": "16", "id": "31-16", "lastvs": "17"}, {"firstvs": "18", "id": "31-18", "lastvs": "19"}, {"firstvs": "20", "id": "31-20", "lastvs": "21"}, {"firstvs": "22", "id": "31-22", "lastvs": "23"}, {"firstvs": "24", "id": "31-24", "lastvs": "25"}, {"firstvs": "26", "id": "31-26", "lastvs": "27"}, {"firstvs": "28", "id": "31-28", "lastvs": "29"}, {"firstvs": "30", "id": "31-00", "lastvs": "31"}]