[{"id": "01", "tn": [{"ref": "David said in his heart", "text": "Here \"his heart\" is a metonymy that means to himself. AT: \"David thought to himself\" (See: [[:en:ta:vol2:translate:figs_metonymy]])"}, {"ref": "escape out of his hand", "text": "The word \"hand\" is a synecdoche for the person. AT: \"escape from him\" (See: [[:en:ta:vol2:translate:figs_synecdoche]])"}]}, {"id": "02", "tn": [{"ref": "David arose and passed over", "text": "\"David took action; he passed over\""}, {"ref": "passed over", "text": "\"passed over the border between Israel and Philistia\""}, {"ref": "six hundred men", "text": "600 (See: [[:en:ta:vol2:translate:translate_numbers]])"}, {"ref": "Achish", "text": "This is the name of a man. Translate this as you did in [[:en:bible:notes:1sa:21:10|21:10]]. (See: [[:en:ta:vol1:translate:translate_names]])"}, {"ref": "Maoch", "text": "This is the name of a man. (See: [[:en:ta:vol1:translate:translate_names]])"}, {"ref": "Ahinoam", "text": "This is the name of a woman. Translate this as you did in [[:en:bible:notes:1sa:14:49|14:50]]. (See: [[:en:ta:vol1:translate:translate_names]])"}, {"ref": "Abigail", "text": "This is the name of a woman. Translate this as you did in [[:en:bible:notes:1sa:25:02|25:3]]. (See: [[:en:ta:vol1:translate:translate_names]])"}, {"ref": "Nabal", "text": "This is the name of a man. Translate this as you did in [[:en:bible:notes:1sa:25:02|25:3]]. (See: [[:en:ta:vol1:translate:translate_names]])"}, {"ref": "Saul was told", "text": "This can be stated in active form. AT: \"Someone told Saul\" or \"Saul heard\" (UDB) (See: [[:en:ta:vol2:translate:figs_activepassive]])"}]}, {"id": "05", "tn": [{"ref": "If I have found favor in your eyes", "text": "Here the eyes represent seeing, and seeing represents thoughts or judgment. Translate as in [[:en:bible:notes:1sa:20:03|20:3]]. AT: \"If I have pleased you\" or \"If you consider me favorably\" (See: [[:en:ta:vol1:translate:figs_metaphor]])"}, {"ref": "let them give me a place", "text": "Since Achish was the one who would \"give,\" this is a metonym for \"please give me a place.\" (See: [[:en:ta:vol2:translate:figs_metonymy]])"}, {"ref": "one of the cities in the country", "text": "\"one of the outlying towns\" or \"one of the towns outside the city\""}, {"ref": "for why should your servant live in the royal city with you?", "text": "This rhetorical question can be translated as a statement. AT: \"I do not need to live in the city with you.\" or \"I am not important enough to live here with you in the royal city.\" (See: [[:en:ta:vol1:translate:figs_rquestion]])"}, {"ref": "your servant", "text": "David speaks as if he were another person to show that he respected Achish. (See: [[:en:ta:vol2:translate:figs_pronouns]])"}, {"ref": "Ziklag", "text": "This is the name of a city in the southwest part of Judah. (See: [[:en:ta:vol1:translate:translate_names]])"}]}, {"id": "08", "tn": [{"ref": "making raids on", "text": "attacking and taking property many times (See: [[:en:ta:vol1:translate:figs_idiom]])"}, {"ref": "Girzites", "text": "A people group who apparently lived somewhere between Philistia and Egypt. (See: [[:en:ta:vol1:translate:translate_names]])"}, {"ref": "as you go to Shur", "text": "The word \"you\" refers to anyone. AT: \"on the way most people travel to Shur\" (See: [[:en:ta:vol2:translate:figs_pronouns]])"}, {"ref": "Shur", "text": "region on the northeast border of Egypt (See: [[:en:ta:vol1:translate:translate_names]])"}, {"ref": "Achish", "text": "the king of Gath (See: [[:en:ta:vol2:translate:figs_pronouns]])"}]}, {"id": "10", "tn": [{"ref": "Achish", "text": "the king of Gath (See: [[:en:ta:vol1:translate:translate_names]])"}, {"ref": "Jerahmeelites", "text": "a clan from the tribe of Judah (See: [[:en:ta:vol1:translate:translate_names]])"}, {"ref": "Kenites", "text": "a people group who lived in the land of Midian (See: [[:en:ta:vol1:translate:translate_names]])"}]}, {"id": "11", "tn": [{"ref": "Gath", "text": "one of five Philistine city-states. (See: [[:en:ta:vol1:translate:translate_names]])"}, {"ref": "Achish", "text": "the king of Gath (See: [[:en:ta:vol2:translate:figs_pronouns]])"}]}]