[{"id": "01", "tn": [{"ref": "David built houses for himself", "text": "AT: \"The people built houses for David\" (See: [[:en:ta:vol2:translate:figs_ellipsis]])"}, {"ref": "prepared a place", "text": "AT: \"commanded that a special place be made\" (See: [[:en:ta:vol2:translate:figs_ellipsis]])"}, {"ref": "assembled all Israel", "text": "AT: \"commanded that all the people of Israel should come together\""}, {"ref": "to bring up the ark", "text": "AT: \"to celebrate as the Levites carry the ark\" (See: [[:en:ta:vol2:translate:figs_metonymy]])"}]}, {"id": "04", "tn": [{"ref": "General Information:", "text": "See: [[:en:ta:vol1:translate:translate_names]] and [[:en:ta:vol2:translate:translate_numbers]]"}, {"ref": "relatives", "text": "people who are part of the same family or tribe"}]}, {"id": "07", "tn": [{"ref": "General Information:", "text": "See: [[:en:ta:vol1:translate:translate_names]] and [[:en:ta:vol2:translate:translate_numbers]]"}]}, {"id": "11", "tn": [{"ref": "General Information:", "text": "See: [[:en:ta:vol1:translate:translate_names]]"}, {"ref": "I have prepared", "text": "AT: \"I have commanded the Levites to prepare\" (See: [[:en:ta:vol2:translate:figs_ellipsis]])"}]}, {"id": "13", "tn": [{"ref": "You did not carry it the first time", "text": "\"You did not carry the ark before\""}, {"ref": "we did not seek him", "text": "AT: \"we did not ask him for instructions\" (See: [[:en:ta:vol2:translate:figs_metonymy]])"}, {"ref": "broke out against us", "text": "AT: \"punished us\""}, {"ref": "the Levites consecrated themselves so they could bring up", "text": "AT: \"Levites made themselves clean in order to carry\""}]}, {"id": "16", "tn": [{"ref": "General Information:", "text": "See: [[:en:ta:vol1:translate:translate_names]]"}, {"ref": "cymbals", "text": "See how you translated this in [[:en:bible:notes:1ch:13:07|13:8]]."}, {"ref": "lifting up their voices", "text": "AT: \"singing\""}, {"ref": "second rank", "text": "AT: \"a lower position of power\" or \"2nd rank\" (See: [[:en:ta:vol2:translate:translate_numbers]])"}, {"ref": "gatekeepers", "text": "people who guard gates"}]}, {"id": "19", "tn": [{"ref": "General Information:", "text": "See: [[:en:ta:vol1:translate:translate_names]]"}, {"ref": "cymbals", "text": "See how you translated this in [[:en:bible:notes:1ch:13:07|13:8]]."}, {"ref": "Alamoth ... Sheminith", "text": "The meaning of these words is not clear but may refer to a style of music."}, {"ref": "led the way", "text": "\"led the other musicians\" or \"led the processional\""}]}, {"id": "22", "tn": [{"ref": "General Information:", "text": "See: [[:en:ta:vol1:translate:translate_names]]"}]}, {"id": "25", "tn": [{"ref": "over thousands", "text": "AT: \"of more than 1,000 men\" (See: [[:en:ta:vol2:translate:translate_numbers]])"}, {"ref": "Obed Edom", "text": "This is the name of a man. (See: [[:en:ta:vol1:translate:translate_names]])"}]}, {"id": "27", "tn": [{"ref": "David was clothed with a robe of fine linen, as were the Levites who carried the ark, the singers, and Kenaniah, the leader of the song with the singers", "text": "AT: \"David, the Levites, and the singers all wore fine linen robes\" (See: [[:en:ta:vol2:translate:figs_activepassive]])"}, {"ref": "linen", "text": "This is a type of smooth, strong cloth."}, {"ref": "Kenaniah", "text": "This is the name of a man. (See: [[:en:ta:vol1:translate:translate_names]])"}, {"ref": "So all Israel brought up the ark of the covenant of Yahweh", "text": "AT: \"So a great crowd of Israelites brought the ark of the covenant of Yahweh from the house of Obed Edom to Jerusalem\" (See: [[:en:ta:vol2:translate:figs_hyperbole]])"}, {"ref": "cymbals", "text": "See how you translated this in [[:en:bible:notes:1ch:13:07|13:8]]."}]}, {"id": "29", "tn": [{"ref": "the ark of the covenant of Yahweh came to the city of David", "text": "AT: \"the people brought the ark of the covenant of Yahweh to the city of David\" (See: [[:en:ta:vol2:translate:figs_personification]])"}, {"ref": "Michal", "text": "This is the name of David's wife. (See: [[:en:ta:vol1:translate:translate_names]])"}, {"ref": "despised him in her heart", "text": "AT: \"deeply disrespected him in her thinking\" (See: [[:en:ta:vol2:translate:figs_synecdoche]])"}]}]