[{"id": "01", "tn": [{"ref": "Jehoahaz", "text": "(See: [[:en:ta:vol1:translate:translate_names]])"}]}, {"id": "03", "tn": [{"ref": "General Information:", "text": "See: [[:en:ta:vol1:translate:translate_names]]"}, {"ref": "talents", "text": "(See: [[:en:ta:vol2:translate:translate_bmoney]])"}, {"ref": "brought him to Egypt", "text": "AT: \"took him to Egypt as a prisoner\""}]}, {"id": "05", "tn": [{"ref": "He did what was evil in the sight of Yahweh", "text": "See how you translated this in [[:en:bible:notes:2ch:21:06|21:6]]"}, {"ref": "attacked him", "text": "AT: \"attacked Jerusalem\" (See: [[:en:ta:vol2:translate:figs_metonymy]])"}, {"ref": "Nebuchadnezzar also carried", "text": "Nebuchanezzar's servents carried."}]}, {"id": "08", "tn": [{"ref": "the disgusting things that he did", "text": "This usually refers to worshiping false gods, which Yahweh hated."}, {"ref": "what was found against him", "text": "This may be a reference to his character. (See: [[:en:ta:vol1:translate:figs_idiom]])"}, {"ref": "Book of the Kings of Judah and Israel", "text": "See how you translated this in [[:en:bible:notes:2ch:35:26|35:27]]"}]}, {"id": "09", "tn": [{"ref": "He did what was evil in the sight of Yahweh", "text": "See how you translated this in [[:en:bible:notes:2ch:14:01|14:1]]"}]}, {"id": "11", "tn": [{"ref": "He did not humble himself before Jeremiah the prophet", "text": "AT: \"He did not humble himself and obey God by listening to Jeremiah the prophet\""}, {"ref": "from the mouth of Yahweh", "text": "\"from the words God had given him\" (See: [[:en:ta:vol2:translate:figs_metonymy]])"}]}, {"id": "13", "tn": [{"ref": "stiffened his neck and hardened his heart", "text": "These two phrases are idiomatic ways to refer to a person's stubbornness. Together they emphasize Zedekiah's rebellion against God. (See: [[:en:ta:vol2:translate:figs_doublet]] and [[:en:ta:vol1:translate:figs_idiom]])"}, {"ref": "disgusting practices", "text": "See how you translated a similar phrase in [[:en:bible:notes:2ch:15:08|15:8]]"}, {"ref": "polluted the house of Yahweh", "text": "AT: \"they made unholy that which was to be holy\""}]}, {"id": "15", "tn": [{"ref": "again and again", "text": "AT: \"many times\""}, {"ref": "there was no help for it", "text": "AT: \"there was no way to avoid it\""}]}, {"id": "17", "tn": [{"ref": "God gave them all into his hand", "text": "AT: \"God allowed the Chaldean army to defeat them.\" (See: [[:en:ta:vol2:translate:figs_metonymy]])"}]}, {"id": "18", "tn": [{"ref": "he took", "text": "his soldiers took (See: [[:en:ta:vol2:translate:figs_metonymy]])"}, {"ref": "They burned down", "text": "\"They\" refers to the Babylonian soldiers."}]}, {"id": "20", "tn": [{"ref": "The king carried", "text": "\"His soldiers took.\" (See: [[:en:ta:vol2:translate:figs_metonymy]])"}]}, {"id": "22", "tn": [{"ref": "in the first year", "text": "(See: [[:en:ta:vol2:translate:translate_numbers]])"}, {"ref": "He has commanded me to build a house", "text": "AT: \"He has appointed me to command that my workers build a temple for him in Jerusalem\" (See: [[:en:ta:vol2:translate:figs_metonymy]])"}]}]