[{"id": "01", "tn": [{"ref": "with their faces to the ground", "text": "This is a position of prayer. AT: \"they prostrated themselves with their faces touching the stone pavement.\""}, {"ref": "his covenant loyalty", "text": "AT: \"God's covenant faithfulness\" or \"God has promised to love the people of Israel forever\""}]}, {"id": "04", "tn": [{"ref": "each standing where they serve", "text": "AT: \"each standing in there appointed place\""}]}, {"id": "07", "tn": [{"ref": "was not able to hold the burnt offerings", "text": "AT: \"was not able to hold the large amount of burnt offerings\""}]}, {"id": "08", "tn": [{"ref": "and all Israel with him", "text": "People from all over Israel came. (See: [[:en:ta:vol2:translate:figs_hyperbole]])"}, {"ref": "Lebo Hamath", "text": "(See: [[:en:ta:vol1:translate:translate_names]])"}, {"ref": "a solemn assembly", "text": "This was a special religious gathering."}, {"ref": "the twenty-third day of the seventh month", "text": "third day of the seventh month** - This is the seventh month of the Hebrew calendar. The twenty-third day is near the middle of October on Western calendars. (See: [[:en:ta:vol2:translate:translate_hebrewmonths]] and [[:en:ta:vol2:translate:translate_ordinal]])"}, {"ref": "with glad and joyful hearts", "text": "The words \"glad\" and \"joyful\" mean basically the same thing. Together they emphasize the intensity of joy. AT: \"with very glad hearts.\" (See: [[:en:ta:vol2:translate:figs_doublet]])"}]}, {"id": "11", "tn": [{"ref": "carried out", "text": "\"finished\""}, {"ref": "I have heard your prayer", "text": "AT: \"I have listened to your prayer\""}]}, {"id": "13", "tn": [{"ref": "shut up the heavens so that there is no rain", "text": "AT: \"stopped the rain\" (See: [[:en:ta:vol1:translate:figs_metaphor]])"}, {"ref": "devour the land", "text": "The word \"land\" is used to mean \"all the living plants and crops.\" (See: [[:en:ta:vol2:translate:figs_metonymy]])"}, {"ref": "seek my face", "text": "AT: \"search for God\" or \"try to get God to pay attention to you\" (See: [[:en:ta:vol1:translate:figs_metaphor]])"}, {"ref": "my eyes will be open ... my ears attentive", "text": "The words \"eyes\" and \"ears\" refer to God, who chooses to see and hear their prayers. AT: \"I will see them and I will listen\" (See: [[:en:ta:vol2:translate:figs_synecdoche]])"}]}, {"id": "16", "tn": [{"ref": "My eyes and my heart", "text": "\"My love, careful watch, and protection\" (See: [[:en:ta:vol2:translate:figs_metonymy]])"}, {"ref": "if you walk before me as David your father walked", "text": "AT: \"If you obey me as David, your father, did.\" (See: [[:en:ta:vol1:translate:figs_simile]])"}, {"ref": "establish the throne", "text": "AT: \"I will make sure that your descendants will always be kings,\" (UDB)"}]}, {"id": "19", "tn": [{"ref": "I will uproot them from out of my ground that I have given them", "text": "AT: \"I will remove them from my land.\" Compares pulling plants up by their roots from the soil, with the removal of God's people of Israel from his land. The results would be destruction of the nation and sadness of the people. (See: [[:en:ta:vol1:translate:figs_metaphor]])"}]}, {"id": "21", "tn": [{"ref": "they forsook Yahweh", "text": "\"they were unfaithful to Yahweh\" or \"they did not obey Yahweh\""}, {"ref": "they laid hold of other gods and bowed down to them and worshiped them", "text": "AT: \"they have chosen to worship other gods and try to please them.\" (UDB) (See: [[:en:ta:vol1:translate:figs_metaphor]])"}]}]