[{"id": "01", "tn": [{"ref": "It came about at the end of twenty years", "text": "AT: After 20 years,\""}, {"ref": "Hiram", "text": "(See: [[:en:ta:vol1:translate:translate_names]])"}]}, {"id": "03", "tn": [{"ref": "Solomon attacked Hamathzobah", "text": "Solomon represents his whole fighting army. AT: \"Solomon's army attacked the town of Hamathzolbah\" (See: [[:en:ta:vol2:translate:figs_synecdoche]] and [[:en:ta:vol1:translate:translate_names]])"}, {"ref": "Tadmor ... Hamath", "text": "Cities in Syria."}]}, {"id": "05", "tn": [{"ref": "General Information:", "text": "See: [[:en:ta:vol1:translate:translate_names]]"}]}, {"id": "07", "tn": [{"ref": "who were left after them in the land", "text": "AT: \"who remained in the land\""}, {"ref": "forced laborers", "text": "AT: \"slaves\""}, {"ref": "to this day", "text": "See how you translated this in [[:en:bible:notes:2ch:05:09|5:9]]"}]}, {"id": "09", "tn": [{"ref": "250", "text": "See: [[:en:ta:vol2:translate:translate_numbers]]"}]}, {"id": "12", "tn": [{"ref": "portico", "text": "This is a covered porch or walkway supported by columns, attached to a building."}, {"ref": "the daily schedule required", "text": "AT: \"according to the daily requirements of the law of Moses\""}]}, {"id": "14", "tn": [{"ref": "people did not deviate from the commands", "text": "AT: \"people followed the commands\" (See: [[:en:ta:vol2:translate:figs_litotes]])"}]}, {"id": "17", "tn": [{"ref": "General Information:", "text": "See: [[:en:ta:vol1:translate:translate_names]]"}, {"ref": "talent", "text": "(See: [[:en:ta:vol2:translate:translate_bmoney]])"}]}]