[{"id": "01", "tn": [{"ref": "Abijah slept with his ancestors", "text": "AT: \"Abijah died\" (See: [[:en:ta:vol2:translate:figs_euphemism]])"}, {"ref": "In his days", "text": "AT: \"During his reign\" (See: [[:en:ta:vol1:translate:figs_idiom]])"}, {"ref": "the land was quiet ten years", "text": "AT: \"there was peace in the land for ten years\""}, {"ref": "in the eyes of Yahweh his God", "text": "AT: \"according to Yahweh\""}]}, {"id": "05", "tn": [{"ref": "he took away the high places and the incense altars from all the cities of Judah", "text": "AT: \"Asa had all the shrines and altars that were used for worshiping false gods in Judah destroyed\" (See: [[:en:ta:vol2:translate:figs_ellipsis]])"}]}, {"id": "07", "tn": [{"ref": "General Information:", "text": "See: [[:en:ta:vol2:translate:translate_numbers]]"}, {"ref": "Asa said to Judah", "text": "AT: \"Asa said to the people of Judah\" (See: [[:en:ta:vol2:translate:figs_synecdoche]] )"}, {"ref": "we have sought Yahweh our God", "text": "AT: \"we have asked Yahweh our God to help us\""}]}, {"id": "09", "tn": [{"ref": "General Information:", "text": "See: [[:en:ta:vol1:translate:translate_names]] and [[:en:ta:vol2:translate:translate_numbers]]"}, {"ref": "Mareshah", "text": "This was a city in Judah."}, {"ref": "do not let man defeat you", "text": "AT: \"do not let others defeat your people\" (See: [[:en:ta:vol2:translate:figs_metonymy]])"}]}, {"id": "12", "tn": [{"ref": "Ethiopians fell", "text": "AT: \"Ethiopians died\" (See: [[:en:ta:vol2:translate:figs_euphemism]])"}]}]