[{"id": "01", "tn": [{"ref": "thousands and of hundreds", "text": "The army had commanders who lead groups of soldiers of different sizes. AT: \"more than 1,000 men and more than 100 men\" (See: [[:en:ta:vol2:translate:translate_numbers]])"}, {"ref": "they seemed right in the eyes of all the people", "text": "Here \"eyes\" represent the thoughts and opinions of the people. AT: \"all the people thought these were the right things to do\" (See: [[:en:ta:vol2:translate:figs_metonymy]])"}]}, {"id": "05", "tn": [{"ref": "General Information:", "text": "See: [[:en:ta:vol1:translate:translate_names]]"}, {"ref": "Baalah", "text": "This is another name for Kiriath Jearim."}, {"ref": "who sits enthroned over the cherubim", "text": "AT: \"who rules from between the statues of winged creatures on the ark of the covenant\" (See: [[:en:ta:vol2:translate:figs_metonymy]])"}]}, {"id": "07", "tn": [{"ref": "General Information:", "text": "See: [[:en:ta:vol1:translate:translate_names]]"}, {"ref": "a new cart", "text": "This is a wheeled vehicle pulled by an animal that has never been used before."}, {"ref": "tambourines", "text": "musical instruments with a head like a drum that can be hit and with pieces of metal around the side that sound when the instruments are shaken (See: [[:en:ta:vol1:translate:translate_unknown]])"}, {"ref": "cymbals", "text": "two thin, round metal plates that are hit together to make a loud sound (See: [[:en:ta:vol1:translate:translate_unknown]])"}]}, {"id": "09", "tn": [{"ref": "General Information:", "text": "See: [[:en:ta:vol1:translate:translate_names]]"}, {"ref": "the anger of Yahweh burned against Uzzah", "text": "AT: \"Yahweh was very angry with Uzzah\" (See: [[:en:ta:vol1:translate:figs_metaphor]])"}, {"ref": "before God", "text": "AT: \"in the presence of God\""}, {"ref": "David was angry", "text": "David was angry at Yahweh. (See: [[:en:ta:vol2:translate:figs_ellipsis]])"}, {"ref": "to this day", "text": "See how you translated this in [[:en:bible:notes:1ch:04:42|4:43]]"}]}, {"id": "12", "tn": [{"ref": "General Information:", "text": "See: [[:en:ta:vol1:translate:translate_names]]"}, {"ref": "How can I bring the ark of God home to me?", "text": "David is expressing his anger about Uzza's death when he was trying to get the ark back to his city. AT: \"I cannot possibly bring the ark of God back to my city\" or \"Tell me what are the Laws about how to move the ark, I do not know how to do this\""}, {"ref": "three months", "text": "\"3 months\" (See: [[:en:ta:vol2:translate:translate_numbers]])"}]}]