[{"id": "01", "tn": [{"ref": "General Information:", "text": "Samuel has renewed Saul's kingdom at Gilgal and Samuel has reminded the people to follow the Lord."}, {"ref": "Saul was thirty years old ... over Israel", "text": "The text of this verse in ancient copies seems to have been mutilated, so modern versions have many different translations. They are all attempts to represent the most probable meaning of the original text."}, {"ref": "chose three thousand men", "text": "\"chose 3,000 men\" (See: [[:en:ta:vol2:translate:translate_numbers]])"}, {"ref": "Two thousand were with him in Michmash", "text": "\"2,000 were with him in Mishmash\" (See: [[:en:ta:vol1:translate:translate_names]])"}, {"ref": "Gibeah of Benjamin", "text": "Gibeah is a town. See how you translated this in [[:en:bible:notes:1sa:10:26|10:26]]."}, {"ref": "The rest of the soldiers he sent home", "text": "\"He sent the rest of the soldiers home\""}]}, {"id": "03", "tn": [{"ref": "garrison of the Philistines", "text": "\"military base of the Philistines\" or \"military camp of the Philistines\""}, {"ref": "Geba", "text": "This is the name of the town that the Philistine garrison was stationed in. (See: [[:en:ta:vol1:translate:translate_names]])"}, {"ref": "All Israel heard that Saul had defeated", "text": "Possible meanings are that 1) Saul was taking responsibility for Jonathan's actions or 2) Saul was taking credit for Jonathan's actions."}, {"ref": "Israel had become a rotten smell to the Philistines", "text": "The Philistines hating the Israelites is spoken of as if the Israelites had become a bad smell that offended the Philistines. AT: \"the Philistines hated the Israelites\" (See: [[:en:ta:vol1:translate:figs_metaphor]])"}, {"ref": "the soldiers were summoned together to join Saul at Gilgal", "text": "This can be stated in active form.  AT: \"Saul called the soldiers together to join him at Gilgal\" (See: [[:en:ta:vol2:translate:figs_activepassive]])"}]}, {"id": "05", "tn": [{"ref": "three thousand ... six thousand", "text": "\"3,000 ... 6,000\" (See: [[:en:ta:vol2:translate:translate_numbers]])"}, {"ref": "troops as numerous as the sand on the seashore", "text": "a group of soldiers so large that it was difficult to count them (See: [[:en:ta:vol2:translate:figs_hyperbole]])"}, {"ref": "Michmash", "text": "This is the name of a place. (See: [[:en:ta:vol1:translate:translate_names]])"}, {"ref": "Bethaven", "text": "This is the name of a place. (See: [[:en:ta:vol1:translate:translate_names]])"}]}, {"id": "06", "tn": [{"ref": "General Information:", "text": "The Philistines had gathered together to fight against Israel."}, {"ref": "the people", "text": "This phrase refers to the nation of Israel."}, {"ref": "the people were distressed", "text": "\"the people worried greatly\""}, {"ref": "followed him trembling", "text": "The people were greatly afraid."}]}, {"id": "08", "tn": [{"ref": "the time Samuel had set", "text": "\"according to the time Samuel had told them he would come\""}, {"ref": "the people were scattering from Saul", "text": "This can be stated in active form. AT: \"the people had started to leave Saul\" (See: [[:en:ta:vol2:translate:figs_activepassive]])"}, {"ref": "Then he offered the burnt offering", "text": "Only the line of Aaron was permitted to perform the burnt offering sacrifice to God."}]}, {"id": "11", "tn": [{"ref": "What have you done", "text": "Samuel was not really asking a question, but giving a rebuke to Saul. Saul sought to defend his actions even though they were wrong. (See: [[:en:ta:vol1:translate:figs_rquestion]])"}, {"ref": "Michmash", "text": "Michmash is the name of a place. See how you translated this in [[:en:bible:notes:1sa:13:01|13:02]]."}]}, {"id": "13", "tn": [{"ref": "You have not kept the command of Yahweh", "text": "Saul was to wait for Samuel to come and sacrifice the burnt offering to God. He was not to perform the sacrifice himself."}, {"ref": "established your rule", "text": "\"set up your rule\" or \"authorized your rule\" or \"appointed your rule\""}, {"ref": "your rule will not continue", "text": "This is a litotes that can be stated in the positive form. AT: \"your rule will end soon\" (See: [[:en:ta:vol2:translate:figs_litotes]])"}, {"ref": "a man after his own heart", "text": "Here \"heart\" represents Yahweh's desire or will. The phrase \"man after his own heart\" is an idiom that means to be a person who does what Yahweh desires. AT: \"a man who is the kind of person he wants\" or \"a man who will obey him\" (See: [[:en:ta:vol2:translate:figs_metonymy]] and [[:en:ta:vol1:translate:figs_idiom]])"}]}, {"id": "15", "tn": [{"ref": "Samuel arose and went up", "text": "This is an idiom for \"Samuel left and went up.\" (UDB). (See: [[:en:ta:vol1:translate:figs_idiom]])"}, {"ref": "went up from Gilgal", "text": "Gilgal is a city. See how you translated this in [[:en:bible:notes:1sa:07:15|7:15]]."}, {"ref": "Gibeah of Benjamin", "text": "Gibeah is a town. See how you translated this in [[:en:bible:notes:1sa:10:26|10:26]]."}, {"ref": "six hundred men", "text": "\"600 men\" (See: [[:en:ta:vol2:translate:translate_numbers]])"}, {"ref": "Geba of Benjamin", "text": "Geba is a town. See how you translated this in [[:en:bible:notes:1sa:13:03|13:03]]."}, {"ref": "Philistines camped at Michmash", "text": "Michmash is the name of a place. See how you translated this in [[:en:bible:notes:1sa:13:01|13:02]]."}]}, {"id": "17", "tn": [{"ref": "Raiders came", "text": "Raiders are normally military people who attack enemy villages for their food and other supplies."}, {"ref": "Ophrah, to the land of Shual ... Bethhoron ... Valley of Zeboim", "text": "These are the names of places. (See: [[:en:ta:vol1:translate:translate_names]])"}]}, {"id": "19", "tn": [{"ref": "General Information:", "text": "The narrative shifts to background information regarding blacksmiths in Israel."}, {"ref": "No blacksmith could be found", "text": "This can be stated in active form. AT: \"No one could find a blacksmith\" (See: [[:en:ta:vol2:translate:figs_activepassive]])"}, {"ref": "blacksmith", "text": "Here \"blacksmith\" refers to someone who made or sharpened metal tools and weapons."}, {"ref": "sharpen his plow points", "text": "The words \"plow points\" refer to the point of a metal tool used for digging up the ground for planting crops."}, {"ref": "mattock ... ax ... sickle", "text": "These are common garden tools."}, {"ref": "mattock", "text": "A \"mattock\" is a broad-bladed axe, with a horizontal blade that is used for breaking up hard soil."}, {"ref": "sickle", "text": "a curved blade for cutting grasses and grain stalks"}, {"ref": "two-thirds of a shekel", "text": "thirds of a shekel** - The shekel is divided into 3 parts, 2 of 3 parts are given. \"2/3 of a shekel\" (See: [[:en:ta:vol2:translate:translate_bmoney]])"}, {"ref": "straightening the goads", "text": "\"taking out the bend and making the ox goad straight again so it could be used\""}]}, {"id": "22", "tn": [{"ref": "General Information:", "text": "The narrative continues."}, {"ref": "there were no swords or spears", "text": "This explains in part why Saul's army was afraid. They did not have any weapons to fight."}]}]