[{"id": "01", "tn": [{"ref": "It came about, when", "text": "\"It came about\" marks a point of special significance in the story. At: \"At the very time when\""}, {"ref": "and all Israel with him", "text": "AT: \"and both Israel and Judah followed him in his sin.\" Israel also includes Judah here. (See: [[:en:ta:vol2:translate:figs_ellipsis]] )"}]}, {"id": "02", "tn": [{"ref": "General Information:", "text": "See: [[:en:ta:vol1:translate:translate_names]]"}, {"ref": "came up against", "text": "AT: \"came to attack\""}, {"ref": "Soldiers without number", "text": "AT: \"Many soldiers\" (See: [[:en:ta:vol2:translate:figs_hyperbole]])"}]}, {"id": "05", "tn": [{"ref": "General Information:", "text": "See: [[:en:ta:vol1:translate:translate_names]]"}, {"ref": "so I have also given you over into Shishak's hand", "text": "AT: \"so I have given you to Shishak as captives\" (See: [[:en:ta:vol2:translate:figs_metonymy]] )"}, {"ref": "", "text": "*"}]}, {"id": "07", "tn": [{"ref": "they had humbled themselves", "text": "AT: \"the king and the other leaders of Israel had humbled themselves,\" - The king and other leaders are symbolic of all the people of Israel. (See: [[:en:ta:vol2:translate:figs_metonymy]])"}, {"ref": "the word of Yahweh came", "text": "\"Yahweh spoke his word.\" See how you translated this in [[:en:bible:notes:2ch:11:02|11:2]]. (See: [[:en:ta:vol1:translate:figs_idiom]])"}, {"ref": "I will rescue them to some extent", "text": "AT: \"I will rescue them from complete destruction\""}, {"ref": "my anger will not pour out on Jerusalem", "text": "AT: \"I will not completely express my anger against Jerusalem\""}]}, {"id": "09", "tn": [{"ref": "entrusted them into the hands of the commanders", "text": "AT: \"gave them to the commanders\" (See: [[:en:ta:vol2:translate:figs_synecdoche]])"}]}, {"id": "11", "tn": [{"ref": "It happened that whenever", "text": "marks a time of special significance in the story. Many languages have a way to mark this significant time phrase."}, {"ref": "Yahweh's anger turned away from him, so as not to destroy him completely", "text": "AT: \"Yahweh was no longer angry with him and, thus, did not destroy him completely\" (See: [[:en:ta:vol2:translate:figs_personification]])"}, {"ref": "besides", "text": "\"in addition\""}]}, {"id": "13", "tn": [{"ref": "so that he might put his name there.", "text": "AT: \"so that he would always be honored there.\" (See: [[:en:ta:vol2:translate:figs_metonymy]])"}, {"ref": "he did not fix his heart to seek Yahweh", "text": "AT: \"he did not have the desire and strength to obey God\" (See: [[:en:ta:vol1:translate:figs_idiom]])"}]}, {"id": "15", "tn": [{"ref": "General Information:", "text": "See: [[:en:ta:vol1:translate:translate_names]]"}, {"ref": "first and last", "text": "\"everything\" (See: [[:en:ta:vol1:translate:figs_idiom]])"}, {"ref": "are they not written ... Jeroboam?", "text": "AT: \"they are recorded ... Jeroboam.\" (See: [[:en:ta:vol1:translate:figs_rquestion]])"}, {"ref": "Rehoboam slept with his ancestors", "text": "AT: \"Rehoboam died\" (See: [[:en:ta:vol2:translate:figs_euphemism]])"}]}]