[{"id": "01", "tn": [{"ref": "General Information:", "text": "This begins the list of the gatekeepers."}, {"ref": "Korahites", "text": "See how you translated this in [[:en:bible:notes:1ch:09:17|1 Chronicles 9:19]]."}, {"ref": "Meshelemiah", "text": "See how you translated this in [[:en:bible:notes:1ch:09:20|1 Chronicles 9:21]]."}, {"ref": "Kore", "text": "See how you translated this in [[:en:bible:notes:1ch:09:17|1 Chronicles 9:19]]."}, {"ref": "Asaph", "text": "This is an alternative spelling to \"Ebiasaph\" in [[:en:bible:notes:1ch:09:17|1 Chronicles 9:19]]."}, {"ref": "Zechariah", "text": "See how you translated this in [[:en:bible:notes:1ch:09:20|1 Chronicles 9:21]]."}, {"ref": "Jediael ... Zebadiah ... Jathniel ... Elam ... Jehohanan ... Eliehoenai", "text": "These are the names of men. (See: [[:en:ta:vol1:translate:translate_names]])"}, {"ref": "the second ... third ... fourth ... seventh", "text": "This shows the order in which the sons were born. AT: \"number 2 ... number 3 ... number 4 ... number 7\" or \"the next\" for each one. (See: [[:en:ta:vol2:translate:translate_numbers]])"}]}, {"id": "04", "tn": [{"ref": "General Information:", "text": "This continues the list of gatekeepers which started in [[:en:bible:notes:1ch:26:01]]."}, {"ref": "Obed Edom", "text": "See how you translated this in [[:en:bible:notes:1ch:16:37|1 Chronicles 16:38]]."}, {"ref": "Shemaiah ... Jehozabad ... Joah ... Sacar ... Nethanel ... Ammiel ... Issachar ... Peullethai", "text": "These are the names of men. (See: [[:en:ta:vol1:translate:translate_names]])"}, {"ref": "the second ... eighth", "text": "This shows the order in which the sons were born. AT: \"number 2 ... number 3 ... number 4 ... number 5 ... number 6 ... number 7 ... number 8\" or \"the next\" for each one. (See: [[:en:ta:vol2:translate:translate_numbers]])"}]}, {"id": "07", "tn": [{"ref": "General Information:", "text": "This continues the list of gatekeepers which started in [[:en:bible:notes:1ch:26:01]]."}, {"ref": "Shemaiah ... Obed Edom", "text": "See how you translated these in [[:en:bible:notes:1ch:26:04|1 Chronicles 26:4-6]]."}, {"ref": "His relatives", "text": "\"Shemaiah's relatives\" or \"Shemaiah's family members\""}, {"ref": "Othni ... Rephael ... Obed ... Elzabad ... Elihu ... Semachiah ... Meshelemiah", "text": "These are the names of men. (See: [[:en:ta:vol1:translate:translate_names]])"}, {"ref": "sixty-two of them", "text": "two of them** - \"62 men\" (See: [[:en:ta:vol2:translate:translate_numbers]])"}, {"ref": "eighteen in all", "text": "\"18 total\""}]}, {"id": "10", "tn": [{"ref": "General Information:", "text": "This continues the list of gatekeepers which started in [[:en:bible:notes:1ch:26:01]]."}, {"ref": "Hosah ... Merari ... Shimri ... Hilkiah ... Tebaliah ... Zechariah", "text": "These are the names of men. (See: [[:en:ta:vol1:translate:translate_names]])"}, {"ref": "the second ... third ... fourth", "text": "This shows the order in which the sons were born. AT: \"number 2 ... number 3 ... number 4\" or \"the next\" for each one. (See: [[:en:ta:vol2:translate:translate_numbers]])"}, {"ref": "All of Hosah's sons and kinsmen were thirteen in number", "text": "AT: \"There were 13 of Hosah's sons and kinsmen.\" (See: [[:en:ta:vol2:translate:translate_numbers]])"}]}, {"id": "12", "tn": [{"ref": "both young and old", "text": "AT: \"every person\" or \"men of all ages\" (See: [[:en:ta:vol2:translate:figs_merism]])"}, {"ref": "Shelemiah", "text": "This is another spelling for \"Meshelemiah\" in [[:en:bible:notes:1ch:26:01|1 Chronicles 26:2]]."}, {"ref": "Zechariah", "text": "See how you translated this in [[:en:bible:notes:1ch:26:01|1 Chronicles 26:2]]."}, {"ref": "When the lot was thrown", "text": "AT: \"When they threw the lot\" (See: [[:en:ta:vol2:translate:figs_activepassive]])"}, {"ref": "a prudent advisor", "text": "This is a person who shows good judgment in making decisions."}]}, {"id": "15", "tn": [{"ref": "To Obed Edom was assigned the south gate, and his sons were assigned the storehouses", "text": "\"Obed Edom was responsible for guarding the south gate, and his sons guarded the storehouses.\" (See: [[:en:ta:vol2:translate:figs_activepassive]])"}, {"ref": "Obed Edom", "text": "See how you translated this in [[:en:bible:notes:1ch:26:04|1 Chronicles 26:4]]."}, {"ref": "Shuppim", "text": "This is the name of a man. (See: [[:en:ta:vol1:translate:translate_names]])"}, {"ref": "Hosah", "text": "See how you translated this in [[:en:bible:notes:1ch:26:10|1 Chronicles 26:10]]."}, {"ref": "Shallecheth", "text": "This is the name of the gate. (See: [[:en:ta:vol1:translate:translate_names]])"}, {"ref": "Watches were established for each family.", "text": "AT: \"Each family was responsible for guarding something.\" (See: [[:en:ta:vol2:translate:figs_activepassive]])"}]}, {"id": "17", "tn": [{"ref": "six Levites", "text": "\"6 Levites\" (See: [[:en:ta:vol2:translate:translate_numbers]])"}, {"ref": "four a day", "text": "\"4 men each day\" (See: [[:en:ta:vol2:translate:figs_ellipsis]])"}, {"ref": "two pairs", "text": "\"2 pairs of men\" or \"2 men at a time\""}, {"ref": "At the court to the west there were four posted", "text": "AT: \"4 men guarded the court to the west\" (See: [[:en:ta:vol2:translate:figs_activepassive]])"}, {"ref": "four at the road, and two at the court", "text": "\"4 men guarded the road, and two men guarded the court\""}, {"ref": "They were filled with", "text": "AT: \"They were\" (See: [[:en:ta:vol2:translate:figs_activepassive]])"}, {"ref": "Merari", "text": "See how you translated this in [[:en:bible:notes:1ch:26:10|1 Chronicles 26:10]]."}]}, {"id": "20", "tn": [{"ref": "The descendants of Ladan, descended from Gershon through him and who were leaders of the families of Ladan the Gershonite, were Jehieli and his sons", "text": "\"Jehieli and his sons were the descendants of Ladan, who descended from Gershon belonging to Ladan. Jehieli and his sons were leaders of the families of Ladan the Gershonite. Jehieli's sons were\""}, {"ref": "Ladan ... Gershon", "text": "See how you translated these names in [[:en:bible:notes:1ch:23:07|1 Chronicles 23:7]]."}, {"ref": "Gershonite", "text": "The descendants of Gershon. (See: [[:en:ta:vol1:translate:translate_names]])"}, {"ref": "Jehieli ... Zetham ... Joel", "text": "See how you translated these names in [[:en:bible:notes:1ch:23:07|1 Chronicles 23:8]]."}, {"ref": "who oversaw", "text": "\"who supervised\""}]}, {"id": "23", "tn": [{"ref": "There were also guards drawn from the clans", "text": "\"The leaders also selected guards from the clans\" (See: [[:en:ta:vol2:translate:figs_activepassive]])"}, {"ref": "Amram, Izhar, Hebron ... Uzziel", "text": "See how you translated these names in [[:en:bible:notes:1ch:23:12|23:12]]."}, {"ref": "Shebuel ... Gershom ... Eliezer ... Rehabiah", "text": "See how you translated these names in [[:en:bible:notes:1ch:23:15|23:15-17]]."}, {"ref": "Jeshaiah ... Joram ... Zichri ... Shelomoth", "text": "These are the names of men. (See: [[:en:ta:vol1:translate:translate_names]])"}]}, {"id": "26", "tn": [{"ref": "thousands and hundreds", "text": "\"more than 1,000 men and more than 100 men\" (See: [[:en:ta:vol2:translate:translate_numbers]])"}, {"ref": "plunder", "text": "things an army takes from its enemies after a victory"}, {"ref": "Kish ... Ner ... Zeruiah", "text": "These are names of men. (See: [[:en:ta:vol1:translate:translate_names]])"}, {"ref": "Everything that was set apart", "text": "\"Everything that the leaders set apart\" (See: [[:en:ta:vol2:translate:figs_activepassive]])"}]}, {"id": "29", "tn": [{"ref": "Izhar ... Hebron", "text": "See how you translated this in [[:en:bible:notes:1ch:23:12|1 Chronicles 23:12]]."}, {"ref": "civil affairs of Israel", "text": "This refers to the regular business of the people of Israel, not connected to the military or to the temple. AT: \"daily business of the people of Israel.\""}, {"ref": "Kenaniah ... Hashabiah", "text": "These are the names of men. (See: [[:en:ta:vol1:translate:translate_names]])"}, {"ref": "1,700 capable men", "text": "\"one thousand seven hundred capable men\" (See: [[:en:ta:vol2:translate:translate_numbers]])"}, {"ref": "Yahweh's work and the king's work", "text": "AT: \"work done for Yahweh and the king.\""}]}, {"id": "31", "tn": [{"ref": "Hebron", "text": "See how you translated this in [[:en:bible:notes:1ch:23:12|23:12]]."}, {"ref": "Jerijah", "text": "This is another way to spell \"Jeriah.\" See how you translated this in [[:en:bible:notes:1ch:23:19|23:19]]."}, {"ref": "counted from the lists", "text": "AT: \"their names were on the lists\" (See: [[:en:ta:vol2:translate:figs_activepassive]])"}, {"ref": "In the fortieth year of the reign of David", "text": "\"When David had been king for 40 years\" (See: [[:en:ta:vol2:translate:translate_ordinal]] and [[:en:ta:vol2:translate:translate_numbers]])"}, {"ref": "Jazer", "text": "This is the name of a man. (See: [[:en:ta:vol1:translate:translate_names]])"}, {"ref": "2,700 relatives", "text": "\"two thousand seven hundred family members\" (See: [[:en:ta:vol2:translate:translate_numbers]])"}]}]