[{"id": "01", "tn": [{"ref": "beyond the Jordan", "text": "This refers to the land across the Jordan River, to the east of Israel. Moses was east of the Jordan when he spoke to the Israelites. AT: \"east of the Jordan\""}, {"ref": "Suph ... Paran ... Tophel ... Laban ... Hazeroth ... Di Zahab", "text": "These are the names of places. (See: [[:en:ta:vol1:translate:translate_names|How to Translate Names]])"}, {"ref": "It is eleven days' journey from Horeb ... to Kadesh Barnea", "text": "\"It takes eleven days to walk from Horeb ... to Kadesh Barnea\""}, {"ref": "Mount Seir", "text": "This is a mountainous area south of the Dead Sea. The area is also called \"Edom.\" (See: [[:en:ta:vol1:translate:translate_names]])"}, {"ref": "eleven", "text": "\"11\" (See: [[:en:ta:vol2:translate:translate_numbers|Numbers]])"}]}, {"id": "03", "tn": [{"ref": "It happened in the fortieth year, in the eleventh month, on the first day of the month, that Moses spoke", "text": "The ordinal numbers can be translated as cardinal numbers. AT: \"They had lived in the wilderness for 40 years, 11 months, and 1 day, when Moses spoke\" (See: [[:en:ta:vol2:translate:translate_ordinal]])"}, {"ref": "fortieth", "text": "40th (See: [[:en:ta:vol2:translate:translate_numbers]])"}, {"ref": "in the eleventh month, on the first day of the month", "text": "This is the eleventh month of the Hebrew calendar. The first day is near the middle of January on Western calendars. (See: [[:en:ta:vol2:translate:translate_hebrewmonths]] and [[:en:ta:vol2:translate:translate_ordinal]])"}, {"ref": "eleventh", "text": "11th (See: [[:en:ta:vol2:translate:translate_numbers]])"}, {"ref": "Yahweh", "text": "This is the name of God that he revealed to his people in the Old Testament. See the translationWord page about Yahweh concerning how to translate this."}, {"ref": "Yahweh had attacked", "text": "\"Yahweh had enabled the Israelites to defeat\""}, {"ref": "Sihon ... Og", "text": "These are names of kings. (See: [[:en:ta:vol1:translate:translate_names]])"}, {"ref": "Heshbon ... Ashtaroth at Edrei", "text": "These are names of cities. (See: [[:en:ta:vol1:translate:translate_names]])"}]}, {"id": "05", "tn": [{"ref": "Beyond the Jordan", "text": "This refers to the land across the Jordan River, to the east of Israel. Moses was east of the Jordan when he said this. AT: \"East of the Jordan River.\" Translate this as it is in [[:en:bible:notes:deu:01:01|1:1]]."}, {"ref": "spoke to us", "text": "The word \"us\" refers to Moses and the other people of Israel."}, {"ref": "You have lived long enough in this hill country", "text": "This is an idiom. AT: \"You do not need to stay near this mountain any longer\" (See: [[:en:ta:vol1:translate:figs_idiom]])"}]}, {"id": "07", "tn": [{"ref": "General Information:", "text": "Moses continues to remind the people of Israel what Yahweh said to them."}, {"ref": "Turn and take your journey", "text": "The word \"turn\" is an idiom for beginning action. AT: \"Start again on your journey\" (See: [[:en:ta:vol1:translate:figs_idiom]])"}, {"ref": "hill country ... Euphrates", "text": "Yahweh is describing places in the land that he has promised to give to the Israelites."}, {"ref": "hill country", "text": "This is an area in the hills near the place where the Amorites lived."}, {"ref": "lowland", "text": "an area of land that is low and flat"}, {"ref": "Look", "text": "\"Pay attention to what I am about to say\""}, {"ref": "I have set the land before you", "text": "\"I am now giving this land to you\""}, {"ref": "that Yahweh swore", "text": "Yahweh is speaking as if he were another person. AT: \"that I, Yahweh, swore\" (See: [[:en:ta:vol2:translate:figs_pronouns]])"}, {"ref": "fathers", "text": "The word \"fathers\" is a synecdoche for all ancestors. AT: \"ancestors\" (See: [[:en:ta:vol2:translate:figs_synecdoche]])"}]}, {"id": "09", "tn": [{"ref": "General Information:", "text": "Moses continues to remind the people of Israel what Yahweh said to them."}, {"ref": "I spoke to you at that time", "text": "Here \"I\" refers to Moses. The phrase \"at that time\" refers to when the Israelites were at Horeb, which is the same as Mount Sinai. AT: \"When we were at Horeb, I spoke to you\" (See: [[:en:ta:vol1:translate:figs_explicit]])"}, {"ref": "I am not able to carry you myself alone", "text": "Here \"to carry you\" means \"to lead you\" or \"to govern you.\" AT: \"It is too much for me to lead you by myself\" (See: [[:en:ta:vol1:translate:figs_idiom]])"}, {"ref": "as the multitude of the stars of heaven", "text": "This is an exaggeration that means God has greatly increased the number of Israelites. AT: \"a great crowd of many people\" (See: [[:en:ta:vol2:translate:figs_hyperbole]] and [[:en:ta:vol1:translate:figs_simile]])"}, {"ref": "a thousand times", "text": "The phrase \"a thousand\" is a metaphor for \"very many.\" AT: \"very many times\" (See: [[:en:ta:vol1:translate:figs_metaphor]])"}, {"ref": "a thousand", "text": "1000 (See: [[:en:ta:vol2:translate:translate_numbers]])"}]}, {"id": "12", "tn": [{"ref": "General Information:", "text": "Moses continues speaking to the people of Israel."}, {"ref": "But how can I myself alone carry your loads, your burdens, and your disputes?", "text": "Moses uses a question to emphasize that he cannot solve all of their problems by himself. This rhetorical question can be translated as a statement. AT: \"I cannot carry your loads, your burdens, and your disputes by myself.\" (See: [[:en:ta:vol1:translate:figs_rquestion]])"}, {"ref": "carry your loads, your burdens", "text": "Moses speaks as if the people's problems and complaints that he needed to take care of were heavy physical objects that he had been carrying. AT: \"take care of your problems, your complaints\" (See: [[:en:ta:vol1:translate:figs_metaphor]])"}, {"ref": "your disputes", "text": "\"your arguments\" or \"your disagreements\""}, {"ref": "men of good repute from each tribe", "text": "\"men from each tribe whom the people of Israel respect\""}]}, {"id": "15", "tn": [{"ref": "General Information:", "text": "Moses continues to speak to the people of Israel."}, {"ref": "and men of good repute", "text": "\"and men whom your people respected.\" See how this is translated in [[:en:bible:notes:deu:01:12|1:13]]."}, {"ref": "of thousands ... of hundreds ... of fifties ... of tens", "text": "\"of groups of 1,000 ... of groups of 100 ... of groups of 50 ... and groups of 10\" (See: [[:en:ta:vol2:translate:translate_numbers]])"}, {"ref": "captains ... officers", "text": "These are titles for different leaders in Israel's government."}, {"ref": "tribe by tribe", "text": "\"from each of your tribes\""}, {"ref": "judge righteously between a man and his brother", "text": "\"make right and fair decisions about the disputes Israelites have with each other\""}]}, {"id": "17", "tn": [{"ref": "General Information:", "text": "Moses continues speaking to the judges, so the commands are plural. (See: [[:en:ta:vol2:translate:figs_pronouns]])"}, {"ref": "You will not show partiality", "text": "\"Do not show partiality\""}, {"ref": "you will hear the small and the great alike", "text": "These two extremes \"small\" and \"great\" represent all people. AT: \"you will treat all people alike\" (See: [[:en:ta:vol2:translate:figs_merism]])"}, {"ref": "You will not be afraid of the face of man", "text": "The word \"face\" is a metonym for the whole person. \"You will not\" is a command. \"Do not be afraid of anyone\" (See: [[:en:ta:vol2:translate:figs_metonymy]])"}, {"ref": "at that time", "text": "This means the time when they were at Horeb, at Mount Sinai. (See: [[:en:ta:vol1:translate:figs_explicit]])"}]}, {"id": "19", "tn": [{"ref": "General Information:", "text": "Moses continues reminding the people of Israel what the previous generation of Israelites did."}, {"ref": "terrible wilderness that you saw", "text": "\"large and dangerous desert that you crossed through\""}]}, {"id": "20", "tn": [{"ref": "General Information:", "text": "Moses continues reminding the people of Israel what the previous generation of Israelites did."}, {"ref": "Look ... your God ... before you; go up, take possession ... your fathers ... to you; do not be afraid, neither be discouraged", "text": "Moses is speaking to the Israelites as if he were speaking to one man, so these forms should be singular, not plural. (See: [[:en:ta:vol2:translate:figs_pronouns]])."}, {"ref": "has set the land before you", "text": "\"is now giving this land to you.\" See how this is translated in [[:en:bible:notes:deu:01:07|1:8]]."}]}, {"id": "22", "tn": [{"ref": "General Information:", "text": "Moses continues reminding the people of Israel what the previous generation of Israelites did."}, {"ref": "twelve men", "text": "\"12 men\" (See: [[:en:ta:vol2:translate:translate_numbers]])"}, {"ref": "They turned and went", "text": "\"They left that place and went\" (See: [[:en:ta:vol1:translate:figs_idiom]])"}, {"ref": "Valley of Eshcol", "text": "This is a valley in the Hebron region, which is south of Jerusalem. (See: [[:en:ta:vol1:translate:translate_names]])"}, {"ref": "scouted it", "text": "\"looked for places they could attack\""}]}, {"id": "25", "tn": [{"ref": "General Information:", "text": "Moses continues reminding the people of Israel what the previous generation of Israelites did."}, {"ref": "They took", "text": "\"The 12 men took\""}, {"ref": "took some of the produce of the land in their hands", "text": "\"picked some of the produce of the land\""}, {"ref": "brought us word and said", "text": "The speaker speaks as if a \"word\" were a physical object that someone could bring. AT: \"told us\" (See: [[:en:ta:vol1:translate:figs_metaphor]])"}, {"ref": "said, 'It is a good land that Yahweh our God is giving to us.'", "text": "The direct quotation can be translated as an indirect quotation. AT: \"said that the land that Yahweh our God was giving to us was good\""}]}, {"id": "26", "tn": [{"ref": "General Information:", "text": "Moses continues reminding the people of Israel what the previous generation of Israelites did."}, {"ref": "Yet you refused to attack", "text": "God commanded the Israelites to attack and destroy the Amorites, but the Israelites were afraid and refused to fight them. (See: [[:en:ta:vol1:translate:figs_explicit]])"}, {"ref": "into the hand of the Amorites", "text": "Here \"into the hand\" means to give the Amorites power over them. AT: \"into the power of the Amorites\" (See: [[:en:ta:vol2:translate:figs_metonymy]])"}, {"ref": "Where can we go now?", "text": "Here this question emphasizes how afraid they were. This rhetorical question can be translated as a statement. AT: \"We have nowhere to go.\" (See: [[:en:ta:vol1:translate:figs_rquestion]])"}, {"ref": "made our heart to melt", "text": "This means that they became afraid. AT: \"made us very afraid\" (See: [[:en:ta:vol1:translate:figs_idiom]])"}, {"ref": "and are fortified up to the heavens", "text": "This is an exaggeration that emphasizes how frightened the people were because the cities were so large and strong. (See: [[:en:ta:vol2:translate:figs_hyperbole]])"}, {"ref": "are fortified up to", "text": "\"have walls that are as high as\""}, {"ref": "sons of the Anakim", "text": "These are descendants of the Anak people who were very large and fierce. (See: [[:en:ta:vol1:translate:figs_explicit]] and [[:en:ta:vol1:translate:translate_names]])"}]}, {"id": "29", "tn": [{"ref": "General Information:", "text": "Moses continues reminding the people of Israel what the previous generation of Israelites did."}, {"ref": "I said to you", "text": "\"I said to your ancestors\""}, {"ref": "before your eyes", "text": "Here the metonym \"before your eyes\" refers to what they saw. AT: \"which you yourselves saw\" (See: [[:en:ta:vol2:translate:figs_metonymy]])"}, {"ref": "you have seen ... Yahweh your God carried you ... you went ... you came", "text": "Moses speaks to the Israelites as if they were one man, so all instances of \"you\" and \"your\" are singular. (See: [[:en:ta:vol1:translate:figs_you]])"}, {"ref": "Yahweh your God carried you, as a man carries his son", "text": "Here Yahweh's care for his people is compared to that of a father. AT: \"Yahweh your God has taken care of you, like a father takes care of his son\" (See: [[:en:ta:vol1:translate:figs_simile]])"}, {"ref": "until you came to this place", "text": "\"until you came to this land that God promised to give you\""}]}, {"id": "32", "tn": [{"ref": "General Information:", "text": "Moses continues reminding the people of Israel what the previous generation of Israelites did."}, {"ref": "Yahweh your God ... who went before you", "text": "Moses reminds them of all the ways Yahweh had gone ahead of Israel during all their travels in the past."}, {"ref": "make camp", "text": "\"put up your tents\""}]}, {"id": "34", "tn": [{"ref": "General Information:", "text": "Moses continues to remind the people of Israel what Yahweh said to them."}, {"ref": "heard the sound of your words", "text": "\"heard what you were saying\""}, {"ref": "he swore and said", "text": "God made a vow not to allow those who rebelled against him to enter the land he promised to give them."}, {"ref": "will see", "text": "\"will enter\""}, {"ref": "save Caleb", "text": "\"except Caleb\""}, {"ref": "Jephunneh", "text": "This is the name of Caleb's father. (See: [[:en:ta:vol1:translate:translate_names]])"}, {"ref": "he has wholly followed Yahweh", "text": "Yahweh speaks as if he were someone else. AT: \"he has completely obeyed me\" (See: [[:en:ta:vol2:translate:figs_pronouns]])"}]}, {"id": "37", "tn": [{"ref": "General Information:", "text": "Moses continues reminding the people of Israel what the previous generation of Israelites did."}, {"ref": "Yahweh was angry with me because of you", "text": "This refers to when Moses disobeyed what Yahweh told him to do because Moses was angry with the people of Israel. (See: [[:en:ta:vol1:translate:figs_explicit]])"}, {"ref": "Nun", "text": "This is the name of Joshua's father. (See: [[:en:ta:vol1:translate:translate_names]])"}, {"ref": "who stands before you", "text": "Why Joshua stands before Moses can be stated clearly. AT: \"who stands before you as your servant\" or \"who helps you\" (See: [[:en:ta:vol1:translate:figs_explicit]])"}]}, {"id": "39", "tn": [{"ref": "General Information:", "text": "Moses continues reminding the people of Israel what the previous generation of Israelites did."}, {"ref": "no knowledge of good or evil", "text": "They do not yet know what is good and what is evil."}, {"ref": "turn and take your journey", "text": "\"turn around and go back on the road you have come on\""}]}, {"id": "41", "tn": [{"ref": "General Information:", "text": "Moses continues reminding the people of Israel what the previous generation of Israelites did."}, {"ref": "sinned against Yahweh", "text": "\"we have rebelled against Yahweh by disobeying him\""}, {"ref": "we will follow", "text": "\"we will obey\""}, {"ref": "to attack the hill country", "text": "Here the metonym \"hill country\" represents the people that live there. AT: \"to attack the people who live in the hill country\" (See: [[:en:ta:vol2:translate:figs_metonymy]])"}, {"ref": "for I will not be with you, and you will be defeated by your enemies", "text": "This can be stated in active form. AT: \"your enemies will defeat you because I will not be with you\" (See: [[:en:ta:vol2:translate:figs_activepassive]])"}]}, {"id": "43", "tn": [{"ref": "General Information:", "text": "Moses continues to speak to the people of Israel."}, {"ref": "attacked the hill country", "text": "The metonym \"hill country\" stands for the people who live there. AT: \"attacked the people who live in the hill country\" (See: [[:en:ta:vol2:translate:figs_metonymy]])"}, {"ref": "chased you like bees", "text": "A \"bee\" is a small, flying insect that flies in large groups and stings people who threaten them. This means that so many Amorites  attacked the Israelite soldiers that they had to leave the battle. (See: [[:en:ta:vol1:translate:figs_simile]] and [[:en:ta:vol1:translate:translate_unknown]])"}, {"ref": "Seir", "text": "This is the name of a piece of land. (See: [[:en:ta:vol1:translate:translate_names]])"}, {"ref": "Hormah", "text": "This is the name of a city. (See: [[:en:ta:vol1:translate:translate_names]])"}, {"ref": "struck you down", "text": "\"killed many of your soldiers\""}]}, {"id": "45", "tn": [{"ref": "General Information:", "text": "Moses continues reminding the people of Israel what the previous generation of Israelites did."}, {"ref": "returned", "text": "\"returned to Kadesh\""}]}]