[{"id": "01", "tn": [{"ref": "Jehoiada", "text": "the chief priest who served in the temple and was faithful to God. He was an advisor to Joash. (See: [[:en:ta:vol1:translate:translate_names]])"}, {"ref": "Obed ... Maaseiah ... Adaiah ... Elishaphat ... Zichri", "text": "(See: [[:en:ta:vol1:translate:translate_names]])"}]}, {"id": "04", "tn": [{"ref": "All the people", "text": "AT: \"Many people\" (See: [[:en:ta:vol2:translate:figs_hyperbole]])"}]}, {"id": "06", "tn": [{"ref": "when he comes in and when he goes out", "text": "Possible meanings are 1) \"at all times\" or 2) \"wherever he goes.\" (See: [[:en:ta:vol1:translate:figs_idiom]])"}]}, {"id": "08", "tn": [{"ref": "all Judah served in every way in the manner in which Jehoiada the priest commanded", "text": "AT: \"most of the people were obedient to the commands of the high priest\" (See: [[:en:ta:vol2:translate:figs_hyperbole]])"}, {"ref": "were to leave off serving on the Sabbath", "text": "AT: \"were finishing their work on that Sabbath day\""}]}, {"id": "10", "tn": [{"ref": "gave him the covenant decrees", "text": "AT: \"Recited the terms of the covenant\""}]}, {"id": "12", "tn": [{"ref": "All the people of the land", "text": "AT: \"Almost all of the people\" (See: [[:en:ta:vol2:translate:figs_hyperbole]])"}]}, {"id": "14", "tn": [{"ref": "Jehoiada", "text": "(See: [[:en:ta:vol1:translate:translate_names]])"}, {"ref": "who were over the army", "text": "AT: \"who were leaders in the army\""}, {"ref": "between the ranks", "text": "AT: \"in the midst of the soldiers\""}]}, {"id": "16", "tn": [{"ref": "all the people went to the house of Baal", "text": "AT: \"almost all the people went to the temple of Baal\" (See: [[:en:ta:vol2:translate:figs_hyperbole]])"}, {"ref": "Mattan", "text": "(See: [[:en:ta:vol1:translate:translate_names]])"}]}, {"id": "18", "tn": [{"ref": "under the hand of the priests", "text": "AT: \"under the direction of the priests\""}, {"ref": "no one that was unclean in any way should enter", "text": "AT: \"no one unclean is allowed to enter for any reason\""}]}, {"id": "20", "tn": [{"ref": "He brought down the king from the house of Yahweh", "text": "The temple was built on the highest hill in Jerusalem. AT: \"He brought the king from the temple at the top of the hill to the palace\""}]}]