[{"firstvs": "1", "id": "01-01", "lastvs": "2"}, {"firstvs": "3", "id": "01-03", "lastvs": "5"}, {"firstvs": "6", "id": "01-06", "lastvs": "8"}, {"firstvs": "9", "id": "01-09", "lastvs": "10"}, {"firstvs": "11", "id": "01-11", "lastvs": "13"}, {"firstvs": "14", "id": "01-14", "lastvs": "15"}, {"firstvs": "16", "id": "01-16", "lastvs": "19"}, {"firstvs": "20", "id": "01-20", "lastvs": "21"}, {"firstvs": "22", "id": "01-22", "lastvs": "23"}, {"firstvs": "24", "id": "01-24", "lastvs": "25"}, {"firstvs": "26", "id": "01-26", "lastvs": "27"}, {"firstvs": "28", "id": "01-28", "lastvs": "29"}, {"firstvs": "30", "id": "01-30", "lastvs": "31"}, {"firstvs": "1", "id": "02-01", "lastvs": "3"}, {"firstvs": "4", "id": "02-04", "lastvs": "6"}, {"firstvs": "7", "id": "02-07", "lastvs": "8"}, {"firstvs": "9", "id": "02-09", "lastvs": "10"}, {"firstvs": "11", "id": "02-11", "lastvs": "12"}, {"firstvs": "13", "id": "02-13", "lastvs": "14"}, {"firstvs": "15", "id": "02-15", "lastvs": "17"}, {"firstvs": "18", "id": "02-18", "lastvs": "20"}, {"firstvs": "21", "id": "02-21", "lastvs": "23"}, {"firstvs": "24", "id": "02-24", "lastvs": "25"}, {"firstvs": "1", "id": "03-01", "lastvs": "3"}, {"firstvs": "4", "id": "03-04", "lastvs": "6"}, {"firstvs": "7", "id": "03-07", "lastvs": "8"}, {"firstvs": "9", "id": "03-09", "lastvs": "11"}, {"firstvs": "12", "id": "03-12", "lastvs": "13"}, {"firstvs": "14", "id": "03-14", "lastvs": "15"}, {"firstvs": "16", "id": "03-16", "lastvs": "16"}, {"firstvs": "17", "id": "03-17", "lastvs": "19"}, {"firstvs": "20", "id": "03-20", "lastvs": "21"}, {"firstvs": "22", "id": "03-22", "lastvs": "24"}, {"firstvs": "1", "id": "04-01", "lastvs": "2"}, {"firstvs": "3", "id": "04-03", "lastvs": "5"}, {"firstvs": "6", "id": "04-06", "lastvs": "7"}, {"firstvs": "8", "id": "04-08", "lastvs": "9"}, {"firstvs": "10", "id": "04-10", "lastvs": "12"}, {"firstvs": "13", "id": "04-13", "lastvs": "15"}, {"firstvs": "16", "id": "04-16", "lastvs": "17"}, {"firstvs": "18", "id": "04-18", "lastvs": "19"}, {"firstvs": "20", "id": "04-20", "lastvs": "22"}, {"firstvs": "23", "id": "04-23", "lastvs": "24"}, {"firstvs": "25", "id": "04-25", "lastvs": "26"}, {"firstvs": "1", "id": "05-01", "lastvs": "2"}, {"firstvs": "3", "id": "05-03", "lastvs": "5"}, {"firstvs": "6", "id": "05-06", "lastvs": "8"}, {"firstvs": "9", "id": "05-09", "lastvs": "11"}, {"firstvs": "12", "id": "05-12", "lastvs": "14"}, {"firstvs": "15", "id": "05-15", "lastvs": "17"}, {"firstvs": "18", "id": "05-18", "lastvs": "20"}, {"firstvs": "21", "id": "05-21", "lastvs": "24"}, {"firstvs": "25", "id": "05-25", "lastvs": "27"}, {"firstvs": "28", "id": "05-28", "lastvs": "29"}, {"firstvs": "30", "id": "05-30", "lastvs": "31"}, {"firstvs": "32", "id": "05-32", "lastvs": "32"}, {"firstvs": "1", "id": "06-01", "lastvs": "3"}, {"firstvs": "4", "id": "06-04", "lastvs": "4"}, {"firstvs": "5", "id": "06-05", "lastvs": "6"}, {"firstvs": "7", "id": "06-07", "lastvs": "8"}, {"firstvs": "9", "id": "06-09", "lastvs": "10"}, {"firstvs": "11", "id": "06-11", "lastvs": "12"}, {"firstvs": "13", "id": "06-13", "lastvs": "15"}, {"firstvs": "16", "id": "06-16", "lastvs": "17"}, {"firstvs": "18", "id": "06-18", "lastvs": "19"}, {"firstvs": "20", "id": "06-20", "lastvs": "22"}, {"firstvs": "1", "id": "07-01", "lastvs": "3"}, {"firstvs": "4", "id": "07-04", "lastvs": "5"}, {"firstvs": "6", "id": "07-06", "lastvs": "7"}, {"firstvs": "8", "id": "07-08", "lastvs": "10"}, {"firstvs": "11", "id": "07-11", "lastvs": "12"}, {"firstvs": "13", "id": "07-13", "lastvs": "14"}, {"firstvs": "15", "id": "07-15", "lastvs": "16"}, {"firstvs": "17", "id": "07-17", "lastvs": "18"}, {"firstvs": "19", "id": "07-19", "lastvs": "20"}, {"firstvs": "21", "id": "07-21", "lastvs": "22"}, {"firstvs": "23", "id": "07-23", "lastvs": "24"}, {"firstvs": "1", "id": "08-01", "lastvs": "3"}, {"firstvs": "4", "id": "08-04", "lastvs": "5"}, {"firstvs": "6", "id": "08-06", "lastvs": "7"}, {"firstvs": "8", "id": "08-08", "lastvs": "9"}, {"firstvs": "10", "id": "08-10", "lastvs": "12"}, {"firstvs": "13", "id": "08-13", "lastvs": "14"}, {"firstvs": "15", "id": "08-15", "lastvs": "17"}, {"firstvs": "18", "id": "08-18", "lastvs": "19"}, {"firstvs": "20", "id": "08-20", "lastvs": "22"}, {"firstvs": "1", "id": "09-01", "lastvs": "2"}, {"firstvs": "3", "id": "09-03", "lastvs": "4"}, {"firstvs": "5", "id": "09-05", "lastvs": "7"}, {"firstvs": "8", "id": "09-08", "lastvs": "10"}, {"firstvs": "11", "id": "09-11", "lastvs": "13"}, {"firstvs": "14", "id": "09-14", "lastvs": "15"}, {"firstvs": "16", "id": "09-16", "lastvs": "17"}, {"firstvs": "18", "id": "09-18", "lastvs": "19"}, {"firstvs": "20", "id": "09-20", "lastvs": "21"}, {"firstvs": "22", "id": "09-22", "lastvs": "23"}, {"firstvs": "24", "id": "09-24", "lastvs": "25"}, {"firstvs": "26", "id": "09-26", "lastvs": "27"}, {"firstvs": "28", "id": "09-28", "lastvs": "29"}, {"firstvs": "1", "id": "10-01", "lastvs": "1"}, {"firstvs": "2", "id": "10-02", "lastvs": "5"}, {"firstvs": "6", "id": "10-06", "lastvs": "7"}, {"firstvs": "8", "id": "10-08", "lastvs": "10"}, {"firstvs": "11", "id": "10-11", "lastvs": "14"}, {"firstvs": "15", "id": "10-15", "lastvs": "18"}, {"firstvs": "19", "id": "10-19", "lastvs": "20"}, {"firstvs": "21", "id": "10-21", "lastvs": "23"}, {"firstvs": "24", "id": "10-24", "lastvs": "25"}, {"firstvs": "26", "id": "10-26", "lastvs": "29"}, {"firstvs": "30", "id": "10-30", "lastvs": "31"}, {"firstvs": "32", "id": "10-32", "lastvs": "32"}, {"firstvs": "1", "id": "11-01", "lastvs": "2"}, {"firstvs": "3", "id": "11-03", "lastvs": "4"}, {"firstvs": "5", "id": "11-05", "lastvs": "7"}, {"firstvs": "8", "id": "11-08", "lastvs": "9"}, {"firstvs": "10", "id": "11-10", "lastvs": "11"}, {"firstvs": "12", "id": "11-12", "lastvs": "13"}, {"firstvs": "14", "id": "11-14", "lastvs": "15"}, {"firstvs": "16", "id": "11-16", "lastvs": "17"}, {"firstvs": "18", "id": "11-18", "lastvs": "19"}, {"firstvs": "20", "id": "11-20", "lastvs": "21"}, {"firstvs": "22", "id": "11-22", "lastvs": "23"}, {"firstvs": "24", "id": "11-24", "lastvs": "26"}, {"firstvs": "27", "id": "11-27", "lastvs": "28"}, {"firstvs": "29", "id": "11-29", "lastvs": "30"}, {"firstvs": "31", "id": "11-31", "lastvs": "32"}, {"firstvs": "1", "id": "12-01", "lastvs": "3"}, {"firstvs": "4", "id": "12-04", "lastvs": "5"}, {"firstvs": "6", "id": "12-06", "lastvs": "7"}, {"firstvs": "8", "id": "12-08", "lastvs": "9"}, {"firstvs": "10", "id": "12-10", "lastvs": "13"}, {"firstvs": "14", "id": "12-14", "lastvs": "16"}, {"firstvs": "17", "id": "12-17", "lastvs": "20"}, {"firstvs": "1", "id": "13-01", "lastvs": "2"}, {"firstvs": "3", "id": "13-03", "lastvs": "4"}, {"firstvs": "5", "id": "13-05", "lastvs": "7"}, {"firstvs": "8", "id": "13-08", "lastvs": "9"}, {"firstvs": "10", "id": "13-10", "lastvs": "11"}, {"firstvs": "12", "id": "13-12", "lastvs": "13"}, {"firstvs": "14", "id": "13-14", "lastvs": "15"}, {"firstvs": "16", "id": "13-16", "lastvs": "18"}, {"firstvs": "1", "id": "14-01", "lastvs": "2"}, {"firstvs": "3", "id": "14-03", "lastvs": "6"}, {"firstvs": "7", "id": "14-07", "lastvs": "9"}, {"firstvs": "10", "id": "14-10", "lastvs": "12"}, {"firstvs": "13", "id": "14-13", "lastvs": "14"}, {"firstvs": "15", "id": "14-15", "lastvs": "16"}, {"firstvs": "17", "id": "14-17", "lastvs": "18"}, {"firstvs": "19", "id": "14-19", "lastvs": "20"}, {"firstvs": "21", "id": "14-21", "lastvs": "24"}, {"firstvs": "1", "id": "15-01", "lastvs": "3"}, {"firstvs": "4", "id": "15-04", "lastvs": "5"}, {"firstvs": "6", "id": "15-06", "lastvs": "8"}, {"firstvs": "9", "id": "15-09", "lastvs": "11"}, {"firstvs": "12", "id": "15-12", "lastvs": "13"}, {"firstvs": "14", "id": "15-14", "lastvs": "16"}, {"firstvs": "17", "id": "15-17", "lastvs": "21"}, {"firstvs": "1", "id": "16-01", "lastvs": "4"}, {"firstvs": "5", "id": "16-05", "lastvs": "6"}, {"firstvs": "7", "id": "16-07", "lastvs": "8"}, {"firstvs": "9", "id": "16-09", "lastvs": "10"}, {"firstvs": "11", "id": "16-11", "lastvs": "12"}, {"firstvs": "13", "id": "16-13", "lastvs": "14"}, {"firstvs": "15", "id": "16-15", "lastvs": "16"}, {"firstvs": "1", "id": "17-01", "lastvs": "2"}, {"firstvs": "3", "id": "17-03", "lastvs": "6"}, {"firstvs": "7", "id": "17-07", "lastvs": "8"}, {"firstvs": "9", "id": "17-09", "lastvs": "11"}, {"firstvs": "12", "id": "17-12", "lastvs": "14"}, {"firstvs": "15", "id": "17-15", "lastvs": "16"}, {"firstvs": "17", "id": "17-17", "lastvs": "18"}, {"firstvs": "19", "id": "17-19", "lastvs": "21"}, {"firstvs": "22", "id": "17-22", "lastvs": "23"}, {"firstvs": "24", "id": "17-24", "lastvs": "27"}, {"firstvs": "1", "id": "18-01", "lastvs": "2"}, {"firstvs": "3", "id": "18-03", "lastvs": "5"}, {"firstvs": "6", "id": "18-06", "lastvs": "8"}, {"firstvs": "9", "id": "18-09", "lastvs": "10"}, {"firstvs": "11", "id": "18-11", "lastvs": "12"}, {"firstvs": "13", "id": "18-13", "lastvs": "15"}, {"firstvs": "16", "id": "18-16", "lastvs": "19"}, {"firstvs": "20", "id": "18-20", "lastvs": "21"}, {"firstvs": "22", "id": "18-22", "lastvs": "23"}, {"firstvs": "24", "id": "18-24", "lastvs": "26"}, {"firstvs": "27", "id": "18-27", "lastvs": "28"}, {"firstvs": "29", "id": "18-29", "lastvs": "31"}, {"firstvs": "32", "id": "18-32", "lastvs": "33"}, {"firstvs": "1", "id": "19-01", "lastvs": "3"}, {"firstvs": "4", "id": "19-04", "lastvs": "5"}, {"firstvs": "6", "id": "19-06", "lastvs": "8"}, {"firstvs": "9", "id": "19-09", "lastvs": "9"}, {"firstvs": "10", "id": "19-10", "lastvs": "11"}, {"firstvs": "12", "id": "19-12", "lastvs": "13"}, {"firstvs": "14", "id": "19-14", "lastvs": "15"}, {"firstvs": "16", "id": "19-16", "lastvs": "17"}, {"firstvs": "18", "id": "19-18", "lastvs": "20"}, {"firstvs": "21", "id": "19-21", "lastvs": "22"}, {"firstvs": "23", "id": "19-23", "lastvs": "25"}, {"firstvs": "26", "id": "19-26", "lastvs": "28"}, {"firstvs": "29", "id": "19-29", "lastvs": "29"}, {"firstvs": "30", "id": "19-30", "lastvs": "30"}, {"firstvs": "31", "id": "19-31", "lastvs": "33"}, {"firstvs": "34", "id": "19-34", "lastvs": "35"}, {"firstvs": "36", "id": "19-36", "lastvs": "38"}, {"firstvs": "1", "id": "20-01", "lastvs": "3"}, {"firstvs": "4", "id": "20-04", "lastvs": "5"}, {"firstvs": "6", "id": "20-06", "lastvs": "7"}, {"firstvs": "8", "id": "20-08", "lastvs": "9"}, {"firstvs": "10", "id": "20-10", "lastvs": "12"}, {"firstvs": "13", "id": "20-13", "lastvs": "14"}, {"firstvs": "15", "id": "20-15", "lastvs": "16"}, {"firstvs": "17", "id": "20-17", "lastvs": "18"}, {"firstvs": "1", "id": "21-01", "lastvs": "4"}, {"firstvs": "5", "id": "21-05", "lastvs": "7"}, {"firstvs": "8", "id": "21-08", "lastvs": "9"}, {"firstvs": "10", "id": "21-10", "lastvs": "11"}, {"firstvs": "12", "id": "21-12", "lastvs": "13"}, {"firstvs": "14", "id": "21-14", "lastvs": "16"}, {"firstvs": "17", "id": "21-17", "lastvs": "18"}, {"firstvs": "19", "id": "21-19", "lastvs": "21"}, {"firstvs": "22", "id": "21-22", "lastvs": "24"}, {"firstvs": "25", "id": "21-25", "lastvs": "27"}, {"firstvs": "28", "id": "21-28", "lastvs": "30"}, {"firstvs": "31", "id": "21-31", "lastvs": "32"}, {"firstvs": "33", "id": "21-33", "lastvs": "34"}, {"firstvs": "1", "id": "22-01", "lastvs": "3"}, {"firstvs": "4", "id": "22-04", "lastvs": "6"}, {"firstvs": "7", "id": "22-07", "lastvs": "8"}, {"firstvs": "9", "id": "22-09", "lastvs": "10"}, {"firstvs": "11", "id": "22-11", "lastvs": "12"}, {"firstvs": "13", "id": "22-13", "lastvs": "14"}, {"firstvs": "15", "id": "22-15", "lastvs": "17"}, {"firstvs": "18", "id": "22-18", "lastvs": "19"}, {"firstvs": "20", "id": "22-20", "lastvs": "22"}, {"firstvs": "23", "id": "22-23", "lastvs": "24"}, {"firstvs": "1", "id": "23-01", "lastvs": "2"}, {"firstvs": "3", "id": "23-03", "lastvs": "4"}, {"firstvs": "5", "id": "23-05", "lastvs": "6"}, {"firstvs": "7", "id": "23-07", "lastvs": "9"}, {"firstvs": "10", "id": "23-10", "lastvs": "11"}, {"firstvs": "12", "id": "23-12", "lastvs": "13"}, {"firstvs": "14", "id": "23-14", "lastvs": "16"}, {"firstvs": "17", "id": "23-17", "lastvs": "18"}, {"firstvs": "19", "id": "23-19", "lastvs": "20"}, {"firstvs": "1", "id": "24-01", "lastvs": "4"}, {"firstvs": "5", "id": "24-05", "lastvs": "7"}, {"firstvs": "8", "id": "24-08", "lastvs": "9"}, {"firstvs": "10", "id": "24-10", "lastvs": "11"}, {"firstvs": "12", "id": "24-12", "lastvs": "14"}, {"firstvs": "15", "id": "24-15", "lastvs": "16"}, {"firstvs": "17", "id": "24-17", "lastvs": "18"}, {"firstvs": "19", "id": "24-19", "lastvs": "20"}, {"firstvs": "21", "id": "24-21", "lastvs": "23"}, {"firstvs": "24", "id": "24-24", "lastvs": "25"}, {"firstvs": "26", "id": "24-26", "lastvs": "27"}, {"firstvs": "28", "id": "24-28", "lastvs": "30"}, {"firstvs": "31", "id": "24-31", "lastvs": "32"}, {"firstvs": "33", "id": "24-33", "lastvs": "35"}, {"firstvs": "36", "id": "24-36", "lastvs": "38"}, {"firstvs": "39", "id": "24-39", "lastvs": "41"}, {"firstvs": "42", "id": "24-42", "lastvs": "44"}, {"firstvs": "45", "id": "24-45", "lastvs": "46"}, {"firstvs": "47", "id": "24-47", "lastvs": "48"}, {"firstvs": "49", "id": "24-49", "lastvs": "49"}, {"firstvs": "50", "id": "24-50", "lastvs": "51"}, {"firstvs": "52", "id": "24-52", "lastvs": "53"}, {"firstvs": "54", "id": "24-54", "lastvs": "55"}, {"firstvs": "56", "id": "24-56", "lastvs": "58"}, {"firstvs": "59", "id": "24-59", "lastvs": "60"}, {"firstvs": "61", "id": "24-61", "lastvs": "62"}, {"firstvs": "63", "id": "24-63", "lastvs": "65"}, {"firstvs": "66", "id": "24-66", "lastvs": "67"}, {"firstvs": "1", "id": "25-01", "lastvs": "4"}, {"firstvs": "5", "id": "25-05", "lastvs": "6"}, {"firstvs": "7", "id": "25-07", "lastvs": "8"}, {"firstvs": "9", "id": "25-09", "lastvs": "11"}, {"firstvs": "12", "id": "25-12", "lastvs": "12"}, {"firstvs": "13", "id": "25-13", "lastvs": "16"}, {"firstvs": "17", "id": "25-17", "lastvs": "18"}, {"firstvs": "19", "id": "25-19", "lastvs": "20"}, {"firstvs": "21", "id": "25-21", "lastvs": "22"}, {"firstvs": "23", "id": "25-23", "lastvs": "23"}, {"firstvs": "24", "id": "25-24", "lastvs": "26"}, {"firstvs": "27", "id": "25-27", "lastvs": "28"}, {"firstvs": "29", "id": "25-29", "lastvs": "30"}, {"firstvs": "31", "id": "25-31", "lastvs": "34"}, {"firstvs": "1", "id": "26-01", "lastvs": "1"}, {"firstvs": "2", "id": "26-02", "lastvs": "3"}, {"firstvs": "4", "id": "26-04", "lastvs": "5"}, {"firstvs": "6", "id": "26-06", "lastvs": "8"}, {"firstvs": "9", "id": "26-09", "lastvs": "11"}, {"firstvs": "12", "id": "26-12", "lastvs": "14"}, {"firstvs": "15", "id": "26-15", "lastvs": "17"}, {"firstvs": "18", "id": "26-18", "lastvs": "18"}, {"firstvs": "19", "id": "26-19", "lastvs": "20"}, {"firstvs": "21", "id": "26-21", "lastvs": "22"}, {"firstvs": "23", "id": "26-23", "lastvs": "25"}, {"firstvs": "26", "id": "26-26", "lastvs": "27"}, {"firstvs": "28", "id": "26-28", "lastvs": "29"}, {"firstvs": "30", "id": "26-30", "lastvs": "31"}, {"firstvs": "32", "id": "26-32", "lastvs": "33"}, {"firstvs": "34", "id": "26-34", "lastvs": "35"}, {"firstvs": "1", "id": "27-01", "lastvs": "2"}, {"firstvs": "3", "id": "27-03", "lastvs": "4"}, {"firstvs": "5", "id": "27-05", "lastvs": "7"}, {"firstvs": "8", "id": "27-08", "lastvs": "10"}, {"firstvs": "11", "id": "27-11", "lastvs": "12"}, {"firstvs": "13", "id": "27-13", "lastvs": "14"}, {"firstvs": "15", "id": "27-15", "lastvs": "17"}, {"firstvs": "18", "id": "27-18", "lastvs": "19"}, {"firstvs": "20", "id": "27-20", "lastvs": "21"}, {"firstvs": "22", "id": "27-22", "lastvs": "23"}, {"firstvs": "24", "id": "27-24", "lastvs": "25"}, {"firstvs": "26", "id": "27-26", "lastvs": "27"}, {"firstvs": "28", "id": "27-28", "lastvs": "28"}, {"firstvs": "29", "id": "27-29", "lastvs": "29"}, {"firstvs": "30", "id": "27-30", "lastvs": "31"}, {"firstvs": "32", "id": "27-32", "lastvs": "33"}, {"firstvs": "34", "id": "27-34", "lastvs": "35"}, {"firstvs": "36", "id": "27-36", "lastvs": "37"}, {"firstvs": "38", "id": "27-38", "lastvs": "38"}, {"firstvs": "39", "id": "27-39", "lastvs": "40"}, {"firstvs": "41", "id": "27-41", "lastvs": "42"}, {"firstvs": "43", "id": "27-43", "lastvs": "45"}, {"firstvs": "46", "id": "27-46", "lastvs": "46"}, {"firstvs": "1", "id": "28-01", "lastvs": "2"}, {"firstvs": "3", "id": "28-03", "lastvs": "4"}, {"firstvs": "5", "id": "28-05", "lastvs": "5"}, {"firstvs": "6", "id": "28-06", "lastvs": "7"}, {"firstvs": "8", "id": "28-08", "lastvs": "9"}, {"firstvs": "10", "id": "28-10", "lastvs": "11"}, {"firstvs": "12", "id": "28-12", "lastvs": "13"}, {"firstvs": "14", "id": "28-14", "lastvs": "15"}, {"firstvs": "16", "id": "28-16", "lastvs": "17"}, {"firstvs": "18", "id": "28-18", "lastvs": "19"}, {"firstvs": "20", "id": "28-20", "lastvs": "22"}, {"firstvs": "1", "id": "29-01", "lastvs": "3"}, {"firstvs": "4", "id": "29-04", "lastvs": "6"}, {"firstvs": "7", "id": "29-07", "lastvs": "8"}, {"firstvs": "9", "id": "29-09", "lastvs": "10"}, {"firstvs": "11", "id": "29-11", "lastvs": "12"}, {"firstvs": "13", "id": "29-13", "lastvs": "14"}, {"firstvs": "15", "id": "29-15", "lastvs": "18"}, {"firstvs": "19", "id": "29-19", "lastvs": "20"}, {"firstvs": "21", "id": "29-21", "lastvs": "22"}, {"firstvs": "23", "id": "29-23", "lastvs": "25"}, {"firstvs": "26", "id": "29-26", "lastvs": "27"}, {"firstvs": "28", "id": "29-28", "lastvs": "30"}, {"firstvs": "31", "id": "29-31", "lastvs": "32"}, {"firstvs": "33", "id": "29-33", "lastvs": "34"}, {"firstvs": "35", "id": "29-35", "lastvs": "35"}, {"firstvs": "1", "id": "30-01", "lastvs": "2"}, {"firstvs": "3", "id": "30-03", "lastvs": "4"}, {"firstvs": "5", "id": "30-05", "lastvs": "6"}, {"firstvs": "7", "id": "30-07", "lastvs": "8"}, {"firstvs": "9", "id": "30-09", "lastvs": "11"}, {"firstvs": "12", "id": "30-12", "lastvs": "13"}, {"firstvs": "14", "id": "30-14", "lastvs": "15"}, {"firstvs": "16", "id": "30-16", "lastvs": "18"}, {"firstvs": "19", "id": "30-19", "lastvs": "21"}, {"firstvs": "22", "id": "30-22", "lastvs": "24"}, {"firstvs": "25", "id": "30-25", "lastvs": "26"}, {"firstvs": "27", "id": "30-27", "lastvs": "28"}, {"firstvs": "29", "id": "30-29", "lastvs": "30"}, {"firstvs": "31", "id": "30-31", "lastvs": "32"}, {"firstvs": "33", "id": "30-33", "lastvs": "34"}, {"firstvs": "35", "id": "30-35", "lastvs": "36"}, {"firstvs": "37", "id": "30-37", "lastvs": "38"}, {"firstvs": "39", "id": "30-39", "lastvs": "40"}, {"firstvs": "41", "id": "30-41", "lastvs": "42"}, {"firstvs": "43", "id": "30-43", "lastvs": "43"}, {"firstvs": "1", "id": "31-01", "lastvs": "3"}, {"firstvs": "4", "id": "31-04", "lastvs": "6"}, {"firstvs": "7", "id": "31-07", "lastvs": "9"}, {"firstvs": "10", "id": "31-10", "lastvs": "11"}, {"firstvs": "12", "id": "31-12", "lastvs": "13"}, {"firstvs": "14", "id": "31-14", "lastvs": "16"}, {"firstvs": "17", "id": "31-17", "lastvs": "18"}, {"firstvs": "19", "id": "31-19", "lastvs": "21"}, {"firstvs": "22", "id": "31-22", "lastvs": "23"}, {"firstvs": "24", "id": "31-24", "lastvs": "25"}, {"firstvs": "26", "id": "31-26", "lastvs": "28"}, {"firstvs": "29", "id": "31-29", "lastvs": "30"}, {"firstvs": "31", "id": "31-31", "lastvs": "32"}, {"firstvs": "33", "id": "31-33", "lastvs": "33"}, {"firstvs": "34", "id": "31-34", "lastvs": "35"}, {"firstvs": "36", "id": "31-36", "lastvs": "37"}, {"firstvs": "38", "id": "31-38", "lastvs": "40"}, {"firstvs": "41", "id": "31-41", "lastvs": "42"}, {"firstvs": "43", "id": "31-43", "lastvs": "44"}, {"firstvs": "45", "id": "31-45", "lastvs": "47"}, {"firstvs": "48", "id": "31-48", "lastvs": "50"}, {"firstvs": "51", "id": "31-51", "lastvs": "53"}, {"firstvs": "54", "id": "31-54", "lastvs": "55"}, {"firstvs": "1", "id": "32-01", "lastvs": "2"}, {"firstvs": "3", "id": "32-03", "lastvs": "5"}, {"firstvs": "6", "id": "32-06", "lastvs": "8"}, {"firstvs": "9", "id": "32-09", "lastvs": "10"}, {"firstvs": "11", "id": "32-11", "lastvs": "12"}, {"firstvs": "13", "id": "32-13", "lastvs": "16"}, {"firstvs": "17", "id": "32-17", "lastvs": "18"}, {"firstvs": "19", "id": "32-19", "lastvs": "21"}, {"firstvs": "22", "id": "32-22", "lastvs": "23"}, {"firstvs": "24", "id": "32-24", "lastvs": "26"}, {"firstvs": "27", "id": "32-27", "lastvs": "28"}, {"firstvs": "29", "id": "32-29", "lastvs": "30"}, {"firstvs": "31", "id": "32-31", "lastvs": "32"}, {"firstvs": "1", "id": "33-01", "lastvs": "3"}, {"firstvs": "4", "id": "33-04", "lastvs": "5"}, {"firstvs": "6", "id": "33-06", "lastvs": "8"}, {"firstvs": "9", "id": "33-09", "lastvs": "11"}, {"firstvs": "12", "id": "33-12", "lastvs": "14"}, {"firstvs": "15", "id": "33-15", "lastvs": "17"}, {"firstvs": "18", "id": "33-18", "lastvs": "20"}, {"firstvs": "1", "id": "34-01", "lastvs": "3"}, {"firstvs": "4", "id": "34-04", "lastvs": "5"}, {"firstvs": "6", "id": "34-06", "lastvs": "7"}, {"firstvs": "8", "id": "34-08", "lastvs": "10"}, {"firstvs": "11", "id": "34-11", "lastvs": "13"}, {"firstvs": "14", "id": "34-14", "lastvs": "17"}, {"firstvs": "18", "id": "34-18", "lastvs": "19"}, {"firstvs": "20", "id": "34-20", "lastvs": "21"}, {"firstvs": "22", "id": "34-22", "lastvs": "23"}, {"firstvs": "24", "id": "34-24", "lastvs": "26"}, {"firstvs": "27", "id": "34-27", "lastvs": "29"}, {"firstvs": "30", "id": "34-30", "lastvs": "31"}, {"firstvs": "1", "id": "35-01", "lastvs": "3"}, {"firstvs": "4", "id": "35-04", "lastvs": "5"}, {"firstvs": "6", "id": "35-06", "lastvs": "8"}, {"firstvs": "9", "id": "35-09", "lastvs": "10"}, {"firstvs": "11", "id": "35-11", "lastvs": "13"}, {"firstvs": "14", "id": "35-14", "lastvs": "15"}, {"firstvs": "16", "id": "35-16", "lastvs": "20"}, {"firstvs": "21", "id": "35-21", "lastvs": "22"}, {"firstvs": "23", "id": "35-23", "lastvs": "25"}, {"firstvs": "26", "id": "35-26", "lastvs": "27"}, {"firstvs": "28", "id": "35-28", "lastvs": "29"}, {"firstvs": "1", "id": "36-01", "lastvs": "3"}, {"firstvs": "4", "id": "36-04", "lastvs": "5"}, {"firstvs": "6", "id": "36-06", "lastvs": "8"}, {"firstvs": "9", "id": "36-09", "lastvs": "12"}, {"firstvs": "13", "id": "36-13", "lastvs": "14"}, {"firstvs": "15", "id": "36-15", "lastvs": "16"}, {"firstvs": "17", "id": "36-17", "lastvs": "19"}, {"firstvs": "20", "id": "36-20", "lastvs": "22"}, {"firstvs": "23", "id": "36-23", "lastvs": "24"}, {"firstvs": "25", "id": "36-25", "lastvs": "28"}, {"firstvs": "29", "id": "36-29", "lastvs": "30"}, {"firstvs": "31", "id": "36-31", "lastvs": "33"}, {"firstvs": "34", "id": "36-34", "lastvs": "36"}, {"firstvs": "37", "id": "36-37", "lastvs": "39"}, {"firstvs": "40", "id": "36-40", "lastvs": "43"}, {"firstvs": "1", "id": "37-01", "lastvs": "2"}, {"firstvs": "3", "id": "37-03", "lastvs": "4"}, {"firstvs": "5", "id": "37-05", "lastvs": "6"}, {"firstvs": "7", "id": "37-07", "lastvs": "8"}, {"firstvs": "9", "id": "37-09", "lastvs": "11"}, {"firstvs": "12", "id": "37-12", "lastvs": "14"}, {"firstvs": "15", "id": "37-15", "lastvs": "17"}, {"firstvs": "18", "id": "37-18", "lastvs": "20"}, {"firstvs": "21", "id": "37-21", "lastvs": "22"}, {"firstvs": "23", "id": "37-23", "lastvs": "24"}, {"firstvs": "25", "id": "37-25", "lastvs": "26"}, {"firstvs": "27", "id": "37-27", "lastvs": "28"}, {"firstvs": "29", "id": "37-29", "lastvs": "30"}, {"firstvs": "31", "id": "37-31", "lastvs": "33"}, {"firstvs": "34", "id": "37-34", "lastvs": "36"}, {"firstvs": "1", "id": "38-01", "lastvs": "2"}, {"firstvs": "3", "id": "38-03", "lastvs": "5"}, {"firstvs": "6", "id": "38-06", "lastvs": "7"}, {"firstvs": "8", "id": "38-08", "lastvs": "10"}, {"firstvs": "11", "id": "38-11", "lastvs": "11"}, {"firstvs": "12", "id": "38-12", "lastvs": "14"}, {"firstvs": "15", "id": "38-15", "lastvs": "16"}, {"firstvs": "17", "id": "38-17", "lastvs": "18"}, {"firstvs": "19", "id": "38-19", "lastvs": "20"}, {"firstvs": "21", "id": "38-21", "lastvs": "23"}, {"firstvs": "24", "id": "38-24", "lastvs": "26"}, {"firstvs": "27", "id": "38-27", "lastvs": "28"}, {"firstvs": "29", "id": "38-29", "lastvs": "30"}, {"firstvs": "1", "id": "39-01", "lastvs": "2"}, {"firstvs": "3", "id": "39-03", "lastvs": "4"}, {"firstvs": "5", "id": "39-05", "lastvs": "6"}, {"firstvs": "7", "id": "39-07", "lastvs": "9"}, {"firstvs": "10", "id": "39-10", "lastvs": "12"}, {"firstvs": "13", "id": "39-13", "lastvs": "15"}, {"firstvs": "16", "id": "39-16", "lastvs": "18"}, {"firstvs": "19", "id": "39-19", "lastvs": "20"}, {"firstvs": "21", "id": "39-21", "lastvs": "23"}, {"firstvs": "1", "id": "40-01", "lastvs": "3"}, {"firstvs": "4", "id": "40-04", "lastvs": "5"}, {"firstvs": "6", "id": "40-06", "lastvs": "8"}, {"firstvs": "9", "id": "40-09", "lastvs": "11"}, {"firstvs": "12", "id": "40-12", "lastvs": "13"}, {"firstvs": "14", "id": "40-14", "lastvs": "15"}, {"firstvs": "16", "id": "40-16", "lastvs": "17"}, {"firstvs": "18", "id": "40-18", "lastvs": "19"}, {"firstvs": "20", "id": "40-20", "lastvs": "23"}, {"firstvs": "1", "id": "41-01", "lastvs": "3"}, {"firstvs": "4", "id": "41-04", "lastvs": "6"}, {"firstvs": "7", "id": "41-07", "lastvs": "8"}, {"firstvs": "9", "id": "41-09", "lastvs": "11"}, {"firstvs": "12", "id": "41-12", "lastvs": "13"}, {"firstvs": "14", "id": "41-14", "lastvs": "16"}, {"firstvs": "17", "id": "41-17", "lastvs": "18"}, {"firstvs": "19", "id": "41-19", "lastvs": "21"}, {"firstvs": "22", "id": "41-22", "lastvs": "24"}, {"firstvs": "25", "id": "41-25", "lastvs": "26"}, {"firstvs": "27", "id": "41-27", "lastvs": "29"}, {"firstvs": "30", "id": "41-30", "lastvs": "32"}, {"firstvs": "33", "id": "41-33", "lastvs": "34"}, {"firstvs": "35", "id": "41-35", "lastvs": "36"}, {"firstvs": "37", "id": "41-37", "lastvs": "38"}, {"firstvs": "39", "id": "41-39", "lastvs": "41"}, {"firstvs": "42", "id": "41-42", "lastvs": "43"}, {"firstvs": "44", "id": "41-44", "lastvs": "45"}, {"firstvs": "46", "id": "41-46", "lastvs": "47"}, {"firstvs": "48", "id": "41-48", "lastvs": "49"}, {"firstvs": "50", "id": "41-50", "lastvs": "52"}, {"firstvs": "53", "id": "41-53", "lastvs": "54"}, {"firstvs": "55", "id": "41-55", "lastvs": "57"}, {"firstvs": "1", "id": "42-01", "lastvs": "4"}, {"firstvs": "5", "id": "42-05", "lastvs": "6"}, {"firstvs": "7", "id": "42-07", "lastvs": "8"}, {"firstvs": "9", "id": "42-09", "lastvs": "11"}, {"firstvs": "12", "id": "42-12", "lastvs": "13"}, {"firstvs": "14", "id": "42-14", "lastvs": "17"}, {"firstvs": "18", "id": "42-18", "lastvs": "20"}, {"firstvs": "21", "id": "42-21", "lastvs": "22"}, {"firstvs": "23", "id": "42-23", "lastvs": "25"}, {"firstvs": "26", "id": "42-26", "lastvs": "28"}, {"firstvs": "29", "id": "42-29", "lastvs": "32"}, {"firstvs": "33", "id": "42-33", "lastvs": "34"}, {"firstvs": "35", "id": "42-35", "lastvs": "36"}, {"firstvs": "37", "id": "42-37", "lastvs": "38"}, {"firstvs": "1", "id": "43-01", "lastvs": "2"}, {"firstvs": "3", "id": "43-03", "lastvs": "5"}, {"firstvs": "6", "id": "43-06", "lastvs": "7"}, {"firstvs": "8", "id": "43-08", "lastvs": "10"}, {"firstvs": "11", "id": "43-11", "lastvs": "12"}, {"firstvs": "13", "id": "43-13", "lastvs": "15"}, {"firstvs": "16", "id": "43-16", "lastvs": "17"}, {"firstvs": "18", "id": "43-18", "lastvs": "20"}, {"firstvs": "21", "id": "43-21", "lastvs": "23"}, {"firstvs": "24", "id": "43-24", "lastvs": "25"}, {"firstvs": "26", "id": "43-26", "lastvs": "27"}, {"firstvs": "28", "id": "43-28", "lastvs": "29"}, {"firstvs": "30", "id": "43-30", "lastvs": "31"}, {"firstvs": "32", "id": "43-32", "lastvs": "34"}, {"firstvs": "1", "id": "44-01", "lastvs": "2"}, {"firstvs": "3", "id": "44-03", "lastvs": "5"}, {"firstvs": "6", "id": "44-06", "lastvs": "7"}, {"firstvs": "8", "id": "44-08", "lastvs": "10"}, {"firstvs": "11", "id": "44-11", "lastvs": "13"}, {"firstvs": "14", "id": "44-14", "lastvs": "15"}, {"firstvs": "16", "id": "44-16", "lastvs": "17"}, {"firstvs": "18", "id": "44-18", "lastvs": "19"}, {"firstvs": "20", "id": "44-20", "lastvs": "22"}, {"firstvs": "23", "id": "44-23", "lastvs": "26"}, {"firstvs": "27", "id": "44-27", "lastvs": "29"}, {"firstvs": "30", "id": "44-30", "lastvs": "32"}, {"firstvs": "33", "id": "44-33", "lastvs": "34"}, {"firstvs": "1", "id": "45-01", "lastvs": "3"}, {"firstvs": "4", "id": "45-04", "lastvs": "6"}, {"firstvs": "7", "id": "45-07", "lastvs": "8"}, {"firstvs": "9", "id": "45-09", "lastvs": "11"}, {"firstvs": "12", "id": "45-12", "lastvs": "13"}, {"firstvs": "14", "id": "45-14", "lastvs": "15"}, {"firstvs": "16", "id": "45-16", "lastvs": "18"}, {"firstvs": "19", "id": "45-19", "lastvs": "20"}, {"firstvs": "21", "id": "45-21", "lastvs": "23"}, {"firstvs": "24", "id": "45-24", "lastvs": "26"}, {"firstvs": "27", "id": "45-27", "lastvs": "28"}, {"firstvs": "1", "id": "46-01", "lastvs": "4"}, {"firstvs": "5", "id": "46-05", "lastvs": "7"}, {"firstvs": "8", "id": "46-08", "lastvs": "11"}, {"firstvs": "12", "id": "46-12", "lastvs": "15"}, {"firstvs": "16", "id": "46-16", "lastvs": "18"}, {"firstvs": "19", "id": "46-19", "lastvs": "22"}, {"firstvs": "23", "id": "46-23", "lastvs": "25"}, {"firstvs": "26", "id": "46-26", "lastvs": "27"}, {"firstvs": "28", "id": "46-28", "lastvs": "30"}, {"firstvs": "31", "id": "46-31", "lastvs": "32"}, {"firstvs": "33", "id": "46-33", "lastvs": "34"}, {"firstvs": "1", "id": "47-01", "lastvs": "2"}, {"firstvs": "3", "id": "47-03", "lastvs": "4"}, {"firstvs": "5", "id": "47-05", "lastvs": "6"}, {"firstvs": "7", "id": "47-07", "lastvs": "10"}, {"firstvs": "11", "id": "47-11", "lastvs": "12"}, {"firstvs": "13", "id": "47-13", "lastvs": "14"}, {"firstvs": "15", "id": "47-15", "lastvs": "17"}, {"firstvs": "18", "id": "47-18", "lastvs": "19"}, {"firstvs": "20", "id": "47-20", "lastvs": "22"}, {"firstvs": "23", "id": "47-23", "lastvs": "24"}, {"firstvs": "25", "id": "47-25", "lastvs": "26"}, {"firstvs": "27", "id": "47-27", "lastvs": "28"}, {"firstvs": "29", "id": "47-29", "lastvs": "31"}, {"firstvs": "1", "id": "48-01", "lastvs": "2"}, {"firstvs": "3", "id": "48-03", "lastvs": "4"}, {"firstvs": "5", "id": "48-05", "lastvs": "7"}, {"firstvs": "8", "id": "48-08", "lastvs": "10"}, {"firstvs": "11", "id": "48-11", "lastvs": "13"}, {"firstvs": "14", "id": "48-14", "lastvs": "16"}, {"firstvs": "17", "id": "48-17", "lastvs": "18"}, {"firstvs": "19", "id": "48-19", "lastvs": "20"}, {"firstvs": "21", "id": "48-21", "lastvs": "22"}, {"firstvs": "1", "id": "49-01", "lastvs": "2"}, {"firstvs": "3", "id": "49-03", "lastvs": "4"}, {"firstvs": "5", "id": "49-05", "lastvs": "6"}, {"firstvs": "7", "id": "49-07", "lastvs": "7"}, {"firstvs": "8", "id": "49-08", "lastvs": "8"}, {"firstvs": "9", "id": "49-09", "lastvs": "9"}, {"firstvs": "10", "id": "49-10", "lastvs": "10"}, {"firstvs": "11", "id": "49-11", "lastvs": "12"}, {"firstvs": "13", "id": "49-13", "lastvs": "13"}, {"firstvs": "14", "id": "49-14", "lastvs": "15"}, {"firstvs": "16", "id": "49-16", "lastvs": "18"}, {"firstvs": "19", "id": "49-19", "lastvs": "21"}, {"firstvs": "22", "id": "49-22", "lastvs": "23"}, {"firstvs": "24", "id": "49-24", "lastvs": "24"}, {"firstvs": "25", "id": "49-25", "lastvs": "25"}, {"firstvs": "26", "id": "49-26", "lastvs": "26"}, {"firstvs": "27", "id": "49-27", "lastvs": "27"}, {"firstvs": "28", "id": "49-28", "lastvs": "30"}, {"firstvs": "31", "id": "49-31", "lastvs": "33"}, {"firstvs": "1", "id": "50-01", "lastvs": "3"}, {"firstvs": "4", "id": "50-04", "lastvs": "6"}, {"firstvs": "7", "id": "50-07", "lastvs": "9"}, {"firstvs": "10", "id": "50-10", "lastvs": "11"}, {"firstvs": "12", "id": "50-12", "lastvs": "14"}, {"firstvs": "15", "id": "50-15", "lastvs": "17"}, {"firstvs": "18", "id": "50-18", "lastvs": "21"}, {"firstvs": "22", "id": "50-22", "lastvs": "23"}, {"firstvs": "24", "id": "50-00", "lastvs": "26"}]