[{"firstvs": "1", "id": "01-01", "lastvs": "4"}, {"firstvs": "5", "id": "01-05", "lastvs": "7"}, {"firstvs": "8", "id": "01-08", "lastvs": "10"}, {"firstvs": "11", "id": "01-11", "lastvs": "13"}, {"firstvs": "14", "id": "01-14", "lastvs": "15"}, {"firstvs": "16", "id": "01-16", "lastvs": "17"}, {"firstvs": "18", "id": "01-18", "lastvs": "20"}, {"firstvs": "21", "id": "01-21", "lastvs": "23"}, {"firstvs": "24", "id": "01-24", "lastvs": "25"}, {"firstvs": "26", "id": "01-26", "lastvs": "29"}, {"firstvs": "30", "id": "01-30", "lastvs": "33"}, {"firstvs": "34", "id": "01-34", "lastvs": "35"}, {"firstvs": "36", "id": "01-36", "lastvs": "38"}, {"firstvs": "39", "id": "01-39", "lastvs": "41"}, {"firstvs": "42", "id": "01-42", "lastvs": "45"}, {"firstvs": "46", "id": "01-46", "lastvs": "47"}, {"firstvs": "48", "id": "01-48", "lastvs": "49"}, {"firstvs": "50", "id": "01-50", "lastvs": "51"}, {"firstvs": "52", "id": "01-52", "lastvs": "53"}, {"firstvs": "54", "id": "01-54", "lastvs": "55"}, {"firstvs": "56", "id": "01-56", "lastvs": "58"}, {"firstvs": "59", "id": "01-59", "lastvs": "61"}, {"firstvs": "62", "id": "01-62", "lastvs": "63"}, {"firstvs": "64", "id": "01-64", "lastvs": "66"}, {"firstvs": "67", "id": "01-67", "lastvs": "68"}, {"firstvs": "69", "id": "01-69", "lastvs": "71"}, {"firstvs": "72", "id": "01-72", "lastvs": "75"}, {"firstvs": "76", "id": "01-76", "lastvs": "77"}, {"firstvs": "78", "id": "01-78", "lastvs": "79"}, {"firstvs": "80", "id": "01-80", "lastvs": "80"}, {"firstvs": "1", "id": "02-01", "lastvs": "3"}, {"firstvs": "4", "id": "02-04", "lastvs": "5"}, {"firstvs": "6", "id": "02-06", "lastvs": "7"}, {"firstvs": "8", "id": "02-08", "lastvs": "9"}, {"firstvs": "10", "id": "02-10", "lastvs": "12"}, {"firstvs": "13", "id": "02-13", "lastvs": "14"}, {"firstvs": "15", "id": "02-15", "lastvs": "16"}, {"firstvs": "17", "id": "02-17", "lastvs": "20"}, {"firstvs": "21", "id": "02-21", "lastvs": "21"}, {"firstvs": "22", "id": "02-22", "lastvs": "24"}, {"firstvs": "25", "id": "02-25", "lastvs": "26"}, {"firstvs": "27", "id": "02-27", "lastvs": "29"}, {"firstvs": "30", "id": "02-30", "lastvs": "32"}, {"firstvs": "33", "id": "02-33", "lastvs": "35"}, {"firstvs": "36", "id": "02-36", "lastvs": "38"}, {"firstvs": "39", "id": "02-39", "lastvs": "40"}, {"firstvs": "41", "id": "02-41", "lastvs": "44"}, {"firstvs": "45", "id": "02-45", "lastvs": "47"}, {"firstvs": "48", "id": "02-48", "lastvs": "50"}, {"firstvs": "51", "id": "02-51", "lastvs": "52"}, {"firstvs": "1", "id": "03-01", "lastvs": "2"}, {"firstvs": "3", "id": "03-03", "lastvs": "3"}, {"firstvs": "4", "id": "03-04", "lastvs": "4"}, {"firstvs": "5", "id": "03-05", "lastvs": "6"}, {"firstvs": "7", "id": "03-07", "lastvs": "7"}, {"firstvs": "8", "id": "03-08", "lastvs": "8"}, {"firstvs": "9", "id": "03-09", "lastvs": "9"}, {"firstvs": "10", "id": "03-10", "lastvs": "11"}, {"firstvs": "12", "id": "03-12", "lastvs": "13"}, {"firstvs": "14", "id": "03-14", "lastvs": "14"}, {"firstvs": "15", "id": "03-15", "lastvs": "16"}, {"firstvs": "17", "id": "03-17", "lastvs": "17"}, {"firstvs": "18", "id": "03-18", "lastvs": "20"}, {"firstvs": "21", "id": "03-21", "lastvs": "22"}, {"firstvs": "23", "id": "03-23", "lastvs": "24"}, {"firstvs": "25", "id": "03-25", "lastvs": "26"}, {"firstvs": "27", "id": "03-27", "lastvs": "29"}, {"firstvs": "30", "id": "03-30", "lastvs": "32"}, {"firstvs": "33", "id": "03-33", "lastvs": "35"}, {"firstvs": "36", "id": "03-36", "lastvs": "38"}, {"firstvs": "1", "id": "04-01", "lastvs": "2"}, {"firstvs": "3", "id": "04-03", "lastvs": "4"}, {"firstvs": "5", "id": "04-05", "lastvs": "7"}, {"firstvs": "8", "id": "04-08", "lastvs": "8"}, {"firstvs": "9", "id": "04-09", "lastvs": "11"}, {"firstvs": "12", "id": "04-12", "lastvs": "13"}, {"firstvs": "14", "id": "04-14", "lastvs": "15"}, {"firstvs": "16", "id": "04-16", "lastvs": "17"}, {"firstvs": "18", "id": "04-18", "lastvs": "19"}, {"firstvs": "20", "id": "04-20", "lastvs": "22"}, {"firstvs": "23", "id": "04-23", "lastvs": "24"}, {"firstvs": "25", "id": "04-25", "lastvs": "27"}, {"firstvs": "28", "id": "04-28", "lastvs": "30"}, {"firstvs": "31", "id": "04-31", "lastvs": "32"}, {"firstvs": "33", "id": "04-33", "lastvs": "34"}, {"firstvs": "35", "id": "04-35", "lastvs": "37"}, {"firstvs": "38", "id": "04-38", "lastvs": "39"}, {"firstvs": "40", "id": "04-40", "lastvs": "41"}, {"firstvs": "42", "id": "04-42", "lastvs": "44"}, {"firstvs": "1", "id": "05-01", "lastvs": "3"}, {"firstvs": "4", "id": "05-04", "lastvs": "7"}, {"firstvs": "8", "id": "05-08", "lastvs": "11"}, {"firstvs": "12", "id": "05-12", "lastvs": "13"}, {"firstvs": "14", "id": "05-14", "lastvs": "14"}, {"firstvs": "15", "id": "05-15", "lastvs": "16"}, {"firstvs": "17", "id": "05-17", "lastvs": "17"}, {"firstvs": "18", "id": "05-18", "lastvs": "19"}, {"firstvs": "20", "id": "05-20", "lastvs": "21"}, {"firstvs": "22", "id": "05-22", "lastvs": "24"}, {"firstvs": "25", "id": "05-25", "lastvs": "26"}, {"firstvs": "27", "id": "05-27", "lastvs": "28"}, {"firstvs": "29", "id": "05-29", "lastvs": "32"}, {"firstvs": "33", "id": "05-33", "lastvs": "35"}, {"firstvs": "36", "id": "05-36", "lastvs": "36"}, {"firstvs": "37", "id": "05-37", "lastvs": "39"}, {"firstvs": "1", "id": "06-01", "lastvs": "2"}, {"firstvs": "3", "id": "06-03", "lastvs": "5"}, {"firstvs": "6", "id": "06-06", "lastvs": "8"}, {"firstvs": "9", "id": "06-09", "lastvs": "11"}, {"firstvs": "12", "id": "06-12", "lastvs": "13"}, {"firstvs": "14", "id": "06-14", "lastvs": "16"}, {"firstvs": "17", "id": "06-17", "lastvs": "19"}, {"firstvs": "20", "id": "06-20", "lastvs": "21"}, {"firstvs": "22", "id": "06-22", "lastvs": "23"}, {"firstvs": "24", "id": "06-24", "lastvs": "25"}, {"firstvs": "26", "id": "06-26", "lastvs": "26"}, {"firstvs": "27", "id": "06-27", "lastvs": "28"}, {"firstvs": "29", "id": "06-29", "lastvs": "30"}, {"firstvs": "31", "id": "06-31", "lastvs": "34"}, {"firstvs": "35", "id": "06-35", "lastvs": "36"}, {"firstvs": "37", "id": "06-37", "lastvs": "37"}, {"firstvs": "38", "id": "06-38", "lastvs": "38"}, {"firstvs": "39", "id": "06-39", "lastvs": "40"}, {"firstvs": "41", "id": "06-41", "lastvs": "42"}, {"firstvs": "43", "id": "06-43", "lastvs": "44"}, {"firstvs": "45", "id": "06-45", "lastvs": "45"}, {"firstvs": "46", "id": "06-46", "lastvs": "48"}, {"firstvs": "49", "id": "06-49", "lastvs": "49"}, {"firstvs": "1", "id": "07-01", "lastvs": "1"}, {"firstvs": "2", "id": "07-02", "lastvs": "5"}, {"firstvs": "6", "id": "07-06", "lastvs": "8"}, {"firstvs": "9", "id": "07-09", "lastvs": "10"}, {"firstvs": "11", "id": "07-11", "lastvs": "15"}, {"firstvs": "16", "id": "07-16", "lastvs": "17"}, {"firstvs": "18", "id": "07-18", "lastvs": "20"}, {"firstvs": "21", "id": "07-21", "lastvs": "23"}, {"firstvs": "24", "id": "07-24", "lastvs": "26"}, {"firstvs": "27", "id": "07-27", "lastvs": "28"}, {"firstvs": "29", "id": "07-29", "lastvs": "30"}, {"firstvs": "31", "id": "07-31", "lastvs": "32"}, {"firstvs": "33", "id": "07-33", "lastvs": "35"}, {"firstvs": "36", "id": "07-36", "lastvs": "38"}, {"firstvs": "39", "id": "07-39", "lastvs": "40"}, {"firstvs": "41", "id": "07-41", "lastvs": "43"}, {"firstvs": "44", "id": "07-44", "lastvs": "45"}, {"firstvs": "46", "id": "07-46", "lastvs": "47"}, {"firstvs": "48", "id": "07-48", "lastvs": "50"}, {"firstvs": "1", "id": "08-01", "lastvs": "3"}, {"firstvs": "4", "id": "08-04", "lastvs": "6"}, {"firstvs": "7", "id": "08-07", "lastvs": "8"}, {"firstvs": "9", "id": "08-09", "lastvs": "10"}, {"firstvs": "11", "id": "08-11", "lastvs": "13"}, {"firstvs": "14", "id": "08-14", "lastvs": "15"}, {"firstvs": "16", "id": "08-16", "lastvs": "18"}, {"firstvs": "19", "id": "08-19", "lastvs": "21"}, {"firstvs": "22", "id": "08-22", "lastvs": "23"}, {"firstvs": "24", "id": "08-24", "lastvs": "25"}, {"firstvs": "26", "id": "08-26", "lastvs": "27"}, {"firstvs": "28", "id": "08-28", "lastvs": "29"}, {"firstvs": "30", "id": "08-30", "lastvs": "31"}, {"firstvs": "32", "id": "08-32", "lastvs": "33"}, {"firstvs": "34", "id": "08-34", "lastvs": "35"}, {"firstvs": "36", "id": "08-36", "lastvs": "37"}, {"firstvs": "38", "id": "08-38", "lastvs": "39"}, {"firstvs": "40", "id": "08-40", "lastvs": "42"}, {"firstvs": "43", "id": "08-43", "lastvs": "44"}, {"firstvs": "45", "id": "08-45", "lastvs": "46"}, {"firstvs": "47", "id": "08-47", "lastvs": "48"}, {"firstvs": "49", "id": "08-49", "lastvs": "50"}, {"firstvs": "51", "id": "08-51", "lastvs": "53"}, {"firstvs": "54", "id": "08-54", "lastvs": "56"}, {"firstvs": "1", "id": "09-01", "lastvs": "2"}, {"firstvs": "3", "id": "09-03", "lastvs": "4"}, {"firstvs": "5", "id": "09-05", "lastvs": "6"}, {"firstvs": "7", "id": "09-07", "lastvs": "9"}, {"firstvs": "10", "id": "09-10", "lastvs": "11"}, {"firstvs": "12", "id": "09-12", "lastvs": "14"}, {"firstvs": "15", "id": "09-15", "lastvs": "17"}, {"firstvs": "18", "id": "09-18", "lastvs": "19"}, {"firstvs": "20", "id": "09-20", "lastvs": "22"}, {"firstvs": "23", "id": "09-23", "lastvs": "25"}, {"firstvs": "26", "id": "09-26", "lastvs": "27"}, {"firstvs": "28", "id": "09-28", "lastvs": "29"}, {"firstvs": "30", "id": "09-30", "lastvs": "31"}, {"firstvs": "32", "id": "09-32", "lastvs": "33"}, {"firstvs": "34", "id": "09-34", "lastvs": "36"}, {"firstvs": "37", "id": "09-37", "lastvs": "40"}, {"firstvs": "41", "id": "09-41", "lastvs": "42"}, {"firstvs": "43", "id": "09-43", "lastvs": "45"}, {"firstvs": "46", "id": "09-46", "lastvs": "48"}, {"firstvs": "49", "id": "09-49", "lastvs": "50"}, {"firstvs": "51", "id": "09-51", "lastvs": "53"}, {"firstvs": "54", "id": "09-54", "lastvs": "56"}, {"firstvs": "57", "id": "09-57", "lastvs": "58"}, {"firstvs": "59", "id": "09-59", "lastvs": "60"}, {"firstvs": "61", "id": "09-61", "lastvs": "62"}, {"firstvs": "1", "id": "10-01", "lastvs": "2"}, {"firstvs": "3", "id": "10-03", "lastvs": "4"}, {"firstvs": "5", "id": "10-05", "lastvs": "7"}, {"firstvs": "8", "id": "10-08", "lastvs": "9"}, {"firstvs": "10", "id": "10-10", "lastvs": "12"}, {"firstvs": "13", "id": "10-13", "lastvs": "15"}, {"firstvs": "16", "id": "10-16", "lastvs": "16"}, {"firstvs": "17", "id": "10-17", "lastvs": "20"}, {"firstvs": "21", "id": "10-21", "lastvs": "21"}, {"firstvs": "22", "id": "10-22", "lastvs": "22"}, {"firstvs": "23", "id": "10-23", "lastvs": "24"}, {"firstvs": "25", "id": "10-25", "lastvs": "28"}, {"firstvs": "29", "id": "10-29", "lastvs": "30"}, {"firstvs": "31", "id": "10-31", "lastvs": "32"}, {"firstvs": "33", "id": "10-33", "lastvs": "35"}, {"firstvs": "36", "id": "10-36", "lastvs": "37"}, {"firstvs": "38", "id": "10-38", "lastvs": "39"}, {"firstvs": "40", "id": "10-40", "lastvs": "42"}, {"firstvs": "1", "id": "11-01", "lastvs": "1"}, {"firstvs": "2", "id": "11-02", "lastvs": "2"}, {"firstvs": "3", "id": "11-03", "lastvs": "4"}, {"firstvs": "5", "id": "11-05", "lastvs": "8"}, {"firstvs": "9", "id": "11-09", "lastvs": "10"}, {"firstvs": "11", "id": "11-11", "lastvs": "13"}, {"firstvs": "14", "id": "11-14", "lastvs": "15"}, {"firstvs": "16", "id": "11-16", "lastvs": "17"}, {"firstvs": "18", "id": "11-18", "lastvs": "20"}, {"firstvs": "21", "id": "11-21", "lastvs": "23"}, {"firstvs": "24", "id": "11-24", "lastvs": "26"}, {"firstvs": "27", "id": "11-27", "lastvs": "28"}, {"firstvs": "29", "id": "11-29", "lastvs": "30"}, {"firstvs": "31", "id": "11-31", "lastvs": "31"}, {"firstvs": "32", "id": "11-32", "lastvs": "32"}, {"firstvs": "33", "id": "11-33", "lastvs": "36"}, {"firstvs": "37", "id": "11-37", "lastvs": "38"}, {"firstvs": "39", "id": "11-39", "lastvs": "41"}, {"firstvs": "42", "id": "11-42", "lastvs": "42"}, {"firstvs": "43", "id": "11-43", "lastvs": "44"}, {"firstvs": "45", "id": "11-45", "lastvs": "46"}, {"firstvs": "47", "id": "11-47", "lastvs": "48"}, {"firstvs": "49", "id": "11-49", "lastvs": "51"}, {"firstvs": "52", "id": "11-52", "lastvs": "52"}, {"firstvs": "53", "id": "11-53", "lastvs": "54"}, {"firstvs": "1", "id": "12-01", "lastvs": "1"}, {"firstvs": "2", "id": "12-02", "lastvs": "3"}, {"firstvs": "4", "id": "12-04", "lastvs": "5"}, {"firstvs": "6", "id": "12-06", "lastvs": "7"}, {"firstvs": "8", "id": "12-08", "lastvs": "10"}, {"firstvs": "11", "id": "12-11", "lastvs": "12"}, {"firstvs": "13", "id": "12-13", "lastvs": "15"}, {"firstvs": "16", "id": "12-16", "lastvs": "19"}, {"firstvs": "20", "id": "12-20", "lastvs": "21"}, {"firstvs": "22", "id": "12-22", "lastvs": "23"}, {"firstvs": "24", "id": "12-24", "lastvs": "26"}, {"firstvs": "27", "id": "12-27", "lastvs": "28"}, {"firstvs": "29", "id": "12-29", "lastvs": "30"}, {"firstvs": "31", "id": "12-31", "lastvs": "32"}, {"firstvs": "33", "id": "12-33", "lastvs": "34"}, {"firstvs": "35", "id": "12-35", "lastvs": "36"}, {"firstvs": "37", "id": "12-37", "lastvs": "38"}, {"firstvs": "39", "id": "12-39", "lastvs": "40"}, {"firstvs": "41", "id": "12-41", "lastvs": "44"}, {"firstvs": "45", "id": "12-45", "lastvs": "46"}, {"firstvs": "47", "id": "12-47", "lastvs": "48"}, {"firstvs": "49", "id": "12-49", "lastvs": "50"}, {"firstvs": "51", "id": "12-51", "lastvs": "53"}, {"firstvs": "54", "id": "12-54", "lastvs": "56"}, {"firstvs": "57", "id": "12-57", "lastvs": "59"}, {"firstvs": "1", "id": "13-01", "lastvs": "3"}, {"firstvs": "4", "id": "13-04", "lastvs": "5"}, {"firstvs": "6", "id": "13-06", "lastvs": "7"}, {"firstvs": "8", "id": "13-08", "lastvs": "9"}, {"firstvs": "10", "id": "13-10", "lastvs": "11"}, {"firstvs": "12", "id": "13-12", "lastvs": "14"}, {"firstvs": "15", "id": "13-15", "lastvs": "16"}, {"firstvs": "17", "id": "13-17", "lastvs": "17"}, {"firstvs": "18", "id": "13-18", "lastvs": "19"}, {"firstvs": "20", "id": "13-20", "lastvs": "21"}, {"firstvs": "22", "id": "13-22", "lastvs": "24"}, {"firstvs": "25", "id": "13-25", "lastvs": "27"}, {"firstvs": "28", "id": "13-28", "lastvs": "30"}, {"firstvs": "31", "id": "13-31", "lastvs": "33"}, {"firstvs": "34", "id": "13-34", "lastvs": "35"}, {"firstvs": "1", "id": "14-01", "lastvs": "3"}, {"firstvs": "4", "id": "14-04", "lastvs": "6"}, {"firstvs": "7", "id": "14-07", "lastvs": "9"}, {"firstvs": "10", "id": "14-10", "lastvs": "11"}, {"firstvs": "12", "id": "14-12", "lastvs": "12"}, {"firstvs": "13", "id": "14-13", "lastvs": "14"}, {"firstvs": "15", "id": "14-15", "lastvs": "17"}, {"firstvs": "18", "id": "14-18", "lastvs": "20"}, {"firstvs": "21", "id": "14-21", "lastvs": "22"}, {"firstvs": "23", "id": "14-23", "lastvs": "24"}, {"firstvs": "25", "id": "14-25", "lastvs": "27"}, {"firstvs": "28", "id": "14-28", "lastvs": "30"}, {"firstvs": "31", "id": "14-31", "lastvs": "33"}, {"firstvs": "34", "id": "14-34", "lastvs": "35"}, {"firstvs": "1", "id": "15-01", "lastvs": "2"}, {"firstvs": "3", "id": "15-03", "lastvs": "5"}, {"firstvs": "6", "id": "15-06", "lastvs": "7"}, {"firstvs": "8", "id": "15-08", "lastvs": "10"}, {"firstvs": "11", "id": "15-11", "lastvs": "12"}, {"firstvs": "13", "id": "15-13", "lastvs": "14"}, {"firstvs": "15", "id": "15-15", "lastvs": "16"}, {"firstvs": "17", "id": "15-17", "lastvs": "19"}, {"firstvs": "20", "id": "15-20", "lastvs": "21"}, {"firstvs": "22", "id": "15-22", "lastvs": "24"}, {"firstvs": "25", "id": "15-25", "lastvs": "27"}, {"firstvs": "28", "id": "15-28", "lastvs": "30"}, {"firstvs": "31", "id": "15-31", "lastvs": "32"}, {"firstvs": "1", "id": "16-01", "lastvs": "2"}, {"firstvs": "3", "id": "16-03", "lastvs": "4"}, {"firstvs": "5", "id": "16-05", "lastvs": "7"}, {"firstvs": "8", "id": "16-08", "lastvs": "9"}, {"firstvs": "10", "id": "16-10", "lastvs": "12"}, {"firstvs": "13", "id": "16-13", "lastvs": "13"}, {"firstvs": "14", "id": "16-14", "lastvs": "15"}, {"firstvs": "16", "id": "16-16", "lastvs": "17"}, {"firstvs": "18", "id": "16-18", "lastvs": "18"}, {"firstvs": "19", "id": "16-19", "lastvs": "21"}, {"firstvs": "22", "id": "16-22", "lastvs": "23"}, {"firstvs": "24", "id": "16-24", "lastvs": "24"}, {"firstvs": "25", "id": "16-25", "lastvs": "26"}, {"firstvs": "27", "id": "16-27", "lastvs": "28"}, {"firstvs": "29", "id": "16-29", "lastvs": "31"}, {"firstvs": "1", "id": "17-01", "lastvs": "2"}, {"firstvs": "3", "id": "17-03", "lastvs": "4"}, {"firstvs": "5", "id": "17-05", "lastvs": "6"}, {"firstvs": "7", "id": "17-07", "lastvs": "8"}, {"firstvs": "9", "id": "17-09", "lastvs": "10"}, {"firstvs": "11", "id": "17-11", "lastvs": "13"}, {"firstvs": "14", "id": "17-14", "lastvs": "16"}, {"firstvs": "17", "id": "17-17", "lastvs": "19"}, {"firstvs": "20", "id": "17-20", "lastvs": "21"}, {"firstvs": "22", "id": "17-22", "lastvs": "24"}, {"firstvs": "25", "id": "17-25", "lastvs": "27"}, {"firstvs": "28", "id": "17-28", "lastvs": "29"}, {"firstvs": "30", "id": "17-30", "lastvs": "31"}, {"firstvs": "32", "id": "17-32", "lastvs": "33"}, {"firstvs": "34", "id": "17-34", "lastvs": "37"}, {"firstvs": "1", "id": "18-01", "lastvs": "2"}, {"firstvs": "3", "id": "18-03", "lastvs": "5"}, {"firstvs": "6", "id": "18-06", "lastvs": "8"}, {"firstvs": "9", "id": "18-09", "lastvs": "10"}, {"firstvs": "11", "id": "18-11", "lastvs": "12"}, {"firstvs": "13", "id": "18-13", "lastvs": "14"}, {"firstvs": "15", "id": "18-15", "lastvs": "17"}, {"firstvs": "18", "id": "18-18", "lastvs": "21"}, {"firstvs": "22", "id": "18-22", "lastvs": "23"}, {"firstvs": "24", "id": "18-24", "lastvs": "25"}, {"firstvs": "26", "id": "18-26", "lastvs": "27"}, {"firstvs": "28", "id": "18-28", "lastvs": "30"}, {"firstvs": "31", "id": "18-31", "lastvs": "33"}, {"firstvs": "34", "id": "18-34", "lastvs": "34"}, {"firstvs": "35", "id": "18-35", "lastvs": "37"}, {"firstvs": "38", "id": "18-38", "lastvs": "39"}, {"firstvs": "40", "id": "18-40", "lastvs": "41"}, {"firstvs": "42", "id": "18-42", "lastvs": "43"}, {"firstvs": "1", "id": "19-01", "lastvs": "2"}, {"firstvs": "3", "id": "19-03", "lastvs": "4"}, {"firstvs": "5", "id": "19-05", "lastvs": "7"}, {"firstvs": "8", "id": "19-08", "lastvs": "10"}, {"firstvs": "11", "id": "19-11", "lastvs": "12"}, {"firstvs": "13", "id": "19-13", "lastvs": "15"}, {"firstvs": "16", "id": "19-16", "lastvs": "17"}, {"firstvs": "18", "id": "19-18", "lastvs": "19"}, {"firstvs": "20", "id": "19-20", "lastvs": "21"}, {"firstvs": "22", "id": "19-22", "lastvs": "23"}, {"firstvs": "24", "id": "19-24", "lastvs": "25"}, {"firstvs": "26", "id": "19-26", "lastvs": "27"}, {"firstvs": "28", "id": "19-28", "lastvs": "28"}, {"firstvs": "29", "id": "19-29", "lastvs": "31"}, {"firstvs": "32", "id": "19-32", "lastvs": "36"}, {"firstvs": "37", "id": "19-37", "lastvs": "38"}, {"firstvs": "39", "id": "19-39", "lastvs": "40"}, {"firstvs": "41", "id": "19-41", "lastvs": "42"}, {"firstvs": "43", "id": "19-43", "lastvs": "44"}, {"firstvs": "45", "id": "19-45", "lastvs": "46"}, {"firstvs": "47", "id": "19-47", "lastvs": "48"}, {"firstvs": "1", "id": "20-01", "lastvs": "2"}, {"firstvs": "3", "id": "20-03", "lastvs": "4"}, {"firstvs": "5", "id": "20-05", "lastvs": "6"}, {"firstvs": "7", "id": "20-07", "lastvs": "8"}, {"firstvs": "9", "id": "20-09", "lastvs": "10"}, {"firstvs": "11", "id": "20-11", "lastvs": "12"}, {"firstvs": "13", "id": "20-13", "lastvs": "14"}, {"firstvs": "15", "id": "20-15", "lastvs": "16"}, {"firstvs": "17", "id": "20-17", "lastvs": "18"}, {"firstvs": "19", "id": "20-19", "lastvs": "20"}, {"firstvs": "21", "id": "20-21", "lastvs": "22"}, {"firstvs": "23", "id": "20-23", "lastvs": "24"}, {"firstvs": "25", "id": "20-25", "lastvs": "26"}, {"firstvs": "27", "id": "20-27", "lastvs": "28"}, {"firstvs": "29", "id": "20-29", "lastvs": "33"}, {"firstvs": "34", "id": "20-34", "lastvs": "36"}, {"firstvs": "37", "id": "20-37", "lastvs": "38"}, {"firstvs": "39", "id": "20-39", "lastvs": "40"}, {"firstvs": "41", "id": "20-41", "lastvs": "44"}, {"firstvs": "45", "id": "20-45", "lastvs": "47"}, {"firstvs": "1", "id": "21-01", "lastvs": "4"}, {"firstvs": "5", "id": "21-05", "lastvs": "6"}, {"firstvs": "7", "id": "21-07", "lastvs": "9"}, {"firstvs": "10", "id": "21-10", "lastvs": "11"}, {"firstvs": "12", "id": "21-12", "lastvs": "13"}, {"firstvs": "14", "id": "21-14", "lastvs": "15"}, {"firstvs": "16", "id": "21-16", "lastvs": "19"}, {"firstvs": "20", "id": "21-20", "lastvs": "22"}, {"firstvs": "23", "id": "21-23", "lastvs": "24"}, {"firstvs": "25", "id": "21-25", "lastvs": "26"}, {"firstvs": "27", "id": "21-27", "lastvs": "28"}, {"firstvs": "29", "id": "21-29", "lastvs": "31"}, {"firstvs": "32", "id": "21-32", "lastvs": "33"}, {"firstvs": "34", "id": "21-34", "lastvs": "35"}, {"firstvs": "36", "id": "21-36", "lastvs": "36"}, {"firstvs": "37", "id": "21-37", "lastvs": "38"}, {"firstvs": "1", "id": "22-01", "lastvs": "2"}, {"firstvs": "3", "id": "22-03", "lastvs": "4"}, {"firstvs": "5", "id": "22-05", "lastvs": "6"}, {"firstvs": "7", "id": "22-07", "lastvs": "9"}, {"firstvs": "10", "id": "22-10", "lastvs": "11"}, {"firstvs": "12", "id": "22-12", "lastvs": "13"}, {"firstvs": "14", "id": "22-14", "lastvs": "16"}, {"firstvs": "17", "id": "22-17", "lastvs": "18"}, {"firstvs": "19", "id": "22-19", "lastvs": "20"}, {"firstvs": "21", "id": "22-21", "lastvs": "23"}, {"firstvs": "24", "id": "22-24", "lastvs": "25"}, {"firstvs": "26", "id": "22-26", "lastvs": "27"}, {"firstvs": "28", "id": "22-28", "lastvs": "30"}, {"firstvs": "31", "id": "22-31", "lastvs": "32"}, {"firstvs": "33", "id": "22-33", "lastvs": "34"}, {"firstvs": "35", "id": "22-35", "lastvs": "36"}, {"firstvs": "37", "id": "22-37", "lastvs": "38"}, {"firstvs": "39", "id": "22-39", "lastvs": "40"}, {"firstvs": "41", "id": "22-41", "lastvs": "42"}, {"firstvs": "43", "id": "22-43", "lastvs": "44"}, {"firstvs": "45", "id": "22-45", "lastvs": "46"}, {"firstvs": "47", "id": "22-47", "lastvs": "48"}, {"firstvs": "49", "id": "22-49", "lastvs": "51"}, {"firstvs": "52", "id": "22-52", "lastvs": "53"}, {"firstvs": "54", "id": "22-54", "lastvs": "55"}, {"firstvs": "56", "id": "22-56", "lastvs": "58"}, {"firstvs": "59", "id": "22-59", "lastvs": "60"}, {"firstvs": "61", "id": "22-61", "lastvs": "62"}, {"firstvs": "63", "id": "22-63", "lastvs": "65"}, {"firstvs": "66", "id": "22-66", "lastvs": "68"}, {"firstvs": "69", "id": "22-69", "lastvs": "71"}, {"firstvs": "1", "id": "23-01", "lastvs": "2"}, {"firstvs": "3", "id": "23-03", "lastvs": "5"}, {"firstvs": "6", "id": "23-06", "lastvs": "7"}, {"firstvs": "8", "id": "23-08", "lastvs": "10"}, {"firstvs": "11", "id": "23-11", "lastvs": "12"}, {"firstvs": "13", "id": "23-13", "lastvs": "14"}, {"firstvs": "15", "id": "23-15", "lastvs": "17"}, {"firstvs": "18", "id": "23-18", "lastvs": "19"}, {"firstvs": "20", "id": "23-20", "lastvs": "22"}, {"firstvs": "23", "id": "23-23", "lastvs": "25"}, {"firstvs": "26", "id": "23-26", "lastvs": "26"}, {"firstvs": "27", "id": "23-27", "lastvs": "28"}, {"firstvs": "29", "id": "23-29", "lastvs": "31"}, {"firstvs": "32", "id": "23-32", "lastvs": "32"}, {"firstvs": "33", "id": "23-33", "lastvs": "34"}, {"firstvs": "35", "id": "23-35", "lastvs": "35"}, {"firstvs": "36", "id": "23-36", "lastvs": "38"}, {"firstvs": "39", "id": "23-39", "lastvs": "41"}, {"firstvs": "42", "id": "23-42", "lastvs": "43"}, {"firstvs": "44", "id": "23-44", "lastvs": "45"}, {"firstvs": "46", "id": "23-46", "lastvs": "47"}, {"firstvs": "48", "id": "23-48", "lastvs": "49"}, {"firstvs": "50", "id": "23-50", "lastvs": "51"}, {"firstvs": "52", "id": "23-52", "lastvs": "53"}, {"firstvs": "54", "id": "23-54", "lastvs": "56"}, {"firstvs": "1", "id": "24-01", "lastvs": "3"}, {"firstvs": "4", "id": "24-04", "lastvs": "5"}, {"firstvs": "6", "id": "24-06", "lastvs": "7"}, {"firstvs": "8", "id": "24-08", "lastvs": "10"}, {"firstvs": "11", "id": "24-11", "lastvs": "12"}, {"firstvs": "13", "id": "24-13", "lastvs": "14"}, {"firstvs": "15", "id": "24-15", "lastvs": "16"}, {"firstvs": "17", "id": "24-17", "lastvs": "18"}, {"firstvs": "19", "id": "24-19", "lastvs": "20"}, {"firstvs": "21", "id": "24-21", "lastvs": "21"}, {"firstvs": "22", "id": "24-22", "lastvs": "24"}, {"firstvs": "25", "id": "24-25", "lastvs": "27"}, {"firstvs": "28", "id": "24-28", "lastvs": "29"}, {"firstvs": "30", "id": "24-30", "lastvs": "32"}, {"firstvs": "33", "id": "24-33", "lastvs": "35"}, {"firstvs": "36", "id": "24-36", "lastvs": "37"}, {"firstvs": "38", "id": "24-38", "lastvs": "40"}, {"firstvs": "41", "id": "24-41", "lastvs": "43"}, {"firstvs": "44", "id": "24-44", "lastvs": "44"}, {"firstvs": "45", "id": "24-45", "lastvs": "47"}, {"firstvs": "48", "id": "24-48", "lastvs": "49"}, {"firstvs": "50", "id": "24-50", "lastvs": "51"}, {"firstvs": "52", "id": "24-00", "lastvs": "53"}]