[{"firstvs": "1", "id": "01-01", "lastvs": "2"}, {"firstvs": "3", "id": "01-03", "lastvs": "4"}, {"firstvs": "5", "id": "01-05", "lastvs": "6"}, {"firstvs": "7", "id": "01-07", "lastvs": "8"}, {"firstvs": "9", "id": "01-09", "lastvs": "10"}, {"firstvs": "11", "id": "01-11", "lastvs": "12"}, {"firstvs": "13", "id": "01-13", "lastvs": "14"}, {"firstvs": "15", "id": "01-15", "lastvs": "16"}, {"firstvs": "17", "id": "01-17", "lastvs": "18"}, {"firstvs": "19", "id": "01-19", "lastvs": "21"}, {"firstvs": "22", "id": "01-22", "lastvs": "23"}, {"firstvs": "1", "id": "02-01", "lastvs": "3"}, {"firstvs": "4", "id": "02-04", "lastvs": "7"}, {"firstvs": "8", "id": "02-08", "lastvs": "10"}, {"firstvs": "11", "id": "02-11", "lastvs": "12"}, {"firstvs": "13", "id": "02-13", "lastvs": "16"}, {"firstvs": "17", "id": "02-17", "lastvs": "18"}, {"firstvs": "19", "id": "02-19", "lastvs": "22"}, {"firstvs": "1", "id": "03-01", "lastvs": "2"}, {"firstvs": "3", "id": "03-03", "lastvs": "5"}, {"firstvs": "6", "id": "03-06", "lastvs": "7"}, {"firstvs": "8", "id": "03-08", "lastvs": "9"}, {"firstvs": "10", "id": "03-10", "lastvs": "11"}, {"firstvs": "12", "id": "03-12", "lastvs": "13"}, {"firstvs": "14", "id": "03-14", "lastvs": "16"}, {"firstvs": "17", "id": "03-17", "lastvs": "19"}, {"firstvs": "20", "id": "03-20", "lastvs": "21"}, {"firstvs": "1", "id": "04-01", "lastvs": "3"}, {"firstvs": "4", "id": "04-04", "lastvs": "6"}, {"firstvs": "7", "id": "04-07", "lastvs": "8"}, {"firstvs": "9", "id": "04-09", "lastvs": "10"}, {"firstvs": "11", "id": "04-11", "lastvs": "13"}, {"firstvs": "14", "id": "04-14", "lastvs": "16"}, {"firstvs": "17", "id": "04-17", "lastvs": "19"}, {"firstvs": "20", "id": "04-20", "lastvs": "22"}, {"firstvs": "23", "id": "04-23", "lastvs": "24"}, {"firstvs": "25", "id": "04-25", "lastvs": "27"}, {"firstvs": "28", "id": "04-28", "lastvs": "30"}, {"firstvs": "31", "id": "04-31", "lastvs": "32"}, {"firstvs": "1", "id": "05-01", "lastvs": "2"}, {"firstvs": "3", "id": "05-03", "lastvs": "4"}, {"firstvs": "5", "id": "05-05", "lastvs": "7"}, {"firstvs": "8", "id": "05-08", "lastvs": "12"}, {"firstvs": "13", "id": "05-13", "lastvs": "14"}, {"firstvs": "15", "id": "05-15", "lastvs": "17"}, {"firstvs": "18", "id": "05-18", "lastvs": "21"}, {"firstvs": "22", "id": "05-22", "lastvs": "24"}, {"firstvs": "25", "id": "05-25", "lastvs": "27"}, {"firstvs": "28", "id": "05-28", "lastvs": "30"}, {"firstvs": "31", "id": "05-31", "lastvs": "33"}, {"firstvs": "1", "id": "06-01", "lastvs": "3"}, {"firstvs": "4", "id": "06-04", "lastvs": "4"}, {"firstvs": "5", "id": "06-05", "lastvs": "8"}, {"firstvs": "9", "id": "06-09", "lastvs": "9"}, {"firstvs": "10", "id": "06-10", "lastvs": "11"}, {"firstvs": "12", "id": "06-12", "lastvs": "13"}, {"firstvs": "14", "id": "06-14", "lastvs": "16"}, {"firstvs": "17", "id": "06-17", "lastvs": "18"}, {"firstvs": "19", "id": "06-19", "lastvs": "20"}, {"firstvs": "21", "id": "06-21", "lastvs": "22"}, {"firstvs": "23", "id": "06-00", "lastvs": "24"}]