[{"firstvs": "1", "id": "01-01", "lastvs": "2"}, {"firstvs": "3", "id": "01-03", "lastvs": "3"}, {"firstvs": "4", "id": "01-04", "lastvs": "5"}, {"firstvs": "6", "id": "01-06", "lastvs": "6"}, {"firstvs": "1", "id": "02-01", "lastvs": "3"}, {"firstvs": "4", "id": "02-04", "lastvs": "5"}, {"firstvs": "6", "id": "02-06", "lastvs": "7"}, {"firstvs": "8", "id": "02-08", "lastvs": "9"}, {"firstvs": "10", "id": "02-10", "lastvs": "11"}, {"firstvs": "12", "id": "02-12", "lastvs": "12"}, {"firstvs": "1", "id": "03-01", "lastvs": "2"}, {"firstvs": "3", "id": "03-03", "lastvs": "4"}, {"firstvs": "5", "id": "03-05", "lastvs": "6"}, {"firstvs": "7", "id": "03-07", "lastvs": "8"}, {"firstvs": "1", "id": "04-01", "lastvs": "1"}, {"firstvs": "2", "id": "04-02", "lastvs": "3"}, {"firstvs": "4", "id": "04-04", "lastvs": "5"}, {"firstvs": "6", "id": "04-06", "lastvs": "8"}, {"firstvs": "1", "id": "05-01", "lastvs": "3"}, {"firstvs": "4", "id": "05-04", "lastvs": "6"}, {"firstvs": "7", "id": "05-07", "lastvs": "8"}, {"firstvs": "9", "id": "05-09", "lastvs": "10"}, {"firstvs": "11", "id": "05-11", "lastvs": "12"}, {"firstvs": "1", "id": "06-01", "lastvs": "2"}, {"firstvs": "3", "id": "06-03", "lastvs": "5"}, {"firstvs": "6", "id": "06-06", "lastvs": "7"}, {"firstvs": "8", "id": "06-08", "lastvs": "10"}, {"firstvs": "1", "id": "07-01", "lastvs": "2"}, {"firstvs": "3", "id": "07-03", "lastvs": "4"}, {"firstvs": "5", "id": "07-05", "lastvs": "5"}, {"firstvs": "6", "id": "07-06", "lastvs": "7"}, {"firstvs": "8", "id": "07-08", "lastvs": "9"}, {"firstvs": "10", "id": "07-10", "lastvs": "11"}, {"firstvs": "12", "id": "07-12", "lastvs": "13"}, {"firstvs": "14", "id": "07-14", "lastvs": "16"}, {"firstvs": "17", "id": "07-17", "lastvs": "17"}, {"firstvs": "1", "id": "08-01", "lastvs": "2"}, {"firstvs": "3", "id": "08-03", "lastvs": "5"}, {"firstvs": "6", "id": "08-06", "lastvs": "8"}, {"firstvs": "9", "id": "08-09", "lastvs": "9"}, {"firstvs": "1", "id": "09-01", "lastvs": "2"}, {"firstvs": "3", "id": "09-03", "lastvs": "4"}, {"firstvs": "5", "id": "09-05", "lastvs": "6"}, {"firstvs": "7", "id": "09-07", "lastvs": "8"}, {"firstvs": "9", "id": "09-09", "lastvs": "10"}, {"firstvs": "11", "id": "09-11", "lastvs": "12"}, {"firstvs": "13", "id": "09-13", "lastvs": "14"}, {"firstvs": "15", "id": "09-15", "lastvs": "16"}, {"firstvs": "17", "id": "09-17", "lastvs": "18"}, {"firstvs": "19", "id": "09-19", "lastvs": "20"}, {"firstvs": "1", "id": "10-01", "lastvs": "3"}, {"firstvs": "4", "id": "10-04", "lastvs": "5"}, {"firstvs": "6", "id": "10-06", "lastvs": "7"}, {"firstvs": "8", "id": "10-08", "lastvs": "10"}, {"firstvs": "11", "id": "10-11", "lastvs": "12"}, {"firstvs": "13", "id": "10-13", "lastvs": "14"}, {"firstvs": "15", "id": "10-15", "lastvs": "16"}, {"firstvs": "17", "id": "10-17", "lastvs": "18"}, {"firstvs": "1", "id": "11-01", "lastvs": "2"}, {"firstvs": "3", "id": "11-03", "lastvs": "4"}, {"firstvs": "5", "id": "11-05", "lastvs": "7"}, {"firstvs": "1", "id": "12-01", "lastvs": "1"}, {"firstvs": "2", "id": "12-02", "lastvs": "4"}, {"firstvs": "5", "id": "12-05", "lastvs": "5"}, {"firstvs": "6", "id": "12-06", "lastvs": "8"}, {"firstvs": "1", "id": "13-01", "lastvs": "2"}, {"firstvs": "3", "id": "13-03", "lastvs": "4"}, {"firstvs": "5", "id": "13-05", "lastvs": "6"}, {"firstvs": "1", "id": "14-01", "lastvs": "1"}, {"firstvs": "2", "id": "14-02", "lastvs": "3"}, {"firstvs": "4", "id": "14-04", "lastvs": "4"}, {"firstvs": "5", "id": "14-05", "lastvs": "6"}, {"firstvs": "7", "id": "14-07", "lastvs": "7"}, {"firstvs": "1", "id": "15-01", "lastvs": "2"}, {"firstvs": "3", "id": "15-03", "lastvs": "3"}, {"firstvs": "4", "id": "15-04", "lastvs": "5"}, {"firstvs": "1", "id": "16-01", "lastvs": "3"}, {"firstvs": "4", "id": "16-04", "lastvs": "4"}, {"firstvs": "5", "id": "16-05", "lastvs": "6"}, {"firstvs": "7", "id": "16-07", "lastvs": "8"}, {"firstvs": "9", "id": "16-09", "lastvs": "10"}, {"firstvs": "11", "id": "16-11", "lastvs": "11"}, {"firstvs": "1", "id": "17-01", "lastvs": "2"}, {"firstvs": "3", "id": "17-03", "lastvs": "3"}, {"firstvs": "4", "id": "17-04", "lastvs": "5"}, {"firstvs": "6", "id": "17-06", "lastvs": "7"}, {"firstvs": "8", "id": "17-08", "lastvs": "10"}, {"firstvs": "11", "id": "17-11", "lastvs": "12"}, {"firstvs": "13", "id": "17-13", "lastvs": "14"}, {"firstvs": "15", "id": "17-15", "lastvs": "15"}, {"firstvs": "1", "id": "18-01", "lastvs": "1"}, {"firstvs": "2", "id": "18-02", "lastvs": "3"}, {"firstvs": "4", "id": "18-04", "lastvs": "5"}, {"firstvs": "6", "id": "18-06", "lastvs": "6"}, {"firstvs": "7", "id": "18-07", "lastvs": "8"}, {"firstvs": "9", "id": "18-09", "lastvs": "10"}, {"firstvs": "11", "id": "18-11", "lastvs": "12"}, {"firstvs": "13", "id": "18-13", "lastvs": "14"}, {"firstvs": "15", "id": "18-15", "lastvs": "15"}, {"firstvs": "16", "id": "18-16", "lastvs": "17"}, {"firstvs": "18", "id": "18-18", "lastvs": "19"}, {"firstvs": "20", "id": "18-20", "lastvs": "21"}, {"firstvs": "22", "id": "18-22", "lastvs": "24"}, {"firstvs": "25", "id": "18-25", "lastvs": "26"}, {"firstvs": "27", "id": "18-27", "lastvs": "29"}, {"firstvs": "30", "id": "18-30", "lastvs": "32"}, {"firstvs": "33", "id": "18-33", "lastvs": "34"}, {"firstvs": "35", "id": "18-35", "lastvs": "36"}, {"firstvs": "37", "id": "18-37", "lastvs": "39"}, {"firstvs": "40", "id": "18-40", "lastvs": "42"}, {"firstvs": "43", "id": "18-43", "lastvs": "45"}, {"firstvs": "46", "id": "18-46", "lastvs": "47"}, {"firstvs": "48", "id": "18-48", "lastvs": "49"}, {"firstvs": "50", "id": "18-50", "lastvs": "50"}, {"firstvs": "1", "id": "19-01", "lastvs": "3"}, {"firstvs": "4", "id": "19-04", "lastvs": "6"}, {"firstvs": "7", "id": "19-07", "lastvs": "8"}, {"firstvs": "9", "id": "19-09", "lastvs": "10"}, {"firstvs": "11", "id": "19-11", "lastvs": "12"}, {"firstvs": "13", "id": "19-13", "lastvs": "14"}, {"firstvs": "1", "id": "20-01", "lastvs": "2"}, {"firstvs": "3", "id": "20-03", "lastvs": "4"}, {"firstvs": "5", "id": "20-05", "lastvs": "6"}, {"firstvs": "7", "id": "20-07", "lastvs": "8"}, {"firstvs": "9", "id": "20-09", "lastvs": "9"}, {"firstvs": "1", "id": "21-01", "lastvs": "2"}, {"firstvs": "3", "id": "21-03", "lastvs": "4"}, {"firstvs": "5", "id": "21-05", "lastvs": "6"}, {"firstvs": "7", "id": "21-07", "lastvs": "8"}, {"firstvs": "9", "id": "21-09", "lastvs": "10"}, {"firstvs": "11", "id": "21-11", "lastvs": "12"}, {"firstvs": "13", "id": "21-13", "lastvs": "13"}, {"firstvs": "1", "id": "22-01", "lastvs": "2"}, {"firstvs": "3", "id": "22-03", "lastvs": "5"}, {"firstvs": "6", "id": "22-06", "lastvs": "8"}, {"firstvs": "9", "id": "22-09", "lastvs": "10"}, {"firstvs": "11", "id": "22-11", "lastvs": "13"}, {"firstvs": "14", "id": "22-14", "lastvs": "15"}, {"firstvs": "16", "id": "22-16", "lastvs": "17"}, {"firstvs": "18", "id": "22-18", "lastvs": "19"}, {"firstvs": "20", "id": "22-20", "lastvs": "21"}, {"firstvs": "22", "id": "22-22", "lastvs": "23"}, {"firstvs": "24", "id": "22-24", "lastvs": "25"}, {"firstvs": "26", "id": "22-26", "lastvs": "27"}, {"firstvs": "28", "id": "22-28", "lastvs": "29"}, {"firstvs": "30", "id": "22-30", "lastvs": "31"}, {"firstvs": "1", "id": "23-01", "lastvs": "2"}, {"firstvs": "3", "id": "23-03", "lastvs": "3"}, {"firstvs": "4", "id": "23-04", "lastvs": "4"}, {"firstvs": "5", "id": "23-05", "lastvs": "5"}, {"firstvs": "6", "id": "23-06", "lastvs": "6"}, {"firstvs": "1", "id": "24-01", "lastvs": "2"}, {"firstvs": "3", "id": "24-03", "lastvs": "4"}, {"firstvs": "5", "id": "24-05", "lastvs": "6"}, {"firstvs": "7", "id": "24-07", "lastvs": "8"}, {"firstvs": "9", "id": "24-09", "lastvs": "10"}, {"firstvs": "1", "id": "25-01", "lastvs": "3"}, {"firstvs": "4", "id": "25-04", "lastvs": "5"}, {"firstvs": "6", "id": "25-06", "lastvs": "7"}, {"firstvs": "8", "id": "25-08", "lastvs": "9"}, {"firstvs": "10", "id": "25-10", "lastvs": "11"}, {"firstvs": "12", "id": "25-12", "lastvs": "13"}, {"firstvs": "14", "id": "25-14", "lastvs": "16"}, {"firstvs": "17", "id": "25-17", "lastvs": "19"}, {"firstvs": "20", "id": "25-20", "lastvs": "21"}, {"firstvs": "22", "id": "25-22", "lastvs": "22"}, {"firstvs": "1", "id": "26-01", "lastvs": "3"}, {"firstvs": "4", "id": "26-04", "lastvs": "5"}, {"firstvs": "6", "id": "26-06", "lastvs": "8"}, {"firstvs": "9", "id": "26-09", "lastvs": "10"}, {"firstvs": "11", "id": "26-11", "lastvs": "12"}, {"firstvs": "1", "id": "27-01", "lastvs": "1"}, {"firstvs": "2", "id": "27-02", "lastvs": "3"}, {"firstvs": "4", "id": "27-04", "lastvs": "4"}, {"firstvs": "5", "id": "27-05", "lastvs": "6"}, {"firstvs": "7", "id": "27-07", "lastvs": "8"}, {"firstvs": "9", "id": "27-09", "lastvs": "10"}, {"firstvs": "11", "id": "27-11", "lastvs": "12"}, {"firstvs": "13", "id": "27-13", "lastvs": "14"}, {"firstvs": "1", "id": "28-01", "lastvs": "2"}, {"firstvs": "3", "id": "28-03", "lastvs": "5"}, {"firstvs": "6", "id": "28-06", "lastvs": "8"}, {"firstvs": "9", "id": "28-09", "lastvs": "9"}, {"firstvs": "1", "id": "29-01", "lastvs": "2"}, {"firstvs": "3", "id": "29-03", "lastvs": "5"}, {"firstvs": "6", "id": "29-06", "lastvs": "8"}, {"firstvs": "9", "id": "29-09", "lastvs": "10"}, {"firstvs": "11", "id": "29-11", "lastvs": "11"}, {"firstvs": "1", "id": "30-01", "lastvs": "3"}, {"firstvs": "4", "id": "30-04", "lastvs": "5"}, {"firstvs": "6", "id": "30-06", "lastvs": "8"}, {"firstvs": "9", "id": "30-09", "lastvs": "10"}, {"firstvs": "11", "id": "30-11", "lastvs": "12"}, {"firstvs": "1", "id": "31-01", "lastvs": "2"}, {"firstvs": "3", "id": "31-03", "lastvs": "4"}, {"firstvs": "5", "id": "31-05", "lastvs": "7"}, {"firstvs": "8", "id": "31-08", "lastvs": "9"}, {"firstvs": "10", "id": "31-10", "lastvs": "11"}, {"firstvs": "12", "id": "31-12", "lastvs": "13"}, {"firstvs": "14", "id": "31-14", "lastvs": "16"}, {"firstvs": "17", "id": "31-17", "lastvs": "18"}, {"firstvs": "19", "id": "31-19", "lastvs": "20"}, {"firstvs": "21", "id": "31-21", "lastvs": "22"}, {"firstvs": "23", "id": "31-23", "lastvs": "24"}, {"firstvs": "1", "id": "32-01", "lastvs": "2"}, {"firstvs": "3", "id": "32-03", "lastvs": "4"}, {"firstvs": "5", "id": "32-05", "lastvs": "6"}, {"firstvs": "7", "id": "32-07", "lastvs": "8"}, {"firstvs": "9", "id": "32-09", "lastvs": "10"}, {"firstvs": "11", "id": "32-11", "lastvs": "11"}, {"firstvs": "1", "id": "33-01", "lastvs": "3"}, {"firstvs": "4", "id": "33-04", "lastvs": "6"}, {"firstvs": "7", "id": "33-07", "lastvs": "9"}, {"firstvs": "10", "id": "33-10", "lastvs": "12"}, {"firstvs": "13", "id": "33-13", "lastvs": "15"}, {"firstvs": "16", "id": "33-16", "lastvs": "17"}, {"firstvs": "18", "id": "33-18", "lastvs": "19"}, {"firstvs": "20", "id": "33-20", "lastvs": "21"}, {"firstvs": "22", "id": "33-22", "lastvs": "22"}, {"firstvs": "1", "id": "34-01", "lastvs": "1"}, {"firstvs": "2", "id": "34-02", "lastvs": "3"}, {"firstvs": "4", "id": "34-04", "lastvs": "6"}, {"firstvs": "7", "id": "34-07", "lastvs": "9"}, {"firstvs": "10", "id": "34-10", "lastvs": "11"}, {"firstvs": "12", "id": "34-12", "lastvs": "14"}, {"firstvs": "15", "id": "34-15", "lastvs": "17"}, {"firstvs": "18", "id": "34-18", "lastvs": "20"}, {"firstvs": "21", "id": "34-21", "lastvs": "22"}, {"firstvs": "1", "id": "35-01", "lastvs": "3"}, {"firstvs": "4", "id": "35-04", "lastvs": "6"}, {"firstvs": "7", "id": "35-07", "lastvs": "8"}, {"firstvs": "9", "id": "35-09", "lastvs": "10"}, {"firstvs": "11", "id": "35-11", "lastvs": "12"}, {"firstvs": "13", "id": "35-13", "lastvs": "14"}, {"firstvs": "15", "id": "35-15", "lastvs": "16"}, {"firstvs": "17", "id": "35-17", "lastvs": "18"}, {"firstvs": "19", "id": "35-19", "lastvs": "20"}, {"firstvs": "21", "id": "35-21", "lastvs": "23"}, {"firstvs": "24", "id": "35-24", "lastvs": "26"}, {"firstvs": "27", "id": "35-27", "lastvs": "28"}, {"firstvs": "1", "id": "36-01", "lastvs": "2"}, {"firstvs": "3", "id": "36-03", "lastvs": "4"}, {"firstvs": "5", "id": "36-05", "lastvs": "6"}, {"firstvs": "7", "id": "36-07", "lastvs": "9"}, {"firstvs": "10", "id": "36-10", "lastvs": "12"}, {"firstvs": "1", "id": "37-01", "lastvs": "2"}, {"firstvs": "3", "id": "37-03", "lastvs": "4"}, {"firstvs": "5", "id": "37-05", "lastvs": "6"}, {"firstvs": "7", "id": "37-07", "lastvs": "7"}, {"firstvs": "8", "id": "37-08", "lastvs": "10"}, {"firstvs": "11", "id": "37-11", "lastvs": "13"}, {"firstvs": "14", "id": "37-14", "lastvs": "15"}, {"firstvs": "16", "id": "37-16", "lastvs": "17"}, {"firstvs": "18", "id": "37-18", "lastvs": "19"}, {"firstvs": "20", "id": "37-20", "lastvs": "21"}, {"firstvs": "22", "id": "37-22", "lastvs": "24"}, {"firstvs": "25", "id": "37-25", "lastvs": "27"}, {"firstvs": "28", "id": "37-28", "lastvs": "30"}, {"firstvs": "31", "id": "37-31", "lastvs": "33"}, {"firstvs": "34", "id": "37-34", "lastvs": "34"}, {"firstvs": "35", "id": "37-35", "lastvs": "36"}, {"firstvs": "37", "id": "37-37", "lastvs": "38"}, {"firstvs": "39", "id": "37-39", "lastvs": "40"}, {"firstvs": "1", "id": "38-01", "lastvs": "2"}, {"firstvs": "3", "id": "38-03", "lastvs": "4"}, {"firstvs": "5", "id": "38-05", "lastvs": "6"}, {"firstvs": "7", "id": "38-07", "lastvs": "8"}, {"firstvs": "9", "id": "38-09", "lastvs": "10"}, {"firstvs": "11", "id": "38-11", "lastvs": "12"}, {"firstvs": "13", "id": "38-13", "lastvs": "14"}, {"firstvs": "15", "id": "38-15", "lastvs": "16"}, {"firstvs": "17", "id": "38-17", "lastvs": "18"}, {"firstvs": "19", "id": "38-19", "lastvs": "20"}, {"firstvs": "21", "id": "38-21", "lastvs": "22"}, {"firstvs": "1", "id": "39-01", "lastvs": "1"}, {"firstvs": "2", "id": "39-02", "lastvs": "3"}, {"firstvs": "4", "id": "39-04", "lastvs": "5"}, {"firstvs": "6", "id": "39-06", "lastvs": "7"}, {"firstvs": "8", "id": "39-08", "lastvs": "9"}, {"firstvs": "10", "id": "39-10", "lastvs": "11"}, {"firstvs": "12", "id": "39-12", "lastvs": "13"}, {"firstvs": "1", "id": "40-01", "lastvs": "2"}, {"firstvs": "3", "id": "40-03", "lastvs": "4"}, {"firstvs": "5", "id": "40-05", "lastvs": "6"}, {"firstvs": "7", "id": "40-07", "lastvs": "9"}, {"firstvs": "10", "id": "40-10", "lastvs": "11"}, {"firstvs": "12", "id": "40-12", "lastvs": "13"}, {"firstvs": "14", "id": "40-14", "lastvs": "15"}, {"firstvs": "16", "id": "40-16", "lastvs": "17"}, {"firstvs": "1", "id": "41-01", "lastvs": "3"}, {"firstvs": "4", "id": "41-04", "lastvs": "6"}, {"firstvs": "7", "id": "41-07", "lastvs": "9"}, {"firstvs": "10", "id": "41-10", "lastvs": "12"}, {"firstvs": "13", "id": "41-13", "lastvs": "13"}, {"firstvs": "1", "id": "42-01", "lastvs": "2"}, {"firstvs": "3", "id": "42-03", "lastvs": "4"}, {"firstvs": "5", "id": "42-05", "lastvs": "6"}, {"firstvs": "7", "id": "42-07", "lastvs": "8"}, {"firstvs": "9", "id": "42-09", "lastvs": "10"}, {"firstvs": "11", "id": "42-11", "lastvs": "11"}, {"firstvs": "1", "id": "43-01", "lastvs": "2"}, {"firstvs": "3", "id": "43-03", "lastvs": "4"}, {"firstvs": "5", "id": "43-05", "lastvs": "5"}, {"firstvs": "1", "id": "44-01", "lastvs": "2"}, {"firstvs": "3", "id": "44-03", "lastvs": "4"}, {"firstvs": "5", "id": "44-05", "lastvs": "6"}, {"firstvs": "7", "id": "44-07", "lastvs": "8"}, {"firstvs": "9", "id": "44-09", "lastvs": "11"}, {"firstvs": "12", "id": "44-12", "lastvs": "14"}, {"firstvs": "15", "id": "44-15", "lastvs": "17"}, {"firstvs": "18", "id": "44-18", "lastvs": "22"}, {"firstvs": "23", "id": "44-23", "lastvs": "24"}, {"firstvs": "25", "id": "44-25", "lastvs": "26"}, {"firstvs": "1", "id": "45-01", "lastvs": "2"}, {"firstvs": "3", "id": "45-03", "lastvs": "4"}, {"firstvs": "5", "id": "45-05", "lastvs": "7"}, {"firstvs": "8", "id": "45-08", "lastvs": "9"}, {"firstvs": "10", "id": "45-10", "lastvs": "11"}, {"firstvs": "12", "id": "45-12", "lastvs": "13"}, {"firstvs": "14", "id": "45-14", "lastvs": "15"}, {"firstvs": "16", "id": "45-16", "lastvs": "17"}, {"firstvs": "1", "id": "46-01", "lastvs": "3"}, {"firstvs": "4", "id": "46-04", "lastvs": "5"}, {"firstvs": "6", "id": "46-06", "lastvs": "7"}, {"firstvs": "8", "id": "46-08", "lastvs": "9"}, {"firstvs": "10", "id": "46-10", "lastvs": "11"}, {"firstvs": "1", "id": "47-01", "lastvs": "2"}, {"firstvs": "3", "id": "47-03", "lastvs": "5"}, {"firstvs": "6", "id": "47-06", "lastvs": "7"}, {"firstvs": "8", "id": "47-08", "lastvs": "9"}, {"firstvs": "1", "id": "48-01", "lastvs": "3"}, {"firstvs": "4", "id": "48-04", "lastvs": "6"}, {"firstvs": "7", "id": "48-07", "lastvs": "8"}, {"firstvs": "9", "id": "48-09", "lastvs": "10"}, {"firstvs": "11", "id": "48-11", "lastvs": "11"}, {"firstvs": "12", "id": "48-12", "lastvs": "13"}, {"firstvs": "14", "id": "48-14", "lastvs": "14"}, {"firstvs": "1", "id": "49-01", "lastvs": "2"}, {"firstvs": "3", "id": "49-03", "lastvs": "5"}, {"firstvs": "6", "id": "49-06", "lastvs": "8"}, {"firstvs": "9", "id": "49-09", "lastvs": "10"}, {"firstvs": "11", "id": "49-11", "lastvs": "11"}, {"firstvs": "12", "id": "49-12", "lastvs": "13"}, {"firstvs": "14", "id": "49-14", "lastvs": "15"}, {"firstvs": "16", "id": "49-16", "lastvs": "17"}, {"firstvs": "18", "id": "49-18", "lastvs": "20"}, {"firstvs": "1", "id": "50-01", "lastvs": "2"}, {"firstvs": "3", "id": "50-03", "lastvs": "5"}, {"firstvs": "6", "id": "50-06", "lastvs": "6"}, {"firstvs": "7", "id": "50-07", "lastvs": "8"}, {"firstvs": "9", "id": "50-09", "lastvs": "11"}, {"firstvs": "12", "id": "50-12", "lastvs": "13"}, {"firstvs": "14", "id": "50-14", "lastvs": "15"}, {"firstvs": "16", "id": "50-16", "lastvs": "17"}, {"firstvs": "18", "id": "50-18", "lastvs": "20"}, {"firstvs": "21", "id": "50-21", "lastvs": "22"}, {"firstvs": "23", "id": "50-23", "lastvs": "23"}, {"firstvs": "1", "id": "51-01", "lastvs": "2"}, {"firstvs": "3", "id": "51-03", "lastvs": "4"}, {"firstvs": "5", "id": "51-05", "lastvs": "6"}, {"firstvs": "7", "id": "51-07", "lastvs": "9"}, {"firstvs": "10", "id": "51-10", "lastvs": "11"}, {"firstvs": "12", "id": "51-12", "lastvs": "13"}, {"firstvs": "14", "id": "51-14", "lastvs": "16"}, {"firstvs": "17", "id": "51-17", "lastvs": "19"}, {"firstvs": "1", "id": "52-01", "lastvs": "2"}, {"firstvs": "3", "id": "52-03", "lastvs": "3"}, {"firstvs": "4", "id": "52-04", "lastvs": "5"}, {"firstvs": "6", "id": "52-06", "lastvs": "7"}, {"firstvs": "8", "id": "52-08", "lastvs": "9"}, {"firstvs": "1", "id": "53-01", "lastvs": "3"}, {"firstvs": "4", "id": "53-04", "lastvs": "5"}, {"firstvs": "6", "id": "53-06", "lastvs": "6"}, {"firstvs": "1", "id": "54-01", "lastvs": "3"}, {"firstvs": "4", "id": "54-04", "lastvs": "5"}, {"firstvs": "6", "id": "54-06", "lastvs": "7"}, {"firstvs": "1", "id": "55-01", "lastvs": "3"}, {"firstvs": "4", "id": "55-04", "lastvs": "5"}, {"firstvs": "6", "id": "55-06", "lastvs": "7"}, {"firstvs": "8", "id": "55-08", "lastvs": "9"}, {"firstvs": "10", "id": "55-10", "lastvs": "11"}, {"firstvs": "12", "id": "55-12", "lastvs": "14"}, {"firstvs": "15", "id": "55-15", "lastvs": "15"}, {"firstvs": "16", "id": "55-16", "lastvs": "18"}, {"firstvs": "19", "id": "55-19", "lastvs": "19"}, {"firstvs": "20", "id": "55-20", "lastvs": "21"}, {"firstvs": "22", "id": "55-22", "lastvs": "23"}, {"firstvs": "1", "id": "56-01", "lastvs": "2"}, {"firstvs": "3", "id": "56-03", "lastvs": "4"}, {"firstvs": "5", "id": "56-05", "lastvs": "6"}, {"firstvs": "7", "id": "56-07", "lastvs": "8"}, {"firstvs": "9", "id": "56-09", "lastvs": "11"}, {"firstvs": "12", "id": "56-12", "lastvs": "13"}, {"firstvs": "1", "id": "57-01", "lastvs": "1"}, {"firstvs": "2", "id": "57-02", "lastvs": "3"}, {"firstvs": "4", "id": "57-04", "lastvs": "5"}, {"firstvs": "6", "id": "57-06", "lastvs": "6"}, {"firstvs": "7", "id": "57-07", "lastvs": "8"}, {"firstvs": "9", "id": "57-09", "lastvs": "11"}, {"firstvs": "1", "id": "58-01", "lastvs": "2"}, {"firstvs": "3", "id": "58-03", "lastvs": "5"}, {"firstvs": "6", "id": "58-06", "lastvs": "8"}, {"firstvs": "9", "id": "58-09", "lastvs": "11"}, {"firstvs": "1", "id": "59-01", "lastvs": "2"}, {"firstvs": "3", "id": "59-03", "lastvs": "4"}, {"firstvs": "5", "id": "59-05", "lastvs": "5"}, {"firstvs": "6", "id": "59-06", "lastvs": "7"}, {"firstvs": "8", "id": "59-08", "lastvs": "9"}, {"firstvs": "10", "id": "59-10", "lastvs": "11"}, {"firstvs": "12", "id": "59-12", "lastvs": "13"}, {"firstvs": "14", "id": "59-14", "lastvs": "15"}, {"firstvs": "16", "id": "59-16", "lastvs": "17"}, {"firstvs": "1", "id": "60-01", "lastvs": "1"}, {"firstvs": "2", "id": "60-02", "lastvs": "3"}, {"firstvs": "4", "id": "60-04", "lastvs": "5"}, {"firstvs": "6", "id": "60-06", "lastvs": "7"}, {"firstvs": "8", "id": "60-08", "lastvs": "9"}, {"firstvs": "10", "id": "60-10", "lastvs": "12"}, {"firstvs": "1", "id": "61-01", "lastvs": "3"}, {"firstvs": "4", "id": "61-04", "lastvs": "5"}, {"firstvs": "6", "id": "61-06", "lastvs": "7"}, {"firstvs": "8", "id": "61-08", "lastvs": "8"}, {"firstvs": "1", "id": "62-01", "lastvs": "2"}, {"firstvs": "3", "id": "62-03", "lastvs": "4"}, {"firstvs": "5", "id": "62-05", "lastvs": "6"}, {"firstvs": "7", "id": "62-07", "lastvs": "8"}, {"firstvs": "9", "id": "62-09", "lastvs": "10"}, {"firstvs": "11", "id": "62-11", "lastvs": "12"}, {"firstvs": "1", "id": "63-01", "lastvs": "2"}, {"firstvs": "3", "id": "63-03", "lastvs": "4"}, {"firstvs": "5", "id": "63-05", "lastvs": "6"}, {"firstvs": "7", "id": "63-07", "lastvs": "8"}, {"firstvs": "9", "id": "63-09", "lastvs": "10"}, {"firstvs": "11", "id": "63-11", "lastvs": "11"}, {"firstvs": "1", "id": "64-01", "lastvs": "2"}, {"firstvs": "3", "id": "64-03", "lastvs": "4"}, {"firstvs": "5", "id": "64-05", "lastvs": "6"}, {"firstvs": "7", "id": "64-07", "lastvs": "9"}, {"firstvs": "10", "id": "64-10", "lastvs": "10"}, {"firstvs": "1", "id": "65-01", "lastvs": "3"}, {"firstvs": "4", "id": "65-04", "lastvs": "4"}, {"firstvs": "5", "id": "65-05", "lastvs": "5"}, {"firstvs": "6", "id": "65-06", "lastvs": "7"}, {"firstvs": "8", "id": "65-08", "lastvs": "9"}, {"firstvs": "10", "id": "65-10", "lastvs": "12"}, {"firstvs": "13", "id": "65-13", "lastvs": "13"}, {"firstvs": "1", "id": "66-01", "lastvs": "2"}, {"firstvs": "3", "id": "66-03", "lastvs": "4"}, {"firstvs": "5", "id": "66-05", "lastvs": "7"}, {"firstvs": "8", "id": "66-08", "lastvs": "9"}, {"firstvs": "10", "id": "66-10", "lastvs": "12"}, {"firstvs": "13", "id": "66-13", "lastvs": "15"}, {"firstvs": "16", "id": "66-16", "lastvs": "18"}, {"firstvs": "19", "id": "66-19", "lastvs": "20"}, {"firstvs": "1", "id": "67-01", "lastvs": "2"}, {"firstvs": "3", "id": "67-03", "lastvs": "4"}, {"firstvs": "5", "id": "67-05", "lastvs": "6"}, {"firstvs": "7", "id": "67-07", "lastvs": "7"}, {"firstvs": "1", "id": "68-01", "lastvs": "3"}, {"firstvs": "4", "id": "68-04", "lastvs": "6"}, {"firstvs": "7", "id": "68-07", "lastvs": "8"}, {"firstvs": "9", "id": "68-09", "lastvs": "10"}, {"firstvs": "11", "id": "68-11", "lastvs": "12"}, {"firstvs": "14", "id": "68-14", "lastvs": "16"}, {"firstvs": "17", "id": "68-17", "lastvs": "18"}, {"firstvs": "19", "id": "68-19", "lastvs": "21"}, {"firstvs": "22", "id": "68-22", "lastvs": "23"}, {"firstvs": "24", "id": "68-24", "lastvs": "25"}, {"firstvs": "26", "id": "68-26", "lastvs": "27"}, {"firstvs": "28", "id": "68-28", "lastvs": "29"}, {"firstvs": "30", "id": "68-30", "lastvs": "31"}, {"firstvs": "32", "id": "68-32", "lastvs": "33"}, {"firstvs": "34", "id": "68-34", "lastvs": "35"}, {"firstvs": "1", "id": "69-01", "lastvs": "2"}, {"firstvs": "3", "id": "69-03", "lastvs": "4"}, {"firstvs": "5", "id": "69-05", "lastvs": "6"}, {"firstvs": "7", "id": "69-07", "lastvs": "9"}, {"firstvs": "10", "id": "69-10", "lastvs": "12"}, {"firstvs": "13", "id": "69-13", "lastvs": "15"}, {"firstvs": "16", "id": "69-16", "lastvs": "17"}, {"firstvs": "18", "id": "69-18", "lastvs": "19"}, {"firstvs": "20", "id": "69-20", "lastvs": "21"}, {"firstvs": "22", "id": "69-22", "lastvs": "23"}, {"firstvs": "24", "id": "69-24", "lastvs": "25"}, {"firstvs": "26", "id": "69-26", "lastvs": "27"}, {"firstvs": "28", "id": "69-28", "lastvs": "29"}, {"firstvs": "30", "id": "69-30", "lastvs": "31"}, {"firstvs": "32", "id": "69-32", "lastvs": "33"}, {"firstvs": "34", "id": "69-34", "lastvs": "36"}, {"firstvs": "1", "id": "70-01", "lastvs": "3"}, {"firstvs": "4", "id": "70-04", "lastvs": "5"}, {"firstvs": "1", "id": "71-01", "lastvs": "3"}, {"firstvs": "4", "id": "71-04", "lastvs": "5"}, {"firstvs": "6", "id": "71-06", "lastvs": "7"}, {"firstvs": "8", "id": "71-08", "lastvs": "9"}, {"firstvs": "10", "id": "71-10", "lastvs": "11"}, {"firstvs": "12", "id": "71-12", "lastvs": "13"}, {"firstvs": "14", "id": "71-14", "lastvs": "16"}, {"firstvs": "17", "id": "71-17", "lastvs": "18"}, {"firstvs": "19", "id": "71-19", "lastvs": "20"}, {"firstvs": "21", "id": "71-21", "lastvs": "22"}, {"firstvs": "23", "id": "71-23", "lastvs": "24"}, {"firstvs": "1", "id": "72-01", "lastvs": "3"}, {"firstvs": "4", "id": "72-04", "lastvs": "5"}, {"firstvs": "6", "id": "72-06", "lastvs": "7"}, {"firstvs": "8", "id": "72-08", "lastvs": "10"}, {"firstvs": "11", "id": "72-11", "lastvs": "12"}, {"firstvs": "13", "id": "72-13", "lastvs": "14"}, {"firstvs": "15", "id": "72-15", "lastvs": "16"}, {"firstvs": "17", "id": "72-17", "lastvs": "17"}, {"firstvs": "18", "id": "72-18", "lastvs": "20"}, {"firstvs": "1", "id": "73-01", "lastvs": "3"}, {"firstvs": "4", "id": "73-04", "lastvs": "5"}, {"firstvs": "6", "id": "73-06", "lastvs": "7"}, {"firstvs": "8", "id": "73-08", "lastvs": "9"}, {"firstvs": "10", "id": "73-10", "lastvs": "12"}, {"firstvs": "13", "id": "73-13", "lastvs": "15"}, {"firstvs": "16", "id": "73-16", "lastvs": "17"}, {"firstvs": "18", "id": "73-18", "lastvs": "20"}, {"firstvs": "21", "id": "73-21", "lastvs": "22"}, {"firstvs": "23", "id": "73-23", "lastvs": "24"}, {"firstvs": "25", "id": "73-25", "lastvs": "26"}, {"firstvs": "27", "id": "73-27", "lastvs": "28"}, {"firstvs": "1", "id": "74-01", "lastvs": "2"}, {"firstvs": "3", "id": "74-03", "lastvs": "6"}, {"firstvs": "7", "id": "74-07", "lastvs": "8"}, {"firstvs": "9", "id": "74-09", "lastvs": "11"}, {"firstvs": "12", "id": "74-12", "lastvs": "13"}, {"firstvs": "14", "id": "74-14", "lastvs": "15"}, {"firstvs": "16", "id": "74-16", "lastvs": "17"}, {"firstvs": "18", "id": "74-18", "lastvs": "19"}, {"firstvs": "20", "id": "74-20", "lastvs": "21"}, {"firstvs": "22", "id": "74-22", "lastvs": "23"}, {"firstvs": "1", "id": "75-01", "lastvs": "3"}, {"firstvs": "4", "id": "75-04", "lastvs": "6"}, {"firstvs": "7", "id": "75-07", "lastvs": "8"}, {"firstvs": "9", "id": "75-09", "lastvs": "10"}, {"firstvs": "1", "id": "76-01", "lastvs": "3"}, {"firstvs": "4", "id": "76-04", "lastvs": "5"}, {"firstvs": "6", "id": "76-06", "lastvs": "7"}, {"firstvs": "8", "id": "76-08", "lastvs": "9"}, {"firstvs": "10", "id": "76-10", "lastvs": "10"}, {"firstvs": "11", "id": "76-11", "lastvs": "12"}, {"firstvs": "1", "id": "77-01", "lastvs": "1"}, {"firstvs": "2", "id": "77-02", "lastvs": "3"}, {"firstvs": "4", "id": "77-04", "lastvs": "5"}, {"firstvs": "6", "id": "77-06", "lastvs": "7"}, {"firstvs": "8", "id": "77-08", "lastvs": "9"}, {"firstvs": "10", "id": "77-10", "lastvs": "10"}, {"firstvs": "11", "id": "77-11", "lastvs": "12"}, {"firstvs": "13", "id": "77-13", "lastvs": "15"}, {"firstvs": "16", "id": "77-16", "lastvs": "17"}, {"firstvs": "18", "id": "77-18", "lastvs": "20"}, {"firstvs": "1", "id": "78-01", "lastvs": "2"}, {"firstvs": "3", "id": "78-03", "lastvs": "4"}, {"firstvs": "5", "id": "78-05", "lastvs": "6"}, {"firstvs": "7", "id": "78-07", "lastvs": "8"}, {"firstvs": "9", "id": "78-09", "lastvs": "11"}, {"firstvs": "12", "id": "78-12", "lastvs": "14"}, {"firstvs": "15", "id": "78-15", "lastvs": "16"}, {"firstvs": "17", "id": "78-17", "lastvs": "18"}, {"firstvs": "19", "id": "78-19", "lastvs": "20"}, {"firstvs": "21", "id": "78-21", "lastvs": "22"}, {"firstvs": "23", "id": "78-23", "lastvs": "25"}, {"firstvs": "26", "id": "78-26", "lastvs": "28"}, {"firstvs": "29", "id": "78-29", "lastvs": "30"}, {"firstvs": "31", "id": "78-31", "lastvs": "32"}, {"firstvs": "33", "id": "78-33", "lastvs": "34"}, {"firstvs": "35", "id": "78-35", "lastvs": "37"}, {"firstvs": "38", "id": "78-38", "lastvs": "38"}, {"firstvs": "39", "id": "78-39", "lastvs": "41"}, {"firstvs": "42", "id": "78-42", "lastvs": "43"}, {"firstvs": "44", "id": "78-44", "lastvs": "46"}, {"firstvs": "47", "id": "78-47", "lastvs": "49"}, {"firstvs": "50", "id": "78-50", "lastvs": "51"}, {"firstvs": "52", "id": "78-52", "lastvs": "53"}, {"firstvs": "54", "id": "78-54", "lastvs": "55"}, {"firstvs": "56", "id": "78-56", "lastvs": "57"}, {"firstvs": "58", "id": "78-58", "lastvs": "59"}, {"firstvs": "60", "id": "78-60", "lastvs": "61"}, {"firstvs": "62", "id": "78-62", "lastvs": "63"}, {"firstvs": "64", "id": "78-64", "lastvs": "66"}, {"firstvs": "67", "id": "78-67", "lastvs": "69"}, {"firstvs": "70", "id": "78-70", "lastvs": "72"}, {"firstvs": "1", "id": "79-01", "lastvs": "3"}, {"firstvs": "4", "id": "79-04", "lastvs": "5"}, {"firstvs": "6", "id": "79-06", "lastvs": "7"}, {"firstvs": "8", "id": "79-08", "lastvs": "9"}, {"firstvs": "10", "id": "79-10", "lastvs": "11"}, {"firstvs": "12", "id": "79-12", "lastvs": "13"}, {"firstvs": "1", "id": "80-01", "lastvs": "3"}, {"firstvs": "4", "id": "80-04", "lastvs": "6"}, {"firstvs": "7", "id": "80-07", "lastvs": "8"}, {"firstvs": "9", "id": "80-09", "lastvs": "11"}, {"firstvs": "12", "id": "80-12", "lastvs": "13"}, {"firstvs": "14", "id": "80-14", "lastvs": "16"}, {"firstvs": "17", "id": "80-17", "lastvs": "18"}, {"firstvs": "19", "id": "80-19", "lastvs": "19"}, {"firstvs": "1", "id": "81-01", "lastvs": "3"}, {"firstvs": "4", "id": "81-04", "lastvs": "5"}, {"firstvs": "6", "id": "81-06", "lastvs": "7"}, {"firstvs": "8", "id": "81-08", "lastvs": "10"}, {"firstvs": "11", "id": "81-11", "lastvs": "12"}, {"firstvs": "13", "id": "81-13", "lastvs": "14"}, {"firstvs": "15", "id": "81-15", "lastvs": "16"}, {"firstvs": "1", "id": "82-01", "lastvs": "2"}, {"firstvs": "3", "id": "82-03", "lastvs": "4"}, {"firstvs": "5", "id": "82-05", "lastvs": "5"}, {"firstvs": "6", "id": "82-06", "lastvs": "7"}, {"firstvs": "8", "id": "82-08", "lastvs": "8"}, {"firstvs": "1", "id": "83-01", "lastvs": "2"}, {"firstvs": "3", "id": "83-03", "lastvs": "5"}, {"firstvs": "6", "id": "83-06", "lastvs": "7"}, {"firstvs": "8", "id": "83-08", "lastvs": "8"}, {"firstvs": "9", "id": "83-09", "lastvs": "10"}, {"firstvs": "11", "id": "83-11", "lastvs": "12"}, {"firstvs": "13", "id": "83-13", "lastvs": "15"}, {"firstvs": "16", "id": "83-16", "lastvs": "17"}, {"firstvs": "18", "id": "83-18", "lastvs": "18"}, {"firstvs": "1", "id": "84-01", "lastvs": "2"}, {"firstvs": "3", "id": "84-03", "lastvs": "4"}, {"firstvs": "5", "id": "84-05", "lastvs": "6"}, {"firstvs": "7", "id": "84-07", "lastvs": "10"}, {"firstvs": "11", "id": "84-11", "lastvs": "12"}, {"firstvs": "1", "id": "85-01", "lastvs": "2"}, {"firstvs": "3", "id": "85-03", "lastvs": "5"}, {"firstvs": "6", "id": "85-06", "lastvs": "7"}, {"firstvs": "8", "id": "85-08", "lastvs": "9"}, {"firstvs": "10", "id": "85-10", "lastvs": "11"}, {"firstvs": "12", "id": "85-12", "lastvs": "13"}, {"firstvs": "1", "id": "86-01", "lastvs": "2"}, {"firstvs": "3", "id": "86-03", "lastvs": "4"}, {"firstvs": "5", "id": "86-05", "lastvs": "7"}, {"firstvs": "8", "id": "86-08", "lastvs": "9"}, {"firstvs": "10", "id": "86-10", "lastvs": "12"}, {"firstvs": "13", "id": "86-13", "lastvs": "14"}, {"firstvs": "15", "id": "86-15", "lastvs": "17"}, {"firstvs": "1", "id": "87-01", "lastvs": "3"}, {"firstvs": "4", "id": "87-04", "lastvs": "4"}, {"firstvs": "5", "id": "87-05", "lastvs": "6"}, {"firstvs": "7", "id": "87-07", "lastvs": "7"}, {"firstvs": "1", "id": "88-01", "lastvs": "2"}, {"firstvs": "3", "id": "88-03", "lastvs": "4"}, {"firstvs": "5", "id": "88-05", "lastvs": "6"}, {"firstvs": "7", "id": "88-07", "lastvs": "7"}, {"firstvs": "8", "id": "88-08", "lastvs": "8"}, {"firstvs": "9", "id": "88-09", "lastvs": "10"}, {"firstvs": "11", "id": "88-11", "lastvs": "12"}, {"firstvs": "13", "id": "88-13", "lastvs": "14"}, {"firstvs": "15", "id": "88-15", "lastvs": "16"}, {"firstvs": "17", "id": "88-17", "lastvs": "18"}, {"firstvs": "1", "id": "89-01", "lastvs": "2"}, {"firstvs": "3", "id": "89-03", "lastvs": "4"}, {"firstvs": "5", "id": "89-05", "lastvs": "6"}, {"firstvs": "7", "id": "89-07", "lastvs": "8"}, {"firstvs": "9", "id": "89-09", "lastvs": "10"}, {"firstvs": "11", "id": "89-11", "lastvs": "12"}, {"firstvs": "13", "id": "89-13", "lastvs": "14"}, {"firstvs": "15", "id": "89-15", "lastvs": "16"}, {"firstvs": "17", "id": "89-17", "lastvs": "18"}, {"firstvs": "19", "id": "89-19", "lastvs": "23"}, {"firstvs": "24", "id": "89-24", "lastvs": "26"}, {"firstvs": "27", "id": "89-27", "lastvs": "29"}, {"firstvs": "30", "id": "89-30", "lastvs": "32"}, {"firstvs": "33", "id": "89-33", "lastvs": "34"}, {"firstvs": "35", "id": "89-35", "lastvs": "37"}, {"firstvs": "38", "id": "89-38", "lastvs": "40"}, {"firstvs": "41", "id": "89-41", "lastvs": "43"}, {"firstvs": "44", "id": "89-44", "lastvs": "45"}, {"firstvs": "46", "id": "89-46", "lastvs": "48"}, {"firstvs": "49", "id": "89-49", "lastvs": "51"}, {"firstvs": "52", "id": "89-52", "lastvs": "52"}, {"firstvs": "1", "id": "90-01", "lastvs": "2"}, {"firstvs": "3", "id": "90-03", "lastvs": "4"}, {"firstvs": "5", "id": "90-05", "lastvs": "6"}, {"firstvs": "7", "id": "90-07", "lastvs": "8"}, {"firstvs": "9", "id": "90-09", "lastvs": "10"}, {"firstvs": "11", "id": "90-11", "lastvs": "13"}, {"firstvs": "14", "id": "90-14", "lastvs": "16"}, {"firstvs": "17", "id": "90-17", "lastvs": "17"}, {"firstvs": "1", "id": "91-01", "lastvs": "2"}, {"firstvs": "3", "id": "91-03", "lastvs": "4"}, {"firstvs": "5", "id": "91-05", "lastvs": "7"}, {"firstvs": "8", "id": "91-08", "lastvs": "9"}, {"firstvs": "10", "id": "91-10", "lastvs": "11"}, {"firstvs": "12", "id": "91-12", "lastvs": "13"}, {"firstvs": "14", "id": "91-14", "lastvs": "16"}, {"firstvs": "1", "id": "92-01", "lastvs": "3"}, {"firstvs": "4", "id": "92-04", "lastvs": "5"}, {"firstvs": "6", "id": "92-06", "lastvs": "7"}, {"firstvs": "8", "id": "92-08", "lastvs": "9"}, {"firstvs": "10", "id": "92-10", "lastvs": "11"}, {"firstvs": "12", "id": "92-12", "lastvs": "13"}, {"firstvs": "14", "id": "92-14", "lastvs": "15"}, {"firstvs": "1", "id": "93-01", "lastvs": "2"}, {"firstvs": "3", "id": "93-03", "lastvs": "4"}, {"firstvs": "5", "id": "93-05", "lastvs": "5"}, {"firstvs": "1", "id": "94-01", "lastvs": "2"}, {"firstvs": "3", "id": "94-03", "lastvs": "4"}, {"firstvs": "5", "id": "94-05", "lastvs": "7"}, {"firstvs": "8", "id": "94-08", "lastvs": "9"}, {"firstvs": "10", "id": "94-10", "lastvs": "11"}, {"firstvs": "12", "id": "94-12", "lastvs": "13"}, {"firstvs": "14", "id": "94-14", "lastvs": "16"}, {"firstvs": "17", "id": "94-17", "lastvs": "19"}, {"firstvs": "20", "id": "94-20", "lastvs": "21"}, {"firstvs": "22", "id": "94-22", "lastvs": "23"}, {"firstvs": "1", "id": "95-01", "lastvs": "3"}, {"firstvs": "4", "id": "95-04", "lastvs": "5"}, {"firstvs": "6", "id": "95-06", "lastvs": "7"}, {"firstvs": "8", "id": "95-08", "lastvs": "9"}, {"firstvs": "10", "id": "95-10", "lastvs": "11"}, {"firstvs": "1", "id": "96-01", "lastvs": "2"}, {"firstvs": "3", "id": "96-03", "lastvs": "4"}, {"firstvs": "5", "id": "96-05", "lastvs": "6"}, {"firstvs": "7", "id": "96-07", "lastvs": "8"}, {"firstvs": "9", "id": "96-09", "lastvs": "10"}, {"firstvs": "11", "id": "96-11", "lastvs": "13"}, {"firstvs": "1", "id": "97-01", "lastvs": "2"}, {"firstvs": "3", "id": "97-03", "lastvs": "5"}, {"firstvs": "6", "id": "97-06", "lastvs": "8"}, {"firstvs": "9", "id": "97-09", "lastvs": "11"}, {"firstvs": "12", "id": "97-12", "lastvs": "12"}, {"firstvs": "1", "id": "98-01", "lastvs": "2"}, {"firstvs": "3", "id": "98-03", "lastvs": "4"}, {"firstvs": "5", "id": "98-05", "lastvs": "6"}, {"firstvs": "7", "id": "98-07", "lastvs": "9"}, {"firstvs": "1", "id": "99-01", "lastvs": "3"}, {"firstvs": "4", "id": "99-04", "lastvs": "5"}, {"firstvs": "6", "id": "99-06", "lastvs": "7"}, {"firstvs": "8", "id": "99-08", "lastvs": "9"}, {"firstvs": "1", "id": "100-01", "lastvs": "2"}, {"firstvs": "3", "id": "100-03", "lastvs": "3"}, {"firstvs": "4", "id": "100-04", "lastvs": "5"}, {"firstvs": "1", "id": "101-01", "lastvs": "1"}, {"firstvs": "2", "id": "101-02", "lastvs": "3"}, {"firstvs": "4", "id": "101-04", "lastvs": "6"}, {"firstvs": "7", "id": "101-07", "lastvs": "8"}, {"firstvs": "1", "id": "102-01", "lastvs": "2"}, {"firstvs": "3", "id": "102-03", "lastvs": "4"}, {"firstvs": "5", "id": "102-05", "lastvs": "6"}, {"firstvs": "7", "id": "102-07", "lastvs": "8"}, {"firstvs": "9", "id": "102-09", "lastvs": "10"}, {"firstvs": "11", "id": "102-11", "lastvs": "12"}, {"firstvs": "13", "id": "102-13", "lastvs": "16"}, {"firstvs": "17", "id": "102-17", "lastvs": "18"}, {"firstvs": "19", "id": "102-19", "lastvs": "20"}, {"firstvs": "21", "id": "102-21", "lastvs": "22"}, {"firstvs": "23", "id": "102-23", "lastvs": "24"}, {"firstvs": "25", "id": "102-25", "lastvs": "27"}, {"firstvs": "28", "id": "102-28", "lastvs": "28"}, {"firstvs": "1", "id": "103-01", "lastvs": "2"}, {"firstvs": "3", "id": "103-03", "lastvs": "5"}, {"firstvs": "6", "id": "103-06", "lastvs": "8"}, {"firstvs": "9", "id": "103-09", "lastvs": "10"}, {"firstvs": "11", "id": "103-11", "lastvs": "13"}, {"firstvs": "14", "id": "103-14", "lastvs": "16"}, {"firstvs": "17", "id": "103-17", "lastvs": "19"}, {"firstvs": "20", "id": "103-20", "lastvs": "22"}, {"firstvs": "1", "id": "104-01", "lastvs": "3"}, {"firstvs": "4", "id": "104-04", "lastvs": "5"}, {"firstvs": "6", "id": "104-06", "lastvs": "7"}, {"firstvs": "8", "id": "104-08", "lastvs": "9"}, {"firstvs": "10", "id": "104-10", "lastvs": "12"}, {"firstvs": "13", "id": "104-13", "lastvs": "15"}, {"firstvs": "16", "id": "104-16", "lastvs": "18"}, {"firstvs": "19", "id": "104-19", "lastvs": "20"}, {"firstvs": "21", "id": "104-21", "lastvs": "22"}, {"firstvs": "23", "id": "104-23", "lastvs": "24"}, {"firstvs": "25", "id": "104-25", "lastvs": "26"}, {"firstvs": "27", "id": "104-27", "lastvs": "28"}, {"firstvs": "29", "id": "104-29", "lastvs": "30"}, {"firstvs": "31", "id": "104-31", "lastvs": "32"}, {"firstvs": "33", "id": "104-33", "lastvs": "34"}, {"firstvs": "35", "id": "104-35", "lastvs": "35"}, {"firstvs": "1", "id": "105-01", "lastvs": "3"}, {"firstvs": "4", "id": "105-04", "lastvs": "6"}, {"firstvs": "7", "id": "105-07", "lastvs": "8"}, {"firstvs": "9", "id": "105-09", "lastvs": "11"}, {"firstvs": "12", "id": "105-12", "lastvs": "13"}, {"firstvs": "14", "id": "105-14", "lastvs": "15"}, {"firstvs": "16", "id": "105-16", "lastvs": "17"}, {"firstvs": "18", "id": "105-18", "lastvs": "19"}, {"firstvs": "20", "id": "105-20", "lastvs": "23"}, {"firstvs": "24", "id": "105-24", "lastvs": "27"}, {"firstvs": "28", "id": "105-28", "lastvs": "30"}, {"firstvs": "31", "id": "105-31", "lastvs": "33"}, {"firstvs": "34", "id": "105-34", "lastvs": "36"}, {"firstvs": "37", "id": "105-37", "lastvs": "39"}, {"firstvs": "40", "id": "105-40", "lastvs": "42"}, {"firstvs": "43", "id": "105-43", "lastvs": "45"}, {"firstvs": "1", "id": "106-01", "lastvs": "2"}, {"firstvs": "3", "id": "106-03", "lastvs": "5"}, {"firstvs": "6", "id": "106-06", "lastvs": "7"}, {"firstvs": "8", "id": "106-08", "lastvs": "9"}, {"firstvs": "10", "id": "106-10", "lastvs": "12"}, {"firstvs": "13", "id": "106-13", "lastvs": "15"}, {"firstvs": "16", "id": "106-16", "lastvs": "18"}, {"firstvs": "19", "id": "106-19", "lastvs": "21"}, {"firstvs": "22", "id": "106-22", "lastvs": "23"}, {"firstvs": "24", "id": "106-24", "lastvs": "25"}, {"firstvs": "26", "id": "106-26", "lastvs": "27"}, {"firstvs": "28", "id": "106-28", "lastvs": "29"}, {"firstvs": "30", "id": "106-30", "lastvs": "31"}, {"firstvs": "32", "id": "106-32", "lastvs": "36"}, {"firstvs": "37", "id": "106-37", "lastvs": "39"}, {"firstvs": "40", "id": "106-40", "lastvs": "41"}, {"firstvs": "42", "id": "106-42", "lastvs": "43"}, {"firstvs": "44", "id": "106-44", "lastvs": "46"}, {"firstvs": "47", "id": "106-47", "lastvs": "48"}, {"firstvs": "1", "id": "107-01", "lastvs": "3"}, {"firstvs": "4", "id": "107-04", "lastvs": "7"}, {"firstvs": "8", "id": "107-08", "lastvs": "10"}, {"firstvs": "11", "id": "107-11", "lastvs": "13"}, {"firstvs": "14", "id": "107-14", "lastvs": "16"}, {"firstvs": "17", "id": "107-17", "lastvs": "19"}, {"firstvs": "20", "id": "107-20", "lastvs": "22"}, {"firstvs": "23", "id": "107-23", "lastvs": "24"}, {"firstvs": "25", "id": "107-25", "lastvs": "27"}, {"firstvs": "28", "id": "107-28", "lastvs": "30"}, {"firstvs": "31", "id": "107-31", "lastvs": "32"}, {"firstvs": "33", "id": "107-33", "lastvs": "35"}, {"firstvs": "36", "id": "107-36", "lastvs": "38"}, {"firstvs": "39", "id": "107-39", "lastvs": "40"}, {"firstvs": "41", "id": "107-41", "lastvs": "43"}, {"firstvs": "1", "id": "108-01", "lastvs": "2"}, {"firstvs": "3", "id": "108-03", "lastvs": "4"}, {"firstvs": "5", "id": "108-05", "lastvs": "6"}, {"firstvs": "7", "id": "108-07", "lastvs": "8"}, {"firstvs": "9", "id": "108-09", "lastvs": "10"}, {"firstvs": "11", "id": "108-11", "lastvs": "13"}, {"firstvs": "1", "id": "109-01", "lastvs": "3"}, {"firstvs": "4", "id": "109-04", "lastvs": "5"}, {"firstvs": "6", "id": "109-06", "lastvs": "7"}, {"firstvs": "8", "id": "109-08", "lastvs": "10"}, {"firstvs": "11", "id": "109-11", "lastvs": "13"}, {"firstvs": "14", "id": "109-14", "lastvs": "16"}, {"firstvs": "17", "id": "109-17", "lastvs": "18"}, {"firstvs": "19", "id": "109-19", "lastvs": "20"}, {"firstvs": "21", "id": "109-21", "lastvs": "23"}, {"firstvs": "24", "id": "109-24", "lastvs": "25"}, {"firstvs": "26", "id": "109-26", "lastvs": "27"}, {"firstvs": "28", "id": "109-28", "lastvs": "29"}, {"firstvs": "30", "id": "109-30", "lastvs": "31"}, {"firstvs": "1", "id": "110-01", "lastvs": "1"}, {"firstvs": "2", "id": "110-02", "lastvs": "3"}, {"firstvs": "4", "id": "110-04", "lastvs": "4"}, {"firstvs": "5", "id": "110-05", "lastvs": "6"}, {"firstvs": "7", "id": "110-07", "lastvs": "7"}, {"firstvs": "1", "id": "111-01", "lastvs": "3"}, {"firstvs": "4", "id": "111-04", "lastvs": "6"}, {"firstvs": "7", "id": "111-07", "lastvs": "9"}, {"firstvs": "10", "id": "111-10", "lastvs": "10"}, {"firstvs": "1", "id": "112-01", "lastvs": "2"}, {"firstvs": "3", "id": "112-03", "lastvs": "5"}, {"firstvs": "6", "id": "112-06", "lastvs": "7"}, {"firstvs": "8", "id": "112-08", "lastvs": "9"}, {"firstvs": "10", "id": "112-10", "lastvs": "10"}, {"firstvs": "1", "id": "113-01", "lastvs": "2"}, {"firstvs": "3", "id": "113-03", "lastvs": "4"}, {"firstvs": "5", "id": "113-05", "lastvs": "6"}, {"firstvs": "7", "id": "113-07", "lastvs": "8"}, {"firstvs": "9", "id": "113-09", "lastvs": "9"}, {"firstvs": "1", "id": "114-01", "lastvs": "2"}, {"firstvs": "3", "id": "114-03", "lastvs": "4"}, {"firstvs": "5", "id": "114-05", "lastvs": "7"}, {"firstvs": "8", "id": "114-08", "lastvs": "8"}, {"firstvs": "1", "id": "115-01", "lastvs": "2"}, {"firstvs": "3", "id": "115-03", "lastvs": "4"}, {"firstvs": "5", "id": "115-05", "lastvs": "6"}, {"firstvs": "7", "id": "115-07", "lastvs": "8"}, {"firstvs": "9", "id": "115-09", "lastvs": "11"}, {"firstvs": "12", "id": "115-12", "lastvs": "14"}, {"firstvs": "15", "id": "115-15", "lastvs": "16"}, {"firstvs": "17", "id": "115-17", "lastvs": "18"}, {"firstvs": "1", "id": "116-01", "lastvs": "2"}, {"firstvs": "3", "id": "116-03", "lastvs": "4"}, {"firstvs": "5", "id": "116-05", "lastvs": "6"}, {"firstvs": "7", "id": "116-07", "lastvs": "8"}, {"firstvs": "9", "id": "116-09", "lastvs": "11"}, {"firstvs": "12", "id": "116-12", "lastvs": "15"}, {"firstvs": "16", "id": "116-16", "lastvs": "17"}, {"firstvs": "18", "id": "116-18", "lastvs": "19"}, {"firstvs": "1", "id": "117-01", "lastvs": "2"}, {"firstvs": "1", "id": "118-01", "lastvs": "2"}, {"firstvs": "3", "id": "118-03", "lastvs": "4"}, {"firstvs": "5", "id": "118-05", "lastvs": "7"}, {"firstvs": "8", "id": "118-08", "lastvs": "9"}, {"firstvs": "10", "id": "118-10", "lastvs": "12"}, {"firstvs": "13", "id": "118-13", "lastvs": "14"}, {"firstvs": "15", "id": "118-15", "lastvs": "16"}, {"firstvs": "17", "id": "118-17", "lastvs": "18"}, {"firstvs": "19", "id": "118-19", "lastvs": "21"}, {"firstvs": "22", "id": "118-22", "lastvs": "23"}, {"firstvs": "24", "id": "118-24", "lastvs": "25"}, {"firstvs": "26", "id": "118-26", "lastvs": "28"}, {"firstvs": "29", "id": "118-29", "lastvs": "29"}, {"firstvs": "1", "id": "119-01", "lastvs": "2"}, {"firstvs": "3", "id": "119-03", "lastvs": "4"}, {"firstvs": "5", "id": "119-05", "lastvs": "6"}, {"firstvs": "7", "id": "119-07", "lastvs": "8"}, {"firstvs": "9", "id": "119-09", "lastvs": "10"}, {"firstvs": "11", "id": "119-11", "lastvs": "12"}, {"firstvs": "13", "id": "119-13", "lastvs": "14"}, {"firstvs": "15", "id": "119-15", "lastvs": "16"}, {"firstvs": "17", "id": "119-17", "lastvs": "18"}, {"firstvs": "19", "id": "119-19", "lastvs": "20"}, {"firstvs": "21", "id": "119-21", "lastvs": "22"}, {"firstvs": "23", "id": "119-23", "lastvs": "24"}, {"firstvs": "25", "id": "119-25", "lastvs": "26"}, {"firstvs": "27", "id": "119-27", "lastvs": "28"}, {"firstvs": "29", "id": "119-29", "lastvs": "30"}, {"firstvs": "31", "id": "119-31", "lastvs": "32"}, {"firstvs": "33", "id": "119-33", "lastvs": "34"}, {"firstvs": "35", "id": "119-35", "lastvs": "36"}, {"firstvs": "37", "id": "119-37", "lastvs": "38"}, {"firstvs": "39", "id": "119-39", "lastvs": "40"}, {"firstvs": "41", "id": "119-41", "lastvs": "42"}, {"firstvs": "43", "id": "119-43", "lastvs": "44"}, {"firstvs": "45", "id": "119-45", "lastvs": "46"}, {"firstvs": "47", "id": "119-47", "lastvs": "48"}, {"firstvs": "49", "id": "119-49", "lastvs": "50"}, {"firstvs": "51", "id": "119-51", "lastvs": "52"}, {"firstvs": "53", "id": "119-53", "lastvs": "54"}, {"firstvs": "55", "id": "119-55", "lastvs": "56"}, {"firstvs": "57", "id": "119-57", "lastvs": "58"}, {"firstvs": "59", "id": "119-59", "lastvs": "60"}, {"firstvs": "61", "id": "119-61", "lastvs": "62"}, {"firstvs": "63", "id": "119-63", "lastvs": "64"}, {"firstvs": "65", "id": "119-65", "lastvs": "66"}, {"firstvs": "67", "id": "119-67", "lastvs": "68"}, {"firstvs": "69", "id": "119-69", "lastvs": "70"}, {"firstvs": "71", "id": "119-71", "lastvs": "72"}, {"firstvs": "73", "id": "119-73", "lastvs": "74"}, {"firstvs": "75", "id": "119-75", "lastvs": "76"}, {"firstvs": "77", "id": "119-77", "lastvs": "78"}, {"firstvs": "79", "id": "119-79", "lastvs": "80"}, {"firstvs": "81", "id": "119-81", "lastvs": "82"}, {"firstvs": "83", "id": "119-83", "lastvs": "84"}, {"firstvs": "85", "id": "119-85", "lastvs": "86"}, {"firstvs": "87", "id": "119-87", "lastvs": "88"}, {"firstvs": "89", "id": "119-89", "lastvs": "90"}, {"firstvs": "91", "id": "119-91", "lastvs": "92"}, {"firstvs": "93", "id": "119-93", "lastvs": "94"}, {"firstvs": "95", "id": "119-95", "lastvs": "96"}, {"firstvs": "97", "id": "119-97", "lastvs": "98"}, {"firstvs": "99", "id": "119-99", "lastvs": "100"}, {"firstvs": "101", "id": "119-101", "lastvs": "102"}, {"firstvs": "103", "id": "119-103", "lastvs": "104"}, {"firstvs": "105", "id": "119-105", "lastvs": "106"}, {"firstvs": "107", "id": "119-107", "lastvs": "108"}, {"firstvs": "109", "id": "119-109", "lastvs": "110"}, {"firstvs": "111", "id": "119-111", "lastvs": "112"}, {"firstvs": "113", "id": "119-113", "lastvs": "114"}, {"firstvs": "115", "id": "119-115", "lastvs": "116"}, {"firstvs": "117", "id": "119-117", "lastvs": "118"}, {"firstvs": "119", "id": "119-119", "lastvs": "120"}, {"firstvs": "121", "id": "119-121", "lastvs": "122"}, {"firstvs": "123", "id": "119-123", "lastvs": "124"}, {"firstvs": "125", "id": "119-125", "lastvs": "126"}, {"firstvs": "127", "id": "119-127", "lastvs": "128"}, {"firstvs": "129", "id": "119-129", "lastvs": "130"}, {"firstvs": "131", "id": "119-131", "lastvs": "132"}, {"firstvs": "133", "id": "119-133", "lastvs": "134"}, {"firstvs": "135", "id": "119-135", "lastvs": "136"}, {"firstvs": "137", "id": "119-137", "lastvs": "138"}, {"firstvs": "139", "id": "119-139", "lastvs": "140"}, {"firstvs": "141", "id": "119-141", "lastvs": "142"}, {"firstvs": "143", "id": "119-143", "lastvs": "144"}, {"firstvs": "145", "id": "119-145", "lastvs": "146"}, {"firstvs": "147", "id": "119-147", "lastvs": "148"}, {"firstvs": "149", "id": "119-149", "lastvs": "150"}, {"firstvs": "151", "id": "119-151", "lastvs": "152"}, {"firstvs": "153", "id": "119-153", "lastvs": "154"}, {"firstvs": "155", "id": "119-155", "lastvs": "156"}, {"firstvs": "157", "id": "119-157", "lastvs": "158"}, {"firstvs": "159", "id": "119-159", "lastvs": "160"}, {"firstvs": "161", "id": "119-161", "lastvs": "162"}, {"firstvs": "163", "id": "119-163", "lastvs": "164"}, {"firstvs": "165", "id": "119-165", "lastvs": "166"}, {"firstvs": "167", "id": "119-167", "lastvs": "168"}, {"firstvs": "169", "id": "119-169", "lastvs": "170"}, {"firstvs": "171", "id": "119-171", "lastvs": "172"}, {"firstvs": "173", "id": "119-173", "lastvs": "174"}, {"firstvs": "175", "id": "119-175", "lastvs": "176"}, {"firstvs": "1", "id": "120-01", "lastvs": "2"}, {"firstvs": "3", "id": "120-03", "lastvs": "4"}, {"firstvs": "5", "id": "120-05", "lastvs": "7"}, {"firstvs": "1", "id": "121-01", "lastvs": "2"}, {"firstvs": "3", "id": "121-03", "lastvs": "4"}, {"firstvs": "5", "id": "121-05", "lastvs": "6"}, {"firstvs": "7", "id": "121-07", "lastvs": "8"}, {"firstvs": "1", "id": "122-01", "lastvs": "3"}, {"firstvs": "4", "id": "122-04", "lastvs": "5"}, {"firstvs": "6", "id": "122-06", "lastvs": "7"}, {"firstvs": "8", "id": "122-08", "lastvs": "9"}, {"firstvs": "1", "id": "123-01", "lastvs": "2"}, {"firstvs": "3", "id": "123-03", "lastvs": "4"}, {"firstvs": "1", "id": "124-01", "lastvs": "3"}, {"firstvs": "4", "id": "124-04", "lastvs": "5"}, {"firstvs": "6", "id": "124-06", "lastvs": "7"}, {"firstvs": "8", "id": "124-08", "lastvs": "8"}, {"firstvs": "1", "id": "125-01", "lastvs": "3"}, {"firstvs": "4", "id": "125-04", "lastvs": "5"}, {"firstvs": "1", "id": "126-01", "lastvs": "1"}, {"firstvs": "2", "id": "126-02", "lastvs": "3"}, {"firstvs": "4", "id": "126-04", "lastvs": "6"}, {"firstvs": "1", "id": "127-01", "lastvs": "2"}, {"firstvs": "3", "id": "127-03", "lastvs": "5"}, {"firstvs": "1", "id": "128-01", "lastvs": "2"}, {"firstvs": "3", "id": "128-03", "lastvs": "6"}, {"firstvs": "1", "id": "129-01", "lastvs": "3"}, {"firstvs": "4", "id": "129-04", "lastvs": "5"}, {"firstvs": "6", "id": "129-06", "lastvs": "8"}, {"firstvs": "1", "id": "130-01", "lastvs": "2"}, {"firstvs": "3", "id": "130-03", "lastvs": "4"}, {"firstvs": "5", "id": "130-05", "lastvs": "6"}, {"firstvs": "7", "id": "130-07", "lastvs": "8"}, {"firstvs": "1", "id": "131-01", "lastvs": "1"}, {"firstvs": "2", "id": "131-02", "lastvs": "3"}, {"firstvs": "1", "id": "132-01", "lastvs": "2"}, {"firstvs": "3", "id": "132-03", "lastvs": "5"}, {"firstvs": "6", "id": "132-06", "lastvs": "8"}, {"firstvs": "9", "id": "132-09", "lastvs": "10"}, {"firstvs": "11", "id": "132-11", "lastvs": "12"}, {"firstvs": "13", "id": "132-13", "lastvs": "14"}, {"firstvs": "15", "id": "132-15", "lastvs": "16"}, {"firstvs": "17", "id": "132-17", "lastvs": "18"}, {"firstvs": "1", "id": "133-01", "lastvs": "1"}, {"firstvs": "2", "id": "133-02", "lastvs": "3"}, {"firstvs": "1", "id": "134-01", "lastvs": "2"}, {"firstvs": "3", "id": "134-03", "lastvs": "3"}, {"firstvs": "1", "id": "135-01", "lastvs": "2"}, {"firstvs": "3", "id": "135-03", "lastvs": "4"}, {"firstvs": "5", "id": "135-05", "lastvs": "6"}, {"firstvs": "7", "id": "135-07", "lastvs": "7"}, {"firstvs": "8", "id": "135-08", "lastvs": "9"}, {"firstvs": "10", "id": "135-10", "lastvs": "11"}, {"firstvs": "12", "id": "135-12", "lastvs": "13"}, {"firstvs": "14", "id": "135-14", "lastvs": "18"}, {"firstvs": "19", "id": "135-19", "lastvs": "21"}, {"firstvs": "1", "id": "136-01", "lastvs": "3"}, {"firstvs": "4", "id": "136-04", "lastvs": "5"}, {"firstvs": "6", "id": "136-06", "lastvs": "7"}, {"firstvs": "8", "id": "136-08", "lastvs": "9"}, {"firstvs": "10", "id": "136-10", "lastvs": "12"}, {"firstvs": "13", "id": "136-13", "lastvs": "15"}, {"firstvs": "16", "id": "136-16", "lastvs": "17"}, {"firstvs": "18", "id": "136-18", "lastvs": "20"}, {"firstvs": "21", "id": "136-21", "lastvs": "23"}, {"firstvs": "24", "id": "136-24", "lastvs": "26"}, {"firstvs": "1", "id": "137-01", "lastvs": "2"}, {"firstvs": "3", "id": "137-03", "lastvs": "4"}, {"firstvs": "5", "id": "137-05", "lastvs": "6"}, {"firstvs": "7", "id": "137-07", "lastvs": "7"}, {"firstvs": "8", "id": "137-08", "lastvs": "9"}, {"firstvs": "1", "id": "138-01", "lastvs": "2"}, {"firstvs": "3", "id": "138-03", "lastvs": "4"}, {"firstvs": "5", "id": "138-05", "lastvs": "6"}, {"firstvs": "7", "id": "138-07", "lastvs": "8"}, {"firstvs": "1", "id": "139-01", "lastvs": "2"}, {"firstvs": "3", "id": "139-03", "lastvs": "6"}, {"firstvs": "7", "id": "139-07", "lastvs": "8"}, {"firstvs": "9", "id": "139-09", "lastvs": "10"}, {"firstvs": "11", "id": "139-11", "lastvs": "12"}, {"firstvs": "13", "id": "139-13", "lastvs": "14"}, {"firstvs": "15", "id": "139-15", "lastvs": "16"}, {"firstvs": "17", "id": "139-17", "lastvs": "18"}, {"firstvs": "19", "id": "139-19", "lastvs": "20"}, {"firstvs": "21", "id": "139-21", "lastvs": "22"}, {"firstvs": "23", "id": "139-23", "lastvs": "24"}, {"firstvs": "1", "id": "140-01", "lastvs": "3"}, {"firstvs": "4", "id": "140-04", "lastvs": "5"}, {"firstvs": "6", "id": "140-06", "lastvs": "8"}, {"firstvs": "9", "id": "140-09", "lastvs": "11"}, {"firstvs": "12", "id": "140-12", "lastvs": "13"}, {"firstvs": "1", "id": "141-01", "lastvs": "2"}, {"firstvs": "3", "id": "141-03", "lastvs": "4"}, {"firstvs": "5", "id": "141-05", "lastvs": "7"}, {"firstvs": "8", "id": "141-08", "lastvs": "10"}, {"firstvs": "1", "id": "142-01", "lastvs": "2"}, {"firstvs": "3", "id": "142-03", "lastvs": "5"}, {"firstvs": "6", "id": "142-06", "lastvs": "7"}, {"firstvs": "1", "id": "143-01", "lastvs": "2"}, {"firstvs": "3", "id": "143-03", "lastvs": "4"}, {"firstvs": "5", "id": "143-05", "lastvs": "6"}, {"firstvs": "7", "id": "143-07", "lastvs": "8"}, {"firstvs": "9", "id": "143-09", "lastvs": "10"}, {"firstvs": "11", "id": "143-11", "lastvs": "12"}, {"firstvs": "1", "id": "144-01", "lastvs": "2"}, {"firstvs": "3", "id": "144-03", "lastvs": "4"}, {"firstvs": "5", "id": "144-05", "lastvs": "6"}, {"firstvs": "7", "id": "144-07", "lastvs": "8"}, {"firstvs": "9", "id": "144-09", "lastvs": "11"}, {"firstvs": "12", "id": "144-12", "lastvs": "13"}, {"firstvs": "14", "id": "144-14", "lastvs": "15"}, {"firstvs": "1", "id": "145-01", "lastvs": "3"}, {"firstvs": "4", "id": "145-04", "lastvs": "5"}, {"firstvs": "6", "id": "145-06", "lastvs": "7"}, {"firstvs": "8", "id": "145-08", "lastvs": "9"}, {"firstvs": "10", "id": "145-10", "lastvs": "12"}, {"firstvs": "13", "id": "145-13", "lastvs": "13"}, {"firstvs": "14", "id": "145-14", "lastvs": "16"}, {"firstvs": "17", "id": "145-17", "lastvs": "19"}, {"firstvs": "20", "id": "145-20", "lastvs": "21"}, {"firstvs": "1", "id": "146-01", "lastvs": "2"}, {"firstvs": "3", "id": "146-03", "lastvs": "4"}, {"firstvs": "5", "id": "146-05", "lastvs": "6"}, {"firstvs": "7", "id": "146-07", "lastvs": "8"}, {"firstvs": "9", "id": "146-09", "lastvs": "10"}, {"firstvs": "1", "id": "147-01", "lastvs": "1"}, {"firstvs": "2", "id": "147-02", "lastvs": "3"}, {"firstvs": "4", "id": "147-04", "lastvs": "5"}, {"firstvs": "6", "id": "147-06", "lastvs": "7"}, {"firstvs": "8", "id": "147-08", "lastvs": "9"}, {"firstvs": "10", "id": "147-10", "lastvs": "11"}, {"firstvs": "12", "id": "147-12", "lastvs": "14"}, {"firstvs": "15", "id": "147-15", "lastvs": "16"}, {"firstvs": "17", "id": "147-17", "lastvs": "18"}, {"firstvs": "19", "id": "147-19", "lastvs": "20"}, {"firstvs": "1", "id": "148-01", "lastvs": "2"}, {"firstvs": "3", "id": "148-03", "lastvs": "4"}, {"firstvs": "5", "id": "148-05", "lastvs": "6"}, {"firstvs": "7", "id": "148-07", "lastvs": "8"}, {"firstvs": "9", "id": "148-09", "lastvs": "10"}, {"firstvs": "11", "id": "148-11", "lastvs": "12"}, {"firstvs": "13", "id": "148-13", "lastvs": "14"}, {"firstvs": "1", "id": "149-01", "lastvs": "1"}, {"firstvs": "2", "id": "149-02", "lastvs": "3"}, {"firstvs": "4", "id": "149-04", "lastvs": "5"}, {"firstvs": "6", "id": "149-06", "lastvs": "7"}, {"firstvs": "8", "id": "149-08", "lastvs": "9"}, {"firstvs": "1", "id": "150-01", "lastvs": "2"}, {"firstvs": "3", "id": "150-03", "lastvs": "5"}, {"firstvs": "6", "id": "150-00", "lastvs": "6"}]