[{"id": "01", "tn": [{"ref": "Zibiah", "text": "(See: [[:en:ta:vol1:translate:translate_names]])"}, {"ref": "what was right in the eyes of Yahweh", "text": "See how you translated this in [[:en:bible:notes:2ch:14:01|14:1]]"}, {"ref": "all the days of Jehoiada, the priest", "text": "AT: \"as long as Jehoiada was alive\" (See: [[:en:ta:vol1:translate:figs_idiom]])"}]}, {"id": "04", "tn": [{"ref": "right away", "text": "AT: \"immediately\""}]}, {"id": "06", "tn": [{"ref": "Why have you not required the Levites ... covenant decrees?", "text": "\"You have behaved wickedly. I told you to require the Levites ... covenant decrees, but you have not done it.\" (See: [[:en:ta:vol1:translate:figs_rquestion]])"}, {"ref": "for the tent of the covenant decrees", "text": "Although it refers to the temple that Solomon built, it is a reminder that the \"tent of meeting\" was the first holy place for the people of God."}, {"ref": "holy things", "text": "This refers to the items used in the temple."}]}, {"id": "11", "tn": [{"ref": "stonemasons and carpenters", "text": "AT: \"those who built with stone and those who built with wood\""}, {"ref": "worked in iron and bronze", "text": "AT: \"those who worked with metal\""}]}, {"id": "13", "tn": [{"ref": "went forward in their hands", "text": "AT: \"they did with their hands\""}, {"ref": "continually for all the days of Jehoiada", "text": "AT: \"everyday during the life of Jehoiada\" (See: [[:en:ta:vol2:translate:figs_hyperbole]])"}]}, {"id": "17", "tn": [{"ref": "did honor to the king", "text": "AT: \"gave honor to the king\""}, {"ref": "this wrongdoing of theirs", "text": "AT: \"their sin\""}]}, {"id": "20", "tn": [{"ref": "ignored the kindness that Jehoiada, Zechariah's father, had done to him.", "text": "Joash did not pay attention or remember the great kindness of Jehoiada, Zechariah's father."}, {"ref": "call you to account", "text": "AT: \"you will pay for the wrong you have done\""}]}, {"id": "25", "tn": [{"ref": "Zabad son of Shimeath, the Ammonitess; and Jehozabad son of Shimrith, the Moabitess", "text": "(See: [[:en:ta:vol1:translate:translate_names]])"}]}, {"id": "27", "tn": [{"ref": "The Commentary on the Book of the Kings", "text": "This is a book which no longer exists."}]}]