[{"id": "01", "tn": [{"ref": "Nahash", "text": "This is a man from Ammon, a descendent of Lot, Abraham's nephew. (See: [[:en:ta:vol1:translate:translate_names]])"}, {"ref": "Jabesh Gilead", "text": "This is the name of a place. (See: [[:en:ta:vol1:translate:translate_names]])"}, {"ref": "I gouge out", "text": "\"I cut out\" or \"I pluck out\""}, {"ref": "bring disgrace on", "text": "\"bring shame on\" or \"bring a bad reputation to\""}]}, {"id": "03", "tn": [{"ref": "seven days", "text": "\"7 days\" (See: [[:en:ta:vol2:translate:translate_numbers]])"}]}, {"id": "04", "tn": [{"ref": "Gibeah", "text": "This is the name of a place. (See: [[:en:ta:vol1:translate:translate_names]])"}]}, {"id": "06", "tn": [{"ref": "the Spirit of God rushed upon him", "text": "The phrase \"rushed upon\" means Yahweh's Spirit influenced Saul. In this case he enabled Saul to cause the people to fearfully respect him as their king and to join his army. See how you translated a similar phrase in [[:en:bible:notes:1sa:10:05|10:6]]."}, {"ref": "does not come out after", "text": "Saul was calling all the men of Israel to come fight against Nahash and the Ammonites."}, {"ref": "Then the terror of Yahweh fell on the people", "text": "Yahweh enabled people to fearfully respect Saul as their king. The result was that the men rallied together with Saul at Bezek."}, {"ref": "Bezek", "text": "This is the name of a town near Jabesh Gilead. (See: [[:en:ta:vol1:translate:translate_names]])"}, {"ref": "the people of Israel were three hundred thousand, and the men of Judah thirty thousand", "text": "\"the people of Israel were 300,000, and the men of Judah were 30,000\" ( See: [[:en:ta:vol2:translate:translate_numbers]])"}]}, {"id": "09", "tn": [{"ref": "They said to the messengers", "text": "\"They\" refers to Samuel and Saul."}, {"ref": "by the time the sun is hot", "text": "\"before the hottest part of the day\" or \"before noon\""}, {"ref": "Jabesh Gilead ... Jabesh", "text": "These are the names of places. See how you translated them in [[:en:bible:notes:1sa:11:01|11:01]]."}, {"ref": "Nahash", "text": "This is the name of a king. See how you translated this name in [[:en:bible:notes:1sa:11:01|11:01]]."}]}, {"id": "11", "tn": [{"ref": "the morning watch", "text": "This was before dawn when most people in the camp were still asleep."}]}, {"id": "14", "tn": [{"ref": "made Saul king before Yahweh", "text": "\"made Saul king while Yahweh watched\""}, {"ref": "There they sacrificed peace offerings before Yahweh", "text": "Part of Samuel's service to Yahweh is to offer sacrifices even though he is not from the line of Aaron or Levi."}]}]