[{"firstvs": "1", "id": "01-01", "lastvs": "2"}, {"firstvs": "3", "id": "01-03", "lastvs": "4"}, {"firstvs": "5", "id": "01-05", "lastvs": "7"}, {"firstvs": "8", "id": "01-08", "lastvs": "9"}, {"firstvs": "10", "id": "01-10", "lastvs": "11"}, {"firstvs": "12", "id": "01-12", "lastvs": "15"}, {"firstvs": "16", "id": "01-16", "lastvs": "18"}, {"firstvs": "19", "id": "01-19", "lastvs": "21"}, {"firstvs": "1", "id": "02-01", "lastvs": "3"}, {"firstvs": "4", "id": "02-04", "lastvs": "6"}, {"firstvs": "7", "id": "02-07", "lastvs": "9"}, {"firstvs": "10", "id": "02-10", "lastvs": "11"}, {"firstvs": "12", "id": "02-12", "lastvs": "14"}, {"firstvs": "15", "id": "02-15", "lastvs": "16"}, {"firstvs": "17", "id": "02-17", "lastvs": "19"}, {"firstvs": "20", "id": "02-20", "lastvs": "22"}, {"firstvs": "1", "id": "03-01", "lastvs": "2"}, {"firstvs": "3", "id": "03-03", "lastvs": "4"}, {"firstvs": "5", "id": "03-05", "lastvs": "7"}, {"firstvs": "8", "id": "03-08", "lastvs": "9"}, {"firstvs": "10", "id": "03-10", "lastvs": "10"}, {"firstvs": "11", "id": "03-11", "lastvs": "13"}, {"firstvs": "14", "id": "03-14", "lastvs": "16"}, {"firstvs": "17", "id": "03-00", "lastvs": "18"}]