[{"id": "01", "tn": [{"ref": "Hiram", "text": "(See: [[:en:ta:vol1:translate:translate_names]])"}]}, {"id": "04", "tn": [{"ref": "the bread of the presence", "text": "This is a reference to the 12 loaves of bread that were placed in front of the altar."}, {"ref": "new moons", "text": "This was the time of a festival coinciding with the movement of the moon."}, {"ref": "God is greater", "text": "This is a reference to God being more important not larger than other gods."}]}, {"id": "06", "tn": [{"ref": "who is able to build God a house, since the entire universe and even heaven itself cannot contain him? Who am I to build him a house, except to burn sacrifices before him?", "text": "AT: \"no one is able to build a house for God because the nothing can contain him. I am no one! Only a person who can offer sacrifices to him. (See: [[:en:ta:vol1:translate:figs_rquestion]])"}]}, {"id": "08", "tn": [{"ref": "algum trees", "text": "This was a type of tree likely used for making musical instruments or carving."}, {"ref": "cors", "text": "(See: [[:en:ta:vol2:translate:translate_bvolume]])"}, {"ref": "ground wheat", "text": "That is, wheat flour."}, {"ref": "baths", "text": "(See: [[:en:ta:vol2:translate:translate_bvolume]])"}]}, {"id": "11", "tn": [{"ref": "gifted with prudence", "text": "AT: \"given a gift of discretion\""}, {"ref": "a house for his kingdom", "text": "AT: \"a palace for himself.\" (See: [[:en:ta:vol1:translate:figs_metaphor]])"}]}, {"id": "13", "tn": [{"ref": "Huram", "text": "(See: [[:en:ta:vol1:translate:translate_names]])"}]}, {"id": "17", "tn": [{"ref": "to carry loads", "text": "AT: \"to carry heavy logs\""}]}]