[{"firstvs": "1", "id": "01-01", "lastvs": "2"}, {"firstvs": "3", "id": "01-03", "lastvs": "5"}, {"firstvs": "6", "id": "01-06", "lastvs": "7"}, {"firstvs": "8", "id": "01-08", "lastvs": "11"}, {"firstvs": "12", "id": "01-12", "lastvs": "14"}, {"firstvs": "15", "id": "01-15", "lastvs": "18"}, {"firstvs": "1", "id": "02-01", "lastvs": "2"}, {"firstvs": "3", "id": "02-03", "lastvs": "5"}, {"firstvs": "6", "id": "02-06", "lastvs": "7"}, {"firstvs": "8", "id": "02-08", "lastvs": "10"}, {"firstvs": "11", "id": "02-11", "lastvs": "13"}, {"firstvs": "14", "id": "02-14", "lastvs": "15"}, {"firstvs": "16", "id": "02-16", "lastvs": "18"}, {"firstvs": "19", "id": "02-19", "lastvs": "21"}, {"firstvs": "22", "id": "02-22", "lastvs": "23"}, {"firstvs": "24", "id": "02-24", "lastvs": "26"}, {"firstvs": "1", "id": "03-01", "lastvs": "4"}, {"firstvs": "5", "id": "03-05", "lastvs": "7"}, {"firstvs": "8", "id": "03-08", "lastvs": "9"}, {"firstvs": "10", "id": "03-10", "lastvs": "13"}, {"firstvs": "14", "id": "03-14", "lastvs": "15"}, {"firstvs": "16", "id": "03-16", "lastvs": "17"}, {"firstvs": "1", "id": "04-01", "lastvs": "2"}, {"firstvs": "3", "id": "04-03", "lastvs": "5"}, {"firstvs": "6", "id": "04-06", "lastvs": "8"}, {"firstvs": "9", "id": "04-09", "lastvs": "10"}, {"firstvs": "11", "id": "04-11", "lastvs": "13"}, {"firstvs": "14", "id": "04-14", "lastvs": "16"}, {"firstvs": "17", "id": "04-17", "lastvs": "18"}, {"firstvs": "19", "id": "04-00", "lastvs": "22"}]