{"1": [{"a": "John introduces himself as the elder.", "q": "By what title does the writer John introduce himself in this letter?", "ref": ["01-01"]}, {"a": "The letter is written to the elect lady and her children.", "q": "To whom is this letter written?", "ref": ["01-01"]}, {"a": "John says grace, mercy, and peace come from God the Father and from Jesus Christ his Son.", "q": "From whom does John say grace, mercy, and peace come?", "ref": ["01-03"]}, {"a": "John is rejoicing because he has found some of the lady's children walking in truth.", "q": "Why is John rejoicing?", "ref": ["01-04"]}, {"a": "John says that they have had the commandment to love one another from the beginning.", "q": "What commandment does John say they have had from the beginning?", "ref": ["01-05"]}, {"a": "John says that love is to walk according to God's commandments.", "q": "What does John say that love is?", "ref": ["01-06"]}, {"a": "John calls those who do not confess that Jesus Christ came in the flesh the deceiver and the antichrist.", "q": "What does John call those who do not confess that Jesus Christ came in the flesh?", "ref": ["01-07"]}, {"a": "John tells the believers to be careful not to lose the things for which they have worked.", "q": "What does John tell the believers to be careful not to do?", "ref": ["01-08"]}, {"a": "John tells the believers to not receive anyone who does not bring the true teaching about Christ.", "q": "What does John tell the believers to do with anyone who does not bring the true teaching about Christ?", "ref": ["01-10"]}, {"a": "The believer is guilty of participating in the evil deeds of the one who does not bring the true teaching about Christ.", "q": "Of what is a believer guilty if he receives someone who does not bring the true teaching about Christ?", "ref": ["01-11"]}, {"a": "John hopes to come and speak face to face with the elect lady.", "q": "What does John hope to do in the future?", "ref": ["01-12"]}]}