[{"id": "01", "tn": [{"ref": "Hanun ... Nahash", "text": "These are the names of men. (See: [[ en:ta:vol1:translate:translate_names]])"}, {"ref": "Do you really think that ... you?", "text": "The leaders use a question to suggest to the king that he should not trust David. AT: \"You are wrong to think that ... you!\" (See: [[:en:ta:vol1:translate:figs_rquestion]])"}, {"ref": "to spy", "text": "to secretly learn information about someone else"}, {"ref": "Has not David ... overthrow it?", "text": "The leaders use a question to suggest to the king that he should not trust David. AT: \"You need to know that David ... overthrow it.\" (See: [[:en:ta:vol1:translate:figs_rquestion]])"}, {"ref": "in order to overthrow it", "text": "Here \"it\" refers to the city which represents the people who live there. AT: \"in order to conquer us\" (See: [[:en:ta:vol2:translate:figs_metonymy]])"}, {"ref": "the city", "text": "Here \"the city\" refers to Rabbah, the capital city of the Ammonites."}]}, {"id": "04", "tn": [{"ref": "shaved off half their beards", "text": "This act was meant as an insult to humiliate the men. (See: [[:en:ta:vol1:translate:figs_explicit]])"}, {"ref": "were deeply ashamed", "text": "Here \"deeply\" is an idiom that means \"very.\" (See: [[:en:ta:vol1:translate:figs_idiom]])"}, {"ref": "then return", "text": "It is understood that they should return to Jerusalem. (See: [[:en:ta:vol2:translate:figs_ellipsis]])"}]}, {"id": "06", "tn": [{"ref": "they had become a stench to David", "text": "The phrase \"become a stench\" is a metaphor for \"they had become offensive.\" AT: \"they had become offensive like a bad smell to David\" (See: [[:en:ta:vol1:translate:figs_metaphor]])"}, {"ref": "Beth Rehob ... Zobah ... Maacah ... Tob", "text": "These are the names of places. (See: [[:en:ta:vol1:translate:translate_names]])"}, {"ref": "twenty thousand ... a thousand ... twelve thousand", "text": "\"20,000 ... 1,000 ... 12,000\" (See: [[:en:ta:vol2:translate:translate_numbers]])"}, {"ref": "to their city gate", "text": "Here \"the city\" refers to Rabbah, the capital city of the Ammonites."}]}, {"id": "09", "tn": [{"ref": "General Information:", "text": "The battle with the Arameans and Ammon continues."}, {"ref": "As for the rest of the army, he gave it into the command of Abishai his brother", "text": "\"He put Abishai his brother in charge of the rest of the army\""}]}, {"id": "11", "tn": [{"ref": "General Information:", "text": "Joab gets the army ready for battle."}, {"ref": "for me, then you, Abishai, must rescue me", "text": "Here \"me\" refers to Joab who represents his soldiers. Also, Abishai represents his soldiers. AT: \"for us, then you, Abishai, and your army must rescue us\" (See: [[:en:ta:vol2:translate:figs_synecdoche]])"}]}, {"id": "13", "tn": [{"ref": "from Abishai", "text": "Here Abishai represents his soldiers. AT: \"from Abishai and his soldiers\" (See: [[:en:ta:vol2:translate:figs_synecdoche]])"}, {"ref": "into the city", "text": "Here \"the city\" refers to Rabbah, the capital city of the Ammonites."}, {"ref": "and went back to Jerusalem", "text": "\"and returned to Jerusalem\""}]}, {"id": "15", "tn": [{"ref": "When the Arameans saw that they were being defeated by Israel", "text": "This can be stated in active form. AT: \"when the Arameans realized that the Israelites were defeating them\" (See: [[:en:ta:vol2:translate:figs_activepassive]])"}, {"ref": "Hadarezer ... Shobach", "text": "These are the names of men. (See: [[:en:ta:vol1:translate:translate_names]])"}, {"ref": "from beyond the Euphrates River", "text": "This means the east side of the Euphrates River."}, {"ref": "They came to Helam", "text": "Here \"came to\" can be translated as \"went to\" or \"gathered at\" (See: [[:en:ta:vol2:translate:figs_go]])"}, {"ref": "Helam", "text": "This is the name of a place. (See: [[:en:ta:vol1:translate:translate_names]])"}, {"ref": "at their head", "text": "This phrase refers to a position of authority. AT: \"leading them\" (See: [[:en:ta:vol2:translate:figs_metonymy]])"}]}, {"id": "17", "tn": [{"ref": "When David was told this", "text": "This can be stated in active form. AT: \"When David heard about this\" (See: [[:en:ta:vol2:translate:figs_activepassive]])"}, {"ref": "gathered all Israel together", "text": "Here \"Israel\" represents the army of Israel. AT: \"assembled all the army of Israel together\" (See: [[:en:ta:vol2:translate:figs_metonymy]])"}, {"ref": "Helam", "text": "Translate these names as you did in [[:en:bible:notes:2sa:10:15|10:16]]."}, {"ref": "against David and fought him", "text": "Here David represents his soldiers. AT: \"against David and his soldiers and fought them\" (See: [[:en:ta:vol2:translate:figs_synecdoche]])"}, {"ref": "David killed", "text": "Here David represents his soldiers. AT: \"David and his soldiers killed\" (See: [[:en:ta:vol2:translate:figs_synecdoche]])"}, {"ref": "seven hundred ... forty thousand", "text": "\"700 ... 40,000\" (See: [[:en:ta:vol2:translate:translate_numbers]])"}, {"ref": "Shobach the commander of their army was wounded and died there", "text": "This can be stated in active form. AT: \"The Israelites wounded Shobach the commander of the Aramean army, and he died there\" (See: [[:en:ta:vol2:translate:figs_activepassive]])"}, {"ref": "Shobach ... Hadarezer", "text": "Translate these names as you did in [[:en:bible:notes:2sa:10:15|10:16]]."}, {"ref": "saw that they were defeated by Israel", "text": "This can be stated in active form. AT: \"realized that the Israelites had defeated them\" (See: [[:en:ta:vol2:translate:figs_activepassive]])"}]}]