[{"firstvs": "1", "id": "01-01", "lastvs": "2"}, {"firstvs": "3", "id": "01-03", "lastvs": "4"}, {"firstvs": "5", "id": "01-05", "lastvs": "6"}, {"firstvs": "7", "id": "01-07", "lastvs": "8"}, {"firstvs": "9", "id": "01-09", "lastvs": "10"}, {"firstvs": "11", "id": "01-11", "lastvs": "11"}, {"firstvs": "12", "id": "01-12", "lastvs": "14"}, {"firstvs": "15", "id": "01-15", "lastvs": "16"}, {"firstvs": "17", "id": "01-17", "lastvs": "18"}, {"firstvs": "19", "id": "01-19", "lastvs": "20"}, {"firstvs": "21", "id": "01-21", "lastvs": "23"}, {"firstvs": "24", "id": "01-24", "lastvs": "25"}, {"firstvs": "26", "id": "01-26", "lastvs": "28"}, {"firstvs": "1", "id": "02-01", "lastvs": "1"}, {"firstvs": "2", "id": "02-02", "lastvs": "2"}, {"firstvs": "3", "id": "02-03", "lastvs": "4"}, {"firstvs": "5", "id": "02-05", "lastvs": "5"}, {"firstvs": "6", "id": "02-06", "lastvs": "7"}, {"firstvs": "8", "id": "02-08", "lastvs": "8"}, {"firstvs": "9", "id": "02-09", "lastvs": "9"}, {"firstvs": "10", "id": "02-10", "lastvs": "10"}, {"firstvs": "11", "id": "02-11", "lastvs": "11"}, {"firstvs": "12", "id": "02-12", "lastvs": "14"}, {"firstvs": "15", "id": "02-15", "lastvs": "17"}, {"firstvs": "18", "id": "02-18", "lastvs": "19"}, {"firstvs": "20", "id": "02-20", "lastvs": "21"}, {"firstvs": "22", "id": "02-22", "lastvs": "24"}, {"firstvs": "25", "id": "02-25", "lastvs": "26"}, {"firstvs": "27", "id": "02-27", "lastvs": "28"}, {"firstvs": "29", "id": "02-29", "lastvs": "30"}, {"firstvs": "31", "id": "02-31", "lastvs": "33"}, {"firstvs": "34", "id": "02-34", "lastvs": "35"}, {"firstvs": "36", "id": "02-36", "lastvs": "36"}, {"firstvs": "1", "id": "03-01", "lastvs": "4"}, {"firstvs": "5", "id": "03-05", "lastvs": "6"}, {"firstvs": "7", "id": "03-07", "lastvs": "8"}, {"firstvs": "9", "id": "03-09", "lastvs": "9"}, {"firstvs": "10", "id": "03-10", "lastvs": "11"}, {"firstvs": "12", "id": "03-12", "lastvs": "14"}, {"firstvs": "15", "id": "03-15", "lastvs": "16"}, {"firstvs": "17", "id": "03-17", "lastvs": "18"}, {"firstvs": "19", "id": "03-19", "lastvs": "21"}, {"firstvs": "1", "id": "04-01", "lastvs": "2"}, {"firstvs": "3", "id": "04-03", "lastvs": "4"}, {"firstvs": "5", "id": "04-05", "lastvs": "6"}, {"firstvs": "7", "id": "04-07", "lastvs": "9"}, {"firstvs": "10", "id": "04-10", "lastvs": "11"}, {"firstvs": "12", "id": "04-12", "lastvs": "13"}, {"firstvs": "14", "id": "04-14", "lastvs": "15"}, {"firstvs": "16", "id": "04-16", "lastvs": "17"}, {"firstvs": "18", "id": "04-18", "lastvs": "18"}, {"firstvs": "19", "id": "04-19", "lastvs": "20"}, {"firstvs": "21", "id": "04-21", "lastvs": "22"}, {"firstvs": "1", "id": "05-01", "lastvs": "3"}, {"firstvs": "4", "id": "05-04", "lastvs": "5"}, {"firstvs": "6", "id": "05-06", "lastvs": "7"}, {"firstvs": "8", "id": "05-08", "lastvs": "9"}, {"firstvs": "10", "id": "05-10", "lastvs": "10"}, {"firstvs": "11", "id": "05-11", "lastvs": "12"}, {"firstvs": "1", "id": "06-01", "lastvs": "2"}, {"firstvs": "3", "id": "06-03", "lastvs": "4"}, {"firstvs": "5", "id": "06-05", "lastvs": "6"}, {"firstvs": "7", "id": "06-07", "lastvs": "9"}, {"firstvs": "10", "id": "06-10", "lastvs": "12"}, {"firstvs": "13", "id": "06-13", "lastvs": "13"}, {"firstvs": "14", "id": "06-14", "lastvs": "15"}, {"firstvs": "16", "id": "06-16", "lastvs": "16"}, {"firstvs": "17", "id": "06-17", "lastvs": "18"}, {"firstvs": "19", "id": "06-19", "lastvs": "20"}, {"firstvs": "21", "id": "06-21", "lastvs": "21"}, {"firstvs": "1", "id": "07-01", "lastvs": "2"}, {"firstvs": "3", "id": "07-03", "lastvs": "4"}, {"firstvs": "5", "id": "07-05", "lastvs": "6"}, {"firstvs": "7", "id": "07-07", "lastvs": "8"}, {"firstvs": "9", "id": "07-09", "lastvs": "9"}, {"firstvs": "10", "id": "07-10", "lastvs": "11"}, {"firstvs": "12", "id": "07-12", "lastvs": "12"}, {"firstvs": "13", "id": "07-13", "lastvs": "14"}, {"firstvs": "15", "id": "07-15", "lastvs": "17"}, {"firstvs": "1", "id": "08-01", "lastvs": "3"}, {"firstvs": "4", "id": "08-04", "lastvs": "5"}, {"firstvs": "6", "id": "08-06", "lastvs": "7"}, {"firstvs": "8", "id": "08-08", "lastvs": "9"}, {"firstvs": "10", "id": "08-10", "lastvs": "12"}, {"firstvs": "13", "id": "08-13", "lastvs": "15"}, {"firstvs": "16", "id": "08-16", "lastvs": "18"}, {"firstvs": "19", "id": "08-19", "lastvs": "20"}, {"firstvs": "21", "id": "08-21", "lastvs": "22"}, {"firstvs": "1", "id": "09-01", "lastvs": "2"}, {"firstvs": "3", "id": "09-03", "lastvs": "4"}, {"firstvs": "5", "id": "09-05", "lastvs": "6"}, {"firstvs": "7", "id": "09-07", "lastvs": "8"}, {"firstvs": "9", "id": "09-09", "lastvs": "11"}, {"firstvs": "12", "id": "09-12", "lastvs": "13"}, {"firstvs": "14", "id": "09-14", "lastvs": "14"}, {"firstvs": "15", "id": "09-15", "lastvs": "16"}, {"firstvs": "17", "id": "09-17", "lastvs": "19"}, {"firstvs": "20", "id": "09-20", "lastvs": "21"}, {"firstvs": "22", "id": "09-22", "lastvs": "22"}, {"firstvs": "23", "id": "09-23", "lastvs": "24"}, {"firstvs": "25", "id": "09-25", "lastvs": "26"}, {"firstvs": "27", "id": "09-27", "lastvs": "27"}, {"firstvs": "1", "id": "10-01", "lastvs": "2"}, {"firstvs": "3", "id": "10-03", "lastvs": "4"}, {"firstvs": "5", "id": "10-05", "lastvs": "6"}, {"firstvs": "7", "id": "10-07", "lastvs": "8"}, {"firstvs": "9", "id": "10-09", "lastvs": "10"}, {"firstvs": "11", "id": "10-11", "lastvs": "13"}, {"firstvs": "14", "id": "10-14", "lastvs": "16"}, {"firstvs": "17", "id": "10-17", "lastvs": "19"}, {"firstvs": "20", "id": "10-20", "lastvs": "21"}, {"firstvs": "22", "id": "10-22", "lastvs": "23"}, {"firstvs": "24", "id": "10-24", "lastvs": "24"}, {"firstvs": "25", "id": "10-25", "lastvs": "25"}, {"firstvs": "26", "id": "10-26", "lastvs": "27"}, {"firstvs": "1", "id": "11-01", "lastvs": "2"}, {"firstvs": "3", "id": "11-03", "lastvs": "3"}, {"firstvs": "4", "id": "11-04", "lastvs": "5"}, {"firstvs": "6", "id": "11-06", "lastvs": "8"}, {"firstvs": "9", "id": "11-09", "lastvs": "10"}, {"firstvs": "11", "id": "11-11", "lastvs": "11"}, {"firstvs": "12", "id": "11-12", "lastvs": "13"}, {"firstvs": "14", "id": "11-14", "lastvs": "15"}, {"firstvs": "1", "id": "12-01", "lastvs": "2"}, {"firstvs": "3", "id": "12-03", "lastvs": "3"}, {"firstvs": "4", "id": "12-04", "lastvs": "5"}, {"firstvs": "6", "id": "12-06", "lastvs": "7"}, {"firstvs": "8", "id": "12-08", "lastvs": "9"}, {"firstvs": "10", "id": "12-10", "lastvs": "11"}, {"firstvs": "12", "id": "12-12", "lastvs": "13"}, {"firstvs": "14", "id": "12-14", "lastvs": "15"}, {"firstvs": "16", "id": "12-16", "lastvs": "18"}, {"firstvs": "19", "id": "12-19", "lastvs": "21"}, {"firstvs": "22", "id": "12-22", "lastvs": "23"}, {"firstvs": "24", "id": "12-24", "lastvs": "25"}, {"firstvs": "1", "id": "13-01", "lastvs": "2"}, {"firstvs": "3", "id": "13-03", "lastvs": "4"}, {"firstvs": "5", "id": "13-05", "lastvs": "5"}, {"firstvs": "6", "id": "13-06", "lastvs": "7"}, {"firstvs": "8", "id": "13-08", "lastvs": "10"}, {"firstvs": "11", "id": "13-11", "lastvs": "12"}, {"firstvs": "13", "id": "13-13", "lastvs": "14"}, {"firstvs": "15", "id": "13-15", "lastvs": "16"}, {"firstvs": "17", "id": "13-17", "lastvs": "18"}, {"firstvs": "19", "id": "13-19", "lastvs": "21"}, {"firstvs": "22", "id": "13-22", "lastvs": "23"}, {"firstvs": "1", "id": "14-01", "lastvs": "1"}, {"firstvs": "2", "id": "14-02", "lastvs": "3"}, {"firstvs": "4", "id": "14-04", "lastvs": "5"}, {"firstvs": "6", "id": "14-06", "lastvs": "7"}, {"firstvs": "8", "id": "14-08", "lastvs": "10"}, {"firstvs": "11", "id": "14-11", "lastvs": "12"}, {"firstvs": "13", "id": "14-13", "lastvs": "14"}, {"firstvs": "15", "id": "14-15", "lastvs": "15"}, {"firstvs": "16", "id": "14-16", "lastvs": "17"}, {"firstvs": "18", "id": "14-18", "lastvs": "19"}, {"firstvs": "20", "id": "14-20", "lastvs": "21"}, {"firstvs": "22", "id": "14-22", "lastvs": "23"}, {"firstvs": "24", "id": "14-24", "lastvs": "26"}, {"firstvs": "27", "id": "14-27", "lastvs": "28"}, {"firstvs": "29", "id": "14-29", "lastvs": "30"}, {"firstvs": "31", "id": "14-31", "lastvs": "32"}, {"firstvs": "33", "id": "14-33", "lastvs": "34"}, {"firstvs": "35", "id": "14-35", "lastvs": "35"}, {"firstvs": "36", "id": "14-36", "lastvs": "37"}, {"firstvs": "38", "id": "14-38", "lastvs": "39"}, {"firstvs": "40", "id": "14-40", "lastvs": "42"}, {"firstvs": "43", "id": "14-43", "lastvs": "44"}, {"firstvs": "45", "id": "14-45", "lastvs": "46"}, {"firstvs": "47", "id": "14-47", "lastvs": "48"}, {"firstvs": "49", "id": "14-49", "lastvs": "51"}, {"firstvs": "52", "id": "14-52", "lastvs": "52"}, {"firstvs": "1", "id": "15-01", "lastvs": "3"}, {"firstvs": "4", "id": "15-04", "lastvs": "5"}, {"firstvs": "6", "id": "15-06", "lastvs": "7"}, {"firstvs": "8", "id": "15-08", "lastvs": "9"}, {"firstvs": "10", "id": "15-10", "lastvs": "11"}, {"firstvs": "12", "id": "15-12", "lastvs": "13"}, {"firstvs": "14", "id": "15-14", "lastvs": "16"}, {"firstvs": "17", "id": "15-17", "lastvs": "19"}, {"firstvs": "20", "id": "15-20", "lastvs": "21"}, {"firstvs": "22", "id": "15-22", "lastvs": "23"}, {"firstvs": "24", "id": "15-24", "lastvs": "25"}, {"firstvs": "26", "id": "15-26", "lastvs": "27"}, {"firstvs": "28", "id": "15-28", "lastvs": "29"}, {"firstvs": "30", "id": "15-30", "lastvs": "31"}, {"firstvs": "32", "id": "15-32", "lastvs": "33"}, {"firstvs": "34", "id": "15-34", "lastvs": "35"}, {"firstvs": "1", "id": "16-01", "lastvs": "1"}, {"firstvs": "2", "id": "16-02", "lastvs": "3"}, {"firstvs": "4", "id": "16-04", "lastvs": "5"}, {"firstvs": "6", "id": "16-06", "lastvs": "7"}, {"firstvs": "8", "id": "16-08", "lastvs": "10"}, {"firstvs": "11", "id": "16-11", "lastvs": "12"}, {"firstvs": "13", "id": "16-13", "lastvs": "13"}, {"firstvs": "14", "id": "16-14", "lastvs": "16"}, {"firstvs": "17", "id": "16-17", "lastvs": "19"}, {"firstvs": "20", "id": "16-20", "lastvs": "21"}, {"firstvs": "22", "id": "16-22", "lastvs": "23"}, {"firstvs": "1", "id": "17-01", "lastvs": "1"}, {"firstvs": "2", "id": "17-02", "lastvs": "3"}, {"firstvs": "4", "id": "17-04", "lastvs": "5"}, {"firstvs": "6", "id": "17-06", "lastvs": "7"}, {"firstvs": "8", "id": "17-08", "lastvs": "9"}, {"firstvs": "10", "id": "17-10", "lastvs": "11"}, {"firstvs": "12", "id": "17-12", "lastvs": "13"}, {"firstvs": "14", "id": "17-14", "lastvs": "16"}, {"firstvs": "17", "id": "17-17", "lastvs": "18"}, {"firstvs": "19", "id": "17-19", "lastvs": "21"}, {"firstvs": "22", "id": "17-22", "lastvs": "24"}, {"firstvs": "25", "id": "17-25", "lastvs": "25"}, {"firstvs": "26", "id": "17-26", "lastvs": "27"}, {"firstvs": "28", "id": "17-28", "lastvs": "30"}, {"firstvs": "31", "id": "17-31", "lastvs": "33"}, {"firstvs": "34", "id": "17-34", "lastvs": "35"}, {"firstvs": "36", "id": "17-36", "lastvs": "36"}, {"firstvs": "37", "id": "17-37", "lastvs": "38"}, {"firstvs": "39", "id": "17-39", "lastvs": "40"}, {"firstvs": "41", "id": "17-41", "lastvs": "43"}, {"firstvs": "44", "id": "17-44", "lastvs": "45"}, {"firstvs": "46", "id": "17-46", "lastvs": "47"}, {"firstvs": "48", "id": "17-48", "lastvs": "49"}, {"firstvs": "50", "id": "17-50", "lastvs": "51"}, {"firstvs": "52", "id": "17-52", "lastvs": "54"}, {"firstvs": "55", "id": "17-55", "lastvs": "56"}, {"firstvs": "57", "id": "17-57", "lastvs": "58"}, {"firstvs": "1", "id": "18-01", "lastvs": "2"}, {"firstvs": "3", "id": "18-03", "lastvs": "4"}, {"firstvs": "5", "id": "18-05", "lastvs": "5"}, {"firstvs": "6", "id": "18-06", "lastvs": "7"}, {"firstvs": "8", "id": "18-08", "lastvs": "9"}, {"firstvs": "10", "id": "18-10", "lastvs": "12"}, {"firstvs": "13", "id": "18-13", "lastvs": "14"}, {"firstvs": "15", "id": "18-15", "lastvs": "16"}, {"firstvs": "17", "id": "18-17", "lastvs": "18"}, {"firstvs": "19", "id": "18-19", "lastvs": "19"}, {"firstvs": "20", "id": "18-20", "lastvs": "21"}, {"firstvs": "22", "id": "18-22", "lastvs": "22"}, {"firstvs": "23", "id": "18-23", "lastvs": "24"}, {"firstvs": "25", "id": "18-25", "lastvs": "26"}, {"firstvs": "27", "id": "18-27", "lastvs": "29"}, {"firstvs": "30", "id": "18-30", "lastvs": "30"}, {"firstvs": "1", "id": "19-01", "lastvs": "3"}, {"firstvs": "4", "id": "19-04", "lastvs": "5"}, {"firstvs": "6", "id": "19-06", "lastvs": "7"}, {"firstvs": "8", "id": "19-08", "lastvs": "9"}, {"firstvs": "10", "id": "19-10", "lastvs": "11"}, {"firstvs": "12", "id": "19-12", "lastvs": "13"}, {"firstvs": "14", "id": "19-14", "lastvs": "15"}, {"firstvs": "16", "id": "19-16", "lastvs": "17"}, {"firstvs": "18", "id": "19-18", "lastvs": "20"}, {"firstvs": "21", "id": "19-21", "lastvs": "22"}, {"firstvs": "23", "id": "19-23", "lastvs": "24"}, {"firstvs": "1", "id": "20-01", "lastvs": "2"}, {"firstvs": "3", "id": "20-03", "lastvs": "3"}, {"firstvs": "4", "id": "20-04", "lastvs": "5"}, {"firstvs": "6", "id": "20-06", "lastvs": "7"}, {"firstvs": "8", "id": "20-08", "lastvs": "9"}, {"firstvs": "10", "id": "20-10", "lastvs": "11"}, {"firstvs": "12", "id": "20-12", "lastvs": "13"}, {"firstvs": "14", "id": "20-14", "lastvs": "16"}, {"firstvs": "17", "id": "20-17", "lastvs": "19"}, {"firstvs": "20", "id": "20-20", "lastvs": "21"}, {"firstvs": "22", "id": "20-22", "lastvs": "23"}, {"firstvs": "24", "id": "20-24", "lastvs": "25"}, {"firstvs": "26", "id": "20-26", "lastvs": "27"}, {"firstvs": "28", "id": "20-28", "lastvs": "29"}, {"firstvs": "30", "id": "20-30", "lastvs": "31"}, {"firstvs": "32", "id": "20-32", "lastvs": "34"}, {"firstvs": "35", "id": "20-35", "lastvs": "37"}, {"firstvs": "38", "id": "20-38", "lastvs": "40"}, {"firstvs": "41", "id": "20-41", "lastvs": "42"}, {"firstvs": "1", "id": "21-01", "lastvs": "2"}, {"firstvs": "3", "id": "21-03", "lastvs": "4"}, {"firstvs": "5", "id": "21-05", "lastvs": "6"}, {"firstvs": "7", "id": "21-07", "lastvs": "7"}, {"firstvs": "8", "id": "21-08", "lastvs": "9"}, {"firstvs": "10", "id": "21-10", "lastvs": "11"}, {"firstvs": "12", "id": "21-12", "lastvs": "13"}, {"firstvs": "14", "id": "21-14", "lastvs": "15"}, {"firstvs": "1", "id": "22-01", "lastvs": "2"}, {"firstvs": "3", "id": "22-03", "lastvs": "5"}, {"firstvs": "6", "id": "22-06", "lastvs": "6"}, {"firstvs": "7", "id": "22-07", "lastvs": "8"}, {"firstvs": "9", "id": "22-09", "lastvs": "10"}, {"firstvs": "11", "id": "22-11", "lastvs": "13"}, {"firstvs": "14", "id": "22-14", "lastvs": "15"}, {"firstvs": "16", "id": "22-16", "lastvs": "17"}, {"firstvs": "18", "id": "22-18", "lastvs": "19"}, {"firstvs": "20", "id": "22-20", "lastvs": "21"}, {"firstvs": "22", "id": "22-22", "lastvs": "23"}, {"firstvs": "1", "id": "23-01", "lastvs": "2"}, {"firstvs": "3", "id": "23-03", "lastvs": "4"}, {"firstvs": "5", "id": "23-05", "lastvs": "6"}, {"firstvs": "7", "id": "23-07", "lastvs": "9"}, {"firstvs": "10", "id": "23-10", "lastvs": "11"}, {"firstvs": "12", "id": "23-12", "lastvs": "12"}, {"firstvs": "13", "id": "23-13", "lastvs": "14"}, {"firstvs": "15", "id": "23-15", "lastvs": "16"}, {"firstvs": "17", "id": "23-17", "lastvs": "18"}, {"firstvs": "19", "id": "23-19", "lastvs": "20"}, {"firstvs": "21", "id": "23-21", "lastvs": "23"}, {"firstvs": "24", "id": "23-24", "lastvs": "25"}, {"firstvs": "26", "id": "23-26", "lastvs": "27"}, {"firstvs": "28", "id": "23-28", "lastvs": "29"}, {"firstvs": "1", "id": "24-01", "lastvs": "2"}, {"firstvs": "3", "id": "24-03", "lastvs": "4"}, {"firstvs": "5", "id": "24-05", "lastvs": "7"}, {"firstvs": "8", "id": "24-08", "lastvs": "9"}, {"firstvs": "10", "id": "24-10", "lastvs": "11"}, {"firstvs": "12", "id": "24-12", "lastvs": "13"}, {"firstvs": "14", "id": "24-14", "lastvs": "15"}, {"firstvs": "16", "id": "24-16", "lastvs": "16"}, {"firstvs": "17", "id": "24-17", "lastvs": "18"}, {"firstvs": "19", "id": "24-19", "lastvs": "20"}, {"firstvs": "21", "id": "24-21", "lastvs": "22"}, {"firstvs": "1", "id": "25-01", "lastvs": "1"}, {"firstvs": "2", "id": "25-02", "lastvs": "3"}, {"firstvs": "4", "id": "25-04", "lastvs": "6"}, {"firstvs": "7", "id": "25-07", "lastvs": "8"}, {"firstvs": "9", "id": "25-09", "lastvs": "11"}, {"firstvs": "12", "id": "25-12", "lastvs": "13"}, {"firstvs": "14", "id": "25-14", "lastvs": "15"}, {"firstvs": "16", "id": "25-16", "lastvs": "17"}, {"firstvs": "18", "id": "25-18", "lastvs": "19"}, {"firstvs": "20", "id": "25-20", "lastvs": "20"}, {"firstvs": "21", "id": "25-21", "lastvs": "22"}, {"firstvs": "23", "id": "25-23", "lastvs": "24"}, {"firstvs": "25", "id": "25-25", "lastvs": "26"}, {"firstvs": "27", "id": "25-27", "lastvs": "28"}, {"firstvs": "29", "id": "25-29", "lastvs": "29"}, {"firstvs": "30", "id": "25-30", "lastvs": "31"}, {"firstvs": "32", "id": "25-32", "lastvs": "33"}, {"firstvs": "34", "id": "25-34", "lastvs": "35"}, {"firstvs": "36", "id": "25-36", "lastvs": "36"}, {"firstvs": "37", "id": "25-37", "lastvs": "38"}, {"firstvs": "39", "id": "25-39", "lastvs": "40"}, {"firstvs": "41", "id": "25-41", "lastvs": "42"}, {"firstvs": "43", "id": "25-43", "lastvs": "44"}, {"firstvs": "1", "id": "26-01", "lastvs": "2"}, {"firstvs": "3", "id": "26-03", "lastvs": "4"}, {"firstvs": "5", "id": "26-05", "lastvs": "5"}, {"firstvs": "6", "id": "26-06", "lastvs": "8"}, {"firstvs": "9", "id": "26-09", "lastvs": "10"}, {"firstvs": "11", "id": "26-11", "lastvs": "12"}, {"firstvs": "13", "id": "26-13", "lastvs": "14"}, {"firstvs": "15", "id": "26-15", "lastvs": "16"}, {"firstvs": "17", "id": "26-17", "lastvs": "18"}, {"firstvs": "19", "id": "26-19", "lastvs": "20"}, {"firstvs": "21", "id": "26-21", "lastvs": "21"}, {"firstvs": "22", "id": "26-22", "lastvs": "23"}, {"firstvs": "24", "id": "26-24", "lastvs": "25"}, {"firstvs": "1", "id": "27-01", "lastvs": "1"}, {"firstvs": "2", "id": "27-02", "lastvs": "4"}, {"firstvs": "5", "id": "27-05", "lastvs": "7"}, {"firstvs": "8", "id": "27-08", "lastvs": "9"}, {"firstvs": "10", "id": "27-10", "lastvs": "10"}, {"firstvs": "11", "id": "27-11", "lastvs": "12"}, {"firstvs": "1", "id": "28-01", "lastvs": "2"}, {"firstvs": "3", "id": "28-03", "lastvs": "4"}, {"firstvs": "5", "id": "28-05", "lastvs": "7"}, {"firstvs": "8", "id": "28-08", "lastvs": "10"}, {"firstvs": "11", "id": "28-11", "lastvs": "12"}, {"firstvs": "13", "id": "28-13", "lastvs": "14"}, {"firstvs": "15", "id": "28-15", "lastvs": "15"}, {"firstvs": "16", "id": "28-16", "lastvs": "17"}, {"firstvs": "18", "id": "28-18", "lastvs": "19"}, {"firstvs": "20", "id": "28-20", "lastvs": "21"}, {"firstvs": "22", "id": "28-22", "lastvs": "23"}, {"firstvs": "24", "id": "28-24", "lastvs": "25"}, {"firstvs": "1", "id": "29-01", "lastvs": "2"}, {"firstvs": "3", "id": "29-03", "lastvs": "3"}, {"firstvs": "4", "id": "29-04", "lastvs": "4"}, {"firstvs": "5", "id": "29-05", "lastvs": "5"}, {"firstvs": "6", "id": "29-06", "lastvs": "7"}, {"firstvs": "8", "id": "29-08", "lastvs": "9"}, {"firstvs": "10", "id": "29-10", "lastvs": "11"}, {"firstvs": "1", "id": "30-01", "lastvs": "2"}, {"firstvs": "3", "id": "30-03", "lastvs": "4"}, {"firstvs": "5", "id": "30-05", "lastvs": "6"}, {"firstvs": "7", "id": "30-07", "lastvs": "8"}, {"firstvs": "9", "id": "30-09", "lastvs": "10"}, {"firstvs": "11", "id": "30-11", "lastvs": "12"}, {"firstvs": "13", "id": "30-13", "lastvs": "14"}, {"firstvs": "15", "id": "30-15", "lastvs": "15"}, {"firstvs": "16", "id": "30-16", "lastvs": "17"}, {"firstvs": "18", "id": "30-18", "lastvs": "20"}, {"firstvs": "21", "id": "30-21", "lastvs": "22"}, {"firstvs": "23", "id": "30-23", "lastvs": "25"}, {"firstvs": "26", "id": "30-26", "lastvs": "28"}, {"firstvs": "29", "id": "30-29", "lastvs": "31"}, {"firstvs": "1", "id": "31-01", "lastvs": "3"}, {"firstvs": "4", "id": "31-04", "lastvs": "6"}, {"firstvs": "7", "id": "31-07", "lastvs": "8"}, {"firstvs": "9", "id": "31-09", "lastvs": "10"}, {"firstvs": "11", "id": "31-00", "lastvs": "13"}]