[{"firstvs": "1", "id": "01-01", "lastvs": "1"}, {"firstvs": "2", "id": "01-02", "lastvs": "3"}, {"firstvs": "4", "id": "01-04", "lastvs": "4"}, {"firstvs": "5", "id": "01-05", "lastvs": "6"}, {"firstvs": "7", "id": "01-07", "lastvs": "8"}, {"firstvs": "9", "id": "01-09", "lastvs": "9"}, {"firstvs": "10", "id": "01-10", "lastvs": "11"}, {"firstvs": "12", "id": "01-12", "lastvs": "13"}, {"firstvs": "14", "id": "01-14", "lastvs": "15"}, {"firstvs": "16", "id": "01-16", "lastvs": "17"}, {"firstvs": "18", "id": "01-18", "lastvs": "18"}, {"firstvs": "19", "id": "01-19", "lastvs": "20"}, {"firstvs": "21", "id": "01-21", "lastvs": "22"}, {"firstvs": "23", "id": "01-23", "lastvs": "23"}, {"firstvs": "24", "id": "01-24", "lastvs": "25"}, {"firstvs": "26", "id": "01-26", "lastvs": "26"}, {"firstvs": "27", "id": "01-27", "lastvs": "28"}, {"firstvs": "29", "id": "01-29", "lastvs": "30"}, {"firstvs": "31", "id": "01-31", "lastvs": "31"}, {"firstvs": "1", "id": "02-01", "lastvs": "2"}, {"firstvs": "3", "id": "02-03", "lastvs": "3"}, {"firstvs": "4", "id": "02-04", "lastvs": "4"}, {"firstvs": "5", "id": "02-05", "lastvs": "6"}, {"firstvs": "7", "id": "02-07", "lastvs": "8"}, {"firstvs": "9", "id": "02-09", "lastvs": "11"}, {"firstvs": "12", "id": "02-12", "lastvs": "13"}, {"firstvs": "14", "id": "02-14", "lastvs": "16"}, {"firstvs": "17", "id": "02-17", "lastvs": "19"}, {"firstvs": "20", "id": "02-20", "lastvs": "22"}, {"firstvs": "1", "id": "03-01", "lastvs": "3"}, {"firstvs": "4", "id": "03-04", "lastvs": "5"}, {"firstvs": "6", "id": "03-06", "lastvs": "7"}, {"firstvs": "8", "id": "03-08", "lastvs": "9"}, {"firstvs": "10", "id": "03-10", "lastvs": "12"}, {"firstvs": "13", "id": "03-13", "lastvs": "15"}, {"firstvs": "16", "id": "03-16", "lastvs": "17"}, {"firstvs": "18", "id": "03-18", "lastvs": "20"}, {"firstvs": "21", "id": "03-21", "lastvs": "23"}, {"firstvs": "24", "id": "03-24", "lastvs": "26"}, {"firstvs": "1", "id": "04-01", "lastvs": "2"}, {"firstvs": "3", "id": "04-03", "lastvs": "4"}, {"firstvs": "5", "id": "04-05", "lastvs": "6"}, {"firstvs": "1", "id": "05-01", "lastvs": "2"}, {"firstvs": "3", "id": "05-03", "lastvs": "4"}, {"firstvs": "5", "id": "05-05", "lastvs": "6"}, {"firstvs": "7", "id": "05-07", "lastvs": "7"}, {"firstvs": "8", "id": "05-08", "lastvs": "10"}, {"firstvs": "11", "id": "05-11", "lastvs": "12"}, {"firstvs": "13", "id": "05-13", "lastvs": "14"}, {"firstvs": "15", "id": "05-15", "lastvs": "17"}, {"firstvs": "18", "id": "05-18", "lastvs": "19"}, {"firstvs": "20", "id": "05-20", "lastvs": "21"}, {"firstvs": "22", "id": "05-22", "lastvs": "23"}, {"firstvs": "24", "id": "05-24", "lastvs": "24"}, {"firstvs": "25", "id": "05-25", "lastvs": "25"}, {"firstvs": "26", "id": "05-26", "lastvs": "26"}, {"firstvs": "27", "id": "05-27", "lastvs": "28"}, {"firstvs": "29", "id": "05-29", "lastvs": "30"}, {"firstvs": "1", "id": "06-01", "lastvs": "2"}, {"firstvs": "3", "id": "06-03", "lastvs": "3"}, {"firstvs": "4", "id": "06-04", "lastvs": "5"}, {"firstvs": "6", "id": "06-06", "lastvs": "7"}, {"firstvs": "8", "id": "06-08", "lastvs": "9"}, {"firstvs": "10", "id": "06-10", "lastvs": "10"}, {"firstvs": "11", "id": "06-11", "lastvs": "12"}, {"firstvs": "13", "id": "06-13", "lastvs": "13"}, {"firstvs": "1", "id": "07-01", "lastvs": "2"}, {"firstvs": "3", "id": "07-03", "lastvs": "4"}, {"firstvs": "5", "id": "07-05", "lastvs": "6"}, {"firstvs": "7", "id": "07-07", "lastvs": "9"}, {"firstvs": "10", "id": "07-10", "lastvs": "12"}, {"firstvs": "13", "id": "07-13", "lastvs": "15"}, {"firstvs": "16", "id": "07-16", "lastvs": "17"}, {"firstvs": "18", "id": "07-18", "lastvs": "19"}, {"firstvs": "20", "id": "07-20", "lastvs": "22"}, {"firstvs": "23", "id": "07-23", "lastvs": "25"}, {"firstvs": "1", "id": "08-01", "lastvs": "2"}, {"firstvs": "3", "id": "08-03", "lastvs": "4"}, {"firstvs": "5", "id": "08-05", "lastvs": "7"}, {"firstvs": "8", "id": "08-08", "lastvs": "8"}, {"firstvs": "9", "id": "08-09", "lastvs": "10"}, {"firstvs": "11", "id": "08-11", "lastvs": "13"}, {"firstvs": "14", "id": "08-14", "lastvs": "15"}, {"firstvs": "16", "id": "08-16", "lastvs": "18"}, {"firstvs": "19", "id": "08-19", "lastvs": "20"}, {"firstvs": "21", "id": "08-21", "lastvs": "22"}, {"firstvs": "1", "id": "09-01", "lastvs": "2"}, {"firstvs": "3", "id": "09-03", "lastvs": "3"}, {"firstvs": "4", "id": "09-04", "lastvs": "5"}, {"firstvs": "6", "id": "09-06", "lastvs": "7"}, {"firstvs": "8", "id": "09-08", "lastvs": "10"}, {"firstvs": "11", "id": "09-11", "lastvs": "12"}, {"firstvs": "13", "id": "09-13", "lastvs": "15"}, {"firstvs": "16", "id": "09-16", "lastvs": "17"}, {"firstvs": "18", "id": "09-18", "lastvs": "19"}, {"firstvs": "20", "id": "09-20", "lastvs": "21"}, {"firstvs": "1", "id": "10-01", "lastvs": "2"}, {"firstvs": "3", "id": "10-03", "lastvs": "4"}, {"firstvs": "5", "id": "10-05", "lastvs": "6"}, {"firstvs": "7", "id": "10-07", "lastvs": "9"}, {"firstvs": "10", "id": "10-10", "lastvs": "11"}, {"firstvs": "12", "id": "10-12", "lastvs": "13"}, {"firstvs": "14", "id": "10-14", "lastvs": "14"}, {"firstvs": "15", "id": "10-15", "lastvs": "16"}, {"firstvs": "17", "id": "10-17", "lastvs": "19"}, {"firstvs": "20", "id": "10-20", "lastvs": "21"}, {"firstvs": "22", "id": "10-22", "lastvs": "23"}, {"firstvs": "24", "id": "10-24", "lastvs": "25"}, {"firstvs": "26", "id": "10-26", "lastvs": "27"}, {"firstvs": "28", "id": "10-28", "lastvs": "29"}, {"firstvs": "30", "id": "10-30", "lastvs": "32"}, {"firstvs": "33", "id": "10-33", "lastvs": "34"}, {"firstvs": "1", "id": "11-01", "lastvs": "2"}, {"firstvs": "3", "id": "11-03", "lastvs": "5"}, {"firstvs": "6", "id": "11-06", "lastvs": "7"}, {"firstvs": "8", "id": "11-08", "lastvs": "9"}, {"firstvs": "10", "id": "11-10", "lastvs": "11"}, {"firstvs": "12", "id": "11-12", "lastvs": "13"}, {"firstvs": "14", "id": "11-14", "lastvs": "15"}, {"firstvs": "16", "id": "11-16", "lastvs": "16"}, {"firstvs": "1", "id": "12-01", "lastvs": "2"}, {"firstvs": "3", "id": "12-03", "lastvs": "4"}, {"firstvs": "5", "id": "12-05", "lastvs": "6"}, {"firstvs": "1", "id": "13-01", "lastvs": "3"}, {"firstvs": "4", "id": "13-04", "lastvs": "5"}, {"firstvs": "6", "id": "13-06", "lastvs": "8"}, {"firstvs": "9", "id": "13-09", "lastvs": "10"}, {"firstvs": "11", "id": "13-11", "lastvs": "12"}, {"firstvs": "13", "id": "13-13", "lastvs": "14"}, {"firstvs": "15", "id": "13-15", "lastvs": "16"}, {"firstvs": "17", "id": "13-17", "lastvs": "18"}, {"firstvs": "19", "id": "13-19", "lastvs": "20"}, {"firstvs": "21", "id": "13-21", "lastvs": "22"}, {"firstvs": "1", "id": "14-01", "lastvs": "2"}, {"firstvs": "3", "id": "14-03", "lastvs": "4"}, {"firstvs": "5", "id": "14-05", "lastvs": "6"}, {"firstvs": "7", "id": "14-07", "lastvs": "9"}, {"firstvs": "10", "id": "14-10", "lastvs": "11"}, {"firstvs": "12", "id": "14-12", "lastvs": "14"}, {"firstvs": "15", "id": "14-15", "lastvs": "17"}, {"firstvs": "18", "id": "14-18", "lastvs": "20"}, {"firstvs": "21", "id": "14-21", "lastvs": "23"}, {"firstvs": "24", "id": "14-24", "lastvs": "25"}, {"firstvs": "26", "id": "14-26", "lastvs": "27"}, {"firstvs": "28", "id": "14-28", "lastvs": "30"}, {"firstvs": "31", "id": "14-31", "lastvs": "32"}, {"firstvs": "1", "id": "15-01", "lastvs": "2"}, {"firstvs": "3", "id": "15-03", "lastvs": "4"}, {"firstvs": "5", "id": "15-05", "lastvs": "7"}, {"firstvs": "8", "id": "15-08", "lastvs": "9"}, {"firstvs": "1", "id": "16-01", "lastvs": "2"}, {"firstvs": "3", "id": "16-03", "lastvs": "4"}, {"firstvs": "5", "id": "16-05", "lastvs": "5"}, {"firstvs": "6", "id": "16-06", "lastvs": "7"}, {"firstvs": "8", "id": "16-08", "lastvs": "8"}, {"firstvs": "9", "id": "16-09", "lastvs": "10"}, {"firstvs": "11", "id": "16-11", "lastvs": "12"}, {"firstvs": "13", "id": "16-13", "lastvs": "14"}, {"firstvs": "1", "id": "17-01", "lastvs": "3"}, {"firstvs": "4", "id": "17-04", "lastvs": "5"}, {"firstvs": "6", "id": "17-06", "lastvs": "7"}, {"firstvs": "8", "id": "17-08", "lastvs": "9"}, {"firstvs": "10", "id": "17-10", "lastvs": "11"}, {"firstvs": "12", "id": "17-12", "lastvs": "14"}, {"firstvs": "1", "id": "18-01", "lastvs": "2"}, {"firstvs": "3", "id": "18-03", "lastvs": "3"}, {"firstvs": "4", "id": "18-04", "lastvs": "5"}, {"firstvs": "6", "id": "18-06", "lastvs": "7"}, {"firstvs": "1", "id": "19-01", "lastvs": "2"}, {"firstvs": "3", "id": "19-03", "lastvs": "4"}, {"firstvs": "5", "id": "19-05", "lastvs": "6"}, {"firstvs": "7", "id": "19-07", "lastvs": "8"}, {"firstvs": "9", "id": "19-09", "lastvs": "10"}, {"firstvs": "11", "id": "19-11", "lastvs": "12"}, {"firstvs": "13", "id": "19-13", "lastvs": "15"}, {"firstvs": "16", "id": "19-16", "lastvs": "17"}, {"firstvs": "18", "id": "19-18", "lastvs": "18"}, {"firstvs": "19", "id": "19-19", "lastvs": "20"}, {"firstvs": "21", "id": "19-21", "lastvs": "22"}, {"firstvs": "23", "id": "19-23", "lastvs": "23"}, {"firstvs": "24", "id": "19-24", "lastvs": "25"}, {"firstvs": "1", "id": "20-01", "lastvs": "2"}, {"firstvs": "3", "id": "20-03", "lastvs": "4"}, {"firstvs": "5", "id": "20-05", "lastvs": "6"}, {"firstvs": "1", "id": "21-01", "lastvs": "2"}, {"firstvs": "3", "id": "21-03", "lastvs": "4"}, {"firstvs": "5", "id": "21-05", "lastvs": "5"}, {"firstvs": "6", "id": "21-06", "lastvs": "7"}, {"firstvs": "8", "id": "21-08", "lastvs": "9"}, {"firstvs": "10", "id": "21-10", "lastvs": "10"}, {"firstvs": "11", "id": "21-11", "lastvs": "12"}, {"firstvs": "13", "id": "21-13", "lastvs": "15"}, {"firstvs": "16", "id": "21-16", "lastvs": "17"}, {"firstvs": "1", "id": "22-01", "lastvs": "2"}, {"firstvs": "3", "id": "22-03", "lastvs": "4"}, {"firstvs": "5", "id": "22-05", "lastvs": "7"}, {"firstvs": "8", "id": "22-08", "lastvs": "9"}, {"firstvs": "10", "id": "22-10", "lastvs": "11"}, {"firstvs": "12", "id": "22-12", "lastvs": "14"}, {"firstvs": "15", "id": "22-15", "lastvs": "16"}, {"firstvs": "17", "id": "22-17", "lastvs": "19"}, {"firstvs": "20", "id": "22-20", "lastvs": "22"}, {"firstvs": "23", "id": "22-23", "lastvs": "24"}, {"firstvs": "25", "id": "22-25", "lastvs": "25"}, {"firstvs": "1", "id": "23-01", "lastvs": "3"}, {"firstvs": "4", "id": "23-04", "lastvs": "5"}, {"firstvs": "6", "id": "23-06", "lastvs": "7"}, {"firstvs": "8", "id": "23-08", "lastvs": "9"}, {"firstvs": "10", "id": "23-10", "lastvs": "12"}, {"firstvs": "13", "id": "23-13", "lastvs": "14"}, {"firstvs": "15", "id": "23-15", "lastvs": "16"}, {"firstvs": "17", "id": "23-17", "lastvs": "18"}, {"firstvs": "1", "id": "24-01", "lastvs": "2"}, {"firstvs": "3", "id": "24-03", "lastvs": "5"}, {"firstvs": "6", "id": "24-06", "lastvs": "7"}, {"firstvs": "8", "id": "24-08", "lastvs": "9"}, {"firstvs": "10", "id": "24-10", "lastvs": "11"}, {"firstvs": "12", "id": "24-12", "lastvs": "13"}, {"firstvs": "14", "id": "24-14", "lastvs": "15"}, {"firstvs": "16", "id": "24-16", "lastvs": "16"}, {"firstvs": "17", "id": "24-17", "lastvs": "18"}, {"firstvs": "19", "id": "24-19", "lastvs": "20"}, {"firstvs": "21", "id": "24-21", "lastvs": "23"}, {"firstvs": "1", "id": "25-01", "lastvs": "3"}, {"firstvs": "4", "id": "25-04", "lastvs": "5"}, {"firstvs": "6", "id": "25-06", "lastvs": "8"}, {"firstvs": "9", "id": "25-09", "lastvs": "10"}, {"firstvs": "11", "id": "25-11", "lastvs": "12"}, {"firstvs": "1", "id": "26-01", "lastvs": "2"}, {"firstvs": "3", "id": "26-03", "lastvs": "4"}, {"firstvs": "5", "id": "26-05", "lastvs": "6"}, {"firstvs": "7", "id": "26-07", "lastvs": "9"}, {"firstvs": "10", "id": "26-10", "lastvs": "10"}, {"firstvs": "11", "id": "26-11", "lastvs": "12"}, {"firstvs": "13", "id": "26-13", "lastvs": "14"}, {"firstvs": "15", "id": "26-15", "lastvs": "15"}, {"firstvs": "16", "id": "26-16", "lastvs": "17"}, {"firstvs": "18", "id": "26-18", "lastvs": "18"}, {"firstvs": "19", "id": "26-19", "lastvs": "19"}, {"firstvs": "20", "id": "26-20", "lastvs": "21"}, {"firstvs": "1", "id": "27-01", "lastvs": "3"}, {"firstvs": "4", "id": "27-04", "lastvs": "5"}, {"firstvs": "6", "id": "27-06", "lastvs": "6"}, {"firstvs": "7", "id": "27-07", "lastvs": "8"}, {"firstvs": "9", "id": "27-09", "lastvs": "9"}, {"firstvs": "10", "id": "27-10", "lastvs": "11"}, {"firstvs": "12", "id": "27-12", "lastvs": "13"}, {"firstvs": "1", "id": "28-01", "lastvs": "2"}, {"firstvs": "3", "id": "28-03", "lastvs": "4"}, {"firstvs": "5", "id": "28-05", "lastvs": "6"}, {"firstvs": "7", "id": "28-07", "lastvs": "8"}, {"firstvs": "9", "id": "28-09", "lastvs": "10"}, {"firstvs": "11", "id": "28-11", "lastvs": "12"}, {"firstvs": "13", "id": "28-13", "lastvs": "13"}, {"firstvs": "14", "id": "28-14", "lastvs": "15"}, {"firstvs": "16", "id": "28-16", "lastvs": "16"}, {"firstvs": "17", "id": "28-17", "lastvs": "17"}, {"firstvs": "18", "id": "28-18", "lastvs": "19"}, {"firstvs": "20", "id": "28-20", "lastvs": "21"}, {"firstvs": "22", "id": "28-22", "lastvs": "22"}, {"firstvs": "23", "id": "28-23", "lastvs": "24"}, {"firstvs": "25", "id": "28-25", "lastvs": "26"}, {"firstvs": "27", "id": "28-27", "lastvs": "28"}, {"firstvs": "29", "id": "28-29", "lastvs": "29"}, {"firstvs": "1", "id": "29-01", "lastvs": "2"}, {"firstvs": "3", "id": "29-03", "lastvs": "4"}, {"firstvs": "5", "id": "29-05", "lastvs": "6"}, {"firstvs": "7", "id": "29-07", "lastvs": "8"}, {"firstvs": "9", "id": "29-09", "lastvs": "10"}, {"firstvs": "11", "id": "29-11", "lastvs": "12"}, {"firstvs": "13", "id": "29-13", "lastvs": "14"}, {"firstvs": "15", "id": "29-15", "lastvs": "15"}, {"firstvs": "16", "id": "29-16", "lastvs": "16"}, {"firstvs": "17", "id": "29-17", "lastvs": "19"}, {"firstvs": "20", "id": "29-20", "lastvs": "21"}, {"firstvs": "22", "id": "29-22", "lastvs": "24"}, {"firstvs": "1", "id": "30-01", "lastvs": "2"}, {"firstvs": "3", "id": "30-03", "lastvs": "5"}, {"firstvs": "6", "id": "30-06", "lastvs": "7"}, {"firstvs": "8", "id": "30-08", "lastvs": "9"}, {"firstvs": "10", "id": "30-10", "lastvs": "11"}, {"firstvs": "12", "id": "30-12", "lastvs": "13"}, {"firstvs": "14", "id": "30-14", "lastvs": "14"}, {"firstvs": "15", "id": "30-15", "lastvs": "16"}, {"firstvs": "17", "id": "30-17", "lastvs": "17"}, {"firstvs": "18", "id": "30-18", "lastvs": "19"}, {"firstvs": "20", "id": "30-20", "lastvs": "21"}, {"firstvs": "22", "id": "30-22", "lastvs": "22"}, {"firstvs": "23", "id": "30-23", "lastvs": "24"}, {"firstvs": "25", "id": "30-25", "lastvs": "26"}, {"firstvs": "27", "id": "30-27", "lastvs": "28"}, {"firstvs": "29", "id": "30-29", "lastvs": "29"}, {"firstvs": "30", "id": "30-30", "lastvs": "30"}, {"firstvs": "31", "id": "30-31", "lastvs": "32"}, {"firstvs": "33", "id": "30-33", "lastvs": "33"}, {"firstvs": "1", "id": "31-01", "lastvs": "2"}, {"firstvs": "3", "id": "31-03", "lastvs": "3"}, {"firstvs": "4", "id": "31-04", "lastvs": "4"}, {"firstvs": "5", "id": "31-05", "lastvs": "9"}, {"firstvs": "1", "id": "32-01", "lastvs": "3"}, {"firstvs": "4", "id": "32-04", "lastvs": "6"}, {"firstvs": "7", "id": "32-07", "lastvs": "8"}, {"firstvs": "9", "id": "32-09", "lastvs": "10"}, {"firstvs": "11", "id": "32-11", "lastvs": "13"}, {"firstvs": "14", "id": "32-14", "lastvs": "15"}, {"firstvs": "16", "id": "32-16", "lastvs": "18"}, {"firstvs": "19", "id": "32-19", "lastvs": "20"}, {"firstvs": "1", "id": "33-01", "lastvs": "1"}, {"firstvs": "2", "id": "33-02", "lastvs": "2"}, {"firstvs": "3", "id": "33-03", "lastvs": "4"}, {"firstvs": "5", "id": "33-05", "lastvs": "6"}, {"firstvs": "7", "id": "33-07", "lastvs": "8"}, {"firstvs": "9", "id": "33-09", "lastvs": "9"}, {"firstvs": "10", "id": "33-10", "lastvs": "12"}, {"firstvs": "13", "id": "33-13", "lastvs": "14"}, {"firstvs": "15", "id": "33-15", "lastvs": "16"}, {"firstvs": "17", "id": "33-17", "lastvs": "19"}, {"firstvs": "20", "id": "33-20", "lastvs": "21"}, {"firstvs": "22", "id": "33-22", "lastvs": "22"}, {"firstvs": "23", "id": "33-23", "lastvs": "24"}, {"firstvs": "1", "id": "34-01", "lastvs": "2"}, {"firstvs": "3", "id": "34-03", "lastvs": "4"}, {"firstvs": "5", "id": "34-05", "lastvs": "6"}, {"firstvs": "7", "id": "34-07", "lastvs": "7"}, {"firstvs": "8", "id": "34-08", "lastvs": "10"}, {"firstvs": "11", "id": "34-11", "lastvs": "12"}, {"firstvs": "13", "id": "34-13", "lastvs": "15"}, {"firstvs": "16", "id": "34-16", "lastvs": "17"}, {"firstvs": "1", "id": "35-01", "lastvs": "2"}, {"firstvs": "3", "id": "35-03", "lastvs": "4"}, {"firstvs": "5", "id": "35-05", "lastvs": "7"}, {"firstvs": "8", "id": "35-08", "lastvs": "9"}, {"firstvs": "10", "id": "35-10", "lastvs": "10"}, {"firstvs": "1", "id": "36-01", "lastvs": "3"}, {"firstvs": "4", "id": "36-04", "lastvs": "5"}, {"firstvs": "6", "id": "36-06", "lastvs": "7"}, {"firstvs": "8", "id": "36-08", "lastvs": "8"}, {"firstvs": "9", "id": "36-09", "lastvs": "10"}, {"firstvs": "11", "id": "36-11", "lastvs": "12"}, {"firstvs": "13", "id": "36-13", "lastvs": "15"}, {"firstvs": "16", "id": "36-16", "lastvs": "17"}, {"firstvs": "18", "id": "36-18", "lastvs": "20"}, {"firstvs": "21", "id": "36-21", "lastvs": "22"}, {"firstvs": "1", "id": "37-01", "lastvs": "2"}, {"firstvs": "3", "id": "37-03", "lastvs": "4"}, {"firstvs": "5", "id": "37-05", "lastvs": "7"}, {"firstvs": "8", "id": "37-08", "lastvs": "10"}, {"firstvs": "11", "id": "37-11", "lastvs": "13"}, {"firstvs": "14", "id": "37-14", "lastvs": "16"}, {"firstvs": "17", "id": "37-17", "lastvs": "18"}, {"firstvs": "19", "id": "37-19", "lastvs": "20"}, {"firstvs": "21", "id": "37-21", "lastvs": "23"}, {"firstvs": "24", "id": "37-24", "lastvs": "25"}, {"firstvs": "26", "id": "37-26", "lastvs": "27"}, {"firstvs": "28", "id": "37-28", "lastvs": "29"}, {"firstvs": "30", "id": "37-30", "lastvs": "30"}, {"firstvs": "31", "id": "37-31", "lastvs": "32"}, {"firstvs": "33", "id": "37-33", "lastvs": "34"}, {"firstvs": "35", "id": "37-35", "lastvs": "35"}, {"firstvs": "36", "id": "37-36", "lastvs": "37"}, {"firstvs": "38", "id": "37-38", "lastvs": "38"}, {"firstvs": "1", "id": "38-01", "lastvs": "3"}, {"firstvs": "4", "id": "38-04", "lastvs": "6"}, {"firstvs": "7", "id": "38-07", "lastvs": "8"}, {"firstvs": "9", "id": "38-09", "lastvs": "11"}, {"firstvs": "12", "id": "38-12", "lastvs": "13"}, {"firstvs": "14", "id": "38-14", "lastvs": "15"}, {"firstvs": "16", "id": "38-16", "lastvs": "17"}, {"firstvs": "18", "id": "38-18", "lastvs": "19"}, {"firstvs": "20", "id": "38-20", "lastvs": "20"}, {"firstvs": "21", "id": "38-21", "lastvs": "22"}, {"firstvs": "1", "id": "39-01", "lastvs": "2"}, {"firstvs": "3", "id": "39-03", "lastvs": "4"}, {"firstvs": "5", "id": "39-05", "lastvs": "6"}, {"firstvs": "7", "id": "39-07", "lastvs": "8"}, {"firstvs": "1", "id": "40-01", "lastvs": "2"}, {"firstvs": "3", "id": "40-03", "lastvs": "5"}, {"firstvs": "6", "id": "40-06", "lastvs": "8"}, {"firstvs": "9", "id": "40-09", "lastvs": "10"}, {"firstvs": "11", "id": "40-11", "lastvs": "11"}, {"firstvs": "12", "id": "40-12", "lastvs": "12"}, {"firstvs": "13", "id": "40-13", "lastvs": "14"}, {"firstvs": "15", "id": "40-15", "lastvs": "17"}, {"firstvs": "18", "id": "40-18", "lastvs": "20"}, {"firstvs": "21", "id": "40-21", "lastvs": "22"}, {"firstvs": "23", "id": "40-23", "lastvs": "24"}, {"firstvs": "25", "id": "40-25", "lastvs": "26"}, {"firstvs": "27", "id": "40-27", "lastvs": "28"}, {"firstvs": "29", "id": "40-29", "lastvs": "31"}, {"firstvs": "1", "id": "41-01", "lastvs": "2"}, {"firstvs": "3", "id": "41-03", "lastvs": "4"}, {"firstvs": "5", "id": "41-05", "lastvs": "7"}, {"firstvs": "8", "id": "41-08", "lastvs": "9"}, {"firstvs": "10", "id": "41-10", "lastvs": "10"}, {"firstvs": "11", "id": "41-11", "lastvs": "11"}, {"firstvs": "12", "id": "41-12", "lastvs": "13"}, {"firstvs": "14", "id": "41-14", "lastvs": "15"}, {"firstvs": "16", "id": "41-16", "lastvs": "16"}, {"firstvs": "17", "id": "41-17", "lastvs": "18"}, {"firstvs": "19", "id": "41-19", "lastvs": "20"}, {"firstvs": "21", "id": "41-21", "lastvs": "22"}, {"firstvs": "23", "id": "41-23", "lastvs": "24"}, {"firstvs": "25", "id": "41-25", "lastvs": "26"}, {"firstvs": "27", "id": "41-27", "lastvs": "29"}, {"firstvs": "1", "id": "42-01", "lastvs": "2"}, {"firstvs": "3", "id": "42-03", "lastvs": "4"}, {"firstvs": "5", "id": "42-05", "lastvs": "6"}, {"firstvs": "7", "id": "42-07", "lastvs": "7"}, {"firstvs": "8", "id": "42-08", "lastvs": "9"}, {"firstvs": "10", "id": "42-10", "lastvs": "11"}, {"firstvs": "12", "id": "42-12", "lastvs": "13"}, {"firstvs": "14", "id": "42-14", "lastvs": "15"}, {"firstvs": "16", "id": "42-16", "lastvs": "16"}, {"firstvs": "17", "id": "42-17", "lastvs": "17"}, {"firstvs": "18", "id": "42-18", "lastvs": "19"}, {"firstvs": "20", "id": "42-20", "lastvs": "21"}, {"firstvs": "22", "id": "42-22", "lastvs": "22"}, {"firstvs": "23", "id": "42-23", "lastvs": "24"}, {"firstvs": "25", "id": "42-25", "lastvs": "25"}, {"firstvs": "1", "id": "43-01", "lastvs": "1"}, {"firstvs": "2", "id": "43-02", "lastvs": "3"}, {"firstvs": "4", "id": "43-04", "lastvs": "5"}, {"firstvs": "6", "id": "43-06", "lastvs": "7"}, {"firstvs": "8", "id": "43-08", "lastvs": "9"}, {"firstvs": "10", "id": "43-10", "lastvs": "11"}, {"firstvs": "12", "id": "43-12", "lastvs": "13"}, {"firstvs": "14", "id": "43-14", "lastvs": "15"}, {"firstvs": "16", "id": "43-16", "lastvs": "17"}, {"firstvs": "18", "id": "43-18", "lastvs": "19"}, {"firstvs": "20", "id": "43-20", "lastvs": "21"}, {"firstvs": "22", "id": "43-22", "lastvs": "23"}, {"firstvs": "24", "id": "43-24", "lastvs": "24"}, {"firstvs": "25", "id": "43-25", "lastvs": "26"}, {"firstvs": "27", "id": "43-27", "lastvs": "28"}, {"firstvs": "1", "id": "44-01", "lastvs": "2"}, {"firstvs": "3", "id": "44-03", "lastvs": "4"}, {"firstvs": "5", "id": "44-05", "lastvs": "5"}, {"firstvs": "6", "id": "44-06", "lastvs": "6"}, {"firstvs": "7", "id": "44-07", "lastvs": "7"}, {"firstvs": "8", "id": "44-08", "lastvs": "8"}, {"firstvs": "9", "id": "44-09", "lastvs": "10"}, {"firstvs": "11", "id": "44-11", "lastvs": "11"}, {"firstvs": "12", "id": "44-12", "lastvs": "12"}, {"firstvs": "13", "id": "44-13", "lastvs": "13"}, {"firstvs": "14", "id": "44-14", "lastvs": "14"}, {"firstvs": "15", "id": "44-15", "lastvs": "16"}, {"firstvs": "17", "id": "44-17", "lastvs": "17"}, {"firstvs": "18", "id": "44-18", "lastvs": "18"}, {"firstvs": "19", "id": "44-19", "lastvs": "19"}, {"firstvs": "20", "id": "44-20", "lastvs": "20"}, {"firstvs": "21", "id": "44-21", "lastvs": "22"}, {"firstvs": "23", "id": "44-23", "lastvs": "23"}, {"firstvs": "24", "id": "44-24", "lastvs": "25"}, {"firstvs": "26", "id": "44-26", "lastvs": "27"}, {"firstvs": "28", "id": "44-28", "lastvs": "28"}, {"firstvs": "1", "id": "45-01", "lastvs": "1"}, {"firstvs": "2", "id": "45-02", "lastvs": "3"}, {"firstvs": "4", "id": "45-04", "lastvs": "6"}, {"firstvs": "7", "id": "45-07", "lastvs": "8"}, {"firstvs": "9", "id": "45-09", "lastvs": "9"}, {"firstvs": "10", "id": "45-10", "lastvs": "10"}, {"firstvs": "11", "id": "45-11", "lastvs": "11"}, {"firstvs": "12", "id": "45-12", "lastvs": "12"}, {"firstvs": "13", "id": "45-13", "lastvs": "13"}, {"firstvs": "14", "id": "45-14", "lastvs": "15"}, {"firstvs": "16", "id": "45-16", "lastvs": "17"}, {"firstvs": "18", "id": "45-18", "lastvs": "18"}, {"firstvs": "19", "id": "45-19", "lastvs": "19"}, {"firstvs": "20", "id": "45-20", "lastvs": "20"}, {"firstvs": "21", "id": "45-21", "lastvs": "21"}, {"firstvs": "22", "id": "45-22", "lastvs": "23"}, {"firstvs": "24", "id": "45-24", "lastvs": "25"}, {"firstvs": "1", "id": "46-01", "lastvs": "2"}, {"firstvs": "3", "id": "46-03", "lastvs": "4"}, {"firstvs": "5", "id": "46-05", "lastvs": "6"}, {"firstvs": "7", "id": "46-07", "lastvs": "7"}, {"firstvs": "8", "id": "46-08", "lastvs": "9"}, {"firstvs": "10", "id": "46-10", "lastvs": "11"}, {"firstvs": "12", "id": "46-12", "lastvs": "13"}, {"firstvs": "1", "id": "47-01", "lastvs": "2"}, {"firstvs": "3", "id": "47-03", "lastvs": "5"}, {"firstvs": "6", "id": "47-06", "lastvs": "7"}, {"firstvs": "8", "id": "47-08", "lastvs": "9"}, {"firstvs": "10", "id": "47-10", "lastvs": "11"}, {"firstvs": "12", "id": "47-12", "lastvs": "13"}, {"firstvs": "14", "id": "47-14", "lastvs": "15"}, {"firstvs": "1", "id": "48-01", "lastvs": "2"}, {"firstvs": "3", "id": "48-03", "lastvs": "5"}, {"firstvs": "6", "id": "48-06", "lastvs": "7"}, {"firstvs": "8", "id": "48-08", "lastvs": "8"}, {"firstvs": "9", "id": "48-09", "lastvs": "11"}, {"firstvs": "12", "id": "48-12", "lastvs": "13"}, {"firstvs": "14", "id": "48-14", "lastvs": "15"}, {"firstvs": "16", "id": "48-16", "lastvs": "16"}, {"firstvs": "17", "id": "48-17", "lastvs": "18"}, {"firstvs": "19", "id": "48-19", "lastvs": "19"}, {"firstvs": "20", "id": "48-20", "lastvs": "20"}, {"firstvs": "21", "id": "48-21", "lastvs": "22"}, {"firstvs": "1", "id": "49-01", "lastvs": "2"}, {"firstvs": "3", "id": "49-03", "lastvs": "4"}, {"firstvs": "5", "id": "49-05", "lastvs": "6"}, {"firstvs": "7", "id": "49-07", "lastvs": "7"}, {"firstvs": "8", "id": "49-08", "lastvs": "8"}, {"firstvs": "9", "id": "49-09", "lastvs": "9"}, {"firstvs": "10", "id": "49-10", "lastvs": "11"}, {"firstvs": "12", "id": "49-12", "lastvs": "13"}, {"firstvs": "14", "id": "49-14", "lastvs": "15"}, {"firstvs": "16", "id": "49-16", "lastvs": "18"}, {"firstvs": "19", "id": "49-19", "lastvs": "20"}, {"firstvs": "21", "id": "49-21", "lastvs": "21"}, {"firstvs": "22", "id": "49-22", "lastvs": "22"}, {"firstvs": "23", "id": "49-23", "lastvs": "23"}, {"firstvs": "24", "id": "49-24", "lastvs": "25"}, {"firstvs": "26", "id": "49-26", "lastvs": "26"}, {"firstvs": "1", "id": "50-01", "lastvs": "1"}, {"firstvs": "2", "id": "50-02", "lastvs": "3"}, {"firstvs": "4", "id": "50-04", "lastvs": "4"}, {"firstvs": "5", "id": "50-05", "lastvs": "6"}, {"firstvs": "7", "id": "50-07", "lastvs": "7"}, {"firstvs": "8", "id": "50-08", "lastvs": "9"}, {"firstvs": "10", "id": "50-10", "lastvs": "10"}, {"firstvs": "11", "id": "50-11", "lastvs": "11"}, {"firstvs": "1", "id": "51-01", "lastvs": "1"}, {"firstvs": "2", "id": "51-02", "lastvs": "2"}, {"firstvs": "3", "id": "51-03", "lastvs": "3"}, {"firstvs": "4", "id": "51-04", "lastvs": "5"}, {"firstvs": "6", "id": "51-06", "lastvs": "6"}, {"firstvs": "7", "id": "51-07", "lastvs": "8"}, {"firstvs": "9", "id": "51-09", "lastvs": "10"}, {"firstvs": "11", "id": "51-11", "lastvs": "11"}, {"firstvs": "12", "id": "51-12", "lastvs": "12"}, {"firstvs": "13", "id": "51-13", "lastvs": "13"}, {"firstvs": "14", "id": "51-14", "lastvs": "15"}, {"firstvs": "16", "id": "51-16", "lastvs": "16"}, {"firstvs": "17", "id": "51-17", "lastvs": "18"}, {"firstvs": "19", "id": "51-19", "lastvs": "20"}, {"firstvs": "21", "id": "51-21", "lastvs": "22"}, {"firstvs": "23", "id": "51-23", "lastvs": "23"}, {"firstvs": "1", "id": "52-01", "lastvs": "1"}, {"firstvs": "2", "id": "52-02", "lastvs": "3"}, {"firstvs": "4", "id": "52-04", "lastvs": "4"}, {"firstvs": "5", "id": "52-05", "lastvs": "6"}, {"firstvs": "7", "id": "52-07", "lastvs": "8"}, {"firstvs": "9", "id": "52-09", "lastvs": "10"}, {"firstvs": "11", "id": "52-11", "lastvs": "12"}, {"firstvs": "13", "id": "52-13", "lastvs": "14"}, {"firstvs": "15", "id": "52-15", "lastvs": "15"}, {"firstvs": "1", "id": "53-01", "lastvs": "2"}, {"firstvs": "3", "id": "53-03", "lastvs": "3"}, {"firstvs": "4", "id": "53-04", "lastvs": "4"}, {"firstvs": "5", "id": "53-05", "lastvs": "5"}, {"firstvs": "6", "id": "53-06", "lastvs": "6"}, {"firstvs": "7", "id": "53-07", "lastvs": "7"}, {"firstvs": "8", "id": "53-08", "lastvs": "9"}, {"firstvs": "10", "id": "53-10", "lastvs": "11"}, {"firstvs": "12", "id": "53-12", "lastvs": "12"}, {"firstvs": "1", "id": "54-01", "lastvs": "1"}, {"firstvs": "2", "id": "54-02", "lastvs": "3"}, {"firstvs": "4", "id": "54-04", "lastvs": "4"}, {"firstvs": "5", "id": "54-05", "lastvs": "6"}, {"firstvs": "7", "id": "54-07", "lastvs": "8"}, {"firstvs": "9", "id": "54-09", "lastvs": "10"}, {"firstvs": "11", "id": "54-11", "lastvs": "12"}, {"firstvs": "13", "id": "54-13", "lastvs": "14"}, {"firstvs": "15", "id": "54-15", "lastvs": "16"}, {"firstvs": "17", "id": "54-17", "lastvs": "17"}, {"firstvs": "1", "id": "55-01", "lastvs": "1"}, {"firstvs": "2", "id": "55-02", "lastvs": "2"}, {"firstvs": "3", "id": "55-03", "lastvs": "4"}, {"firstvs": "5", "id": "55-05", "lastvs": "5"}, {"firstvs": "6", "id": "55-06", "lastvs": "7"}, {"firstvs": "8", "id": "55-08", "lastvs": "9"}, {"firstvs": "10", "id": "55-10", "lastvs": "11"}, {"firstvs": "12", "id": "55-12", "lastvs": "13"}, {"firstvs": "1", "id": "56-01", "lastvs": "2"}, {"firstvs": "3", "id": "56-03", "lastvs": "3"}, {"firstvs": "4", "id": "56-04", "lastvs": "5"}, {"firstvs": "6", "id": "56-06", "lastvs": "7"}, {"firstvs": "8", "id": "56-08", "lastvs": "8"}, {"firstvs": "9", "id": "56-09", "lastvs": "10"}, {"firstvs": "11", "id": "56-11", "lastvs": "12"}, {"firstvs": "1", "id": "57-01", "lastvs": "2"}, {"firstvs": "3", "id": "57-03", "lastvs": "4"}, {"firstvs": "5", "id": "57-05", "lastvs": "5"}, {"firstvs": "6", "id": "57-06", "lastvs": "6"}, {"firstvs": "7", "id": "57-07", "lastvs": "8"}, {"firstvs": "9", "id": "57-09", "lastvs": "10"}, {"firstvs": "11", "id": "57-11", "lastvs": "12"}, {"firstvs": "13", "id": "57-13", "lastvs": "13"}, {"firstvs": "14", "id": "57-14", "lastvs": "15"}, {"firstvs": "16", "id": "57-16", "lastvs": "17"}, {"firstvs": "18", "id": "57-18", "lastvs": "19"}, {"firstvs": "20", "id": "57-20", "lastvs": "21"}, {"firstvs": "1", "id": "58-01", "lastvs": "2"}, {"firstvs": "3", "id": "58-03", "lastvs": "3"}, {"firstvs": "4", "id": "58-04", "lastvs": "5"}, {"firstvs": "6", "id": "58-06", "lastvs": "7"}, {"firstvs": "8", "id": "58-08", "lastvs": "8"}, {"firstvs": "9", "id": "58-09", "lastvs": "10"}, {"firstvs": "11", "id": "58-11", "lastvs": "11"}, {"firstvs": "12", "id": "58-12", "lastvs": "12"}, {"firstvs": "13", "id": "58-13", "lastvs": "13"}, {"firstvs": "14", "id": "58-14", "lastvs": "14"}, {"firstvs": "1", "id": "59-01", "lastvs": "2"}, {"firstvs": "3", "id": "59-03", "lastvs": "4"}, {"firstvs": "5", "id": "59-05", "lastvs": "6"}, {"firstvs": "7", "id": "59-07", "lastvs": "8"}, {"firstvs": "9", "id": "59-09", "lastvs": "10"}, {"firstvs": "11", "id": "59-11", "lastvs": "11"}, {"firstvs": "12", "id": "59-12", "lastvs": "13"}, {"firstvs": "14", "id": "59-14", "lastvs": "15"}, {"firstvs": "16", "id": "59-16", "lastvs": "16"}, {"firstvs": "17", "id": "59-17", "lastvs": "18"}, {"firstvs": "19", "id": "59-19", "lastvs": "20"}, {"firstvs": "21", "id": "59-21", "lastvs": "21"}, {"firstvs": "1", "id": "60-01", "lastvs": "1"}, {"firstvs": "2", "id": "60-02", "lastvs": "3"}, {"firstvs": "4", "id": "60-04", "lastvs": "5"}, {"firstvs": "6", "id": "60-06", "lastvs": "7"}, {"firstvs": "8", "id": "60-08", "lastvs": "9"}, {"firstvs": "10", "id": "60-10", "lastvs": "11"}, {"firstvs": "12", "id": "60-12", "lastvs": "13"}, {"firstvs": "14", "id": "60-14", "lastvs": "14"}, {"firstvs": "15", "id": "60-15", "lastvs": "16"}, {"firstvs": "17", "id": "60-17", "lastvs": "18"}, {"firstvs": "19", "id": "60-19", "lastvs": "20"}, {"firstvs": "21", "id": "60-21", "lastvs": "22"}, {"firstvs": "1", "id": "61-01", "lastvs": "1"}, {"firstvs": "2", "id": "61-02", "lastvs": "2"}, {"firstvs": "3", "id": "61-03", "lastvs": "3"}, {"firstvs": "4", "id": "61-04", "lastvs": "5"}, {"firstvs": "6", "id": "61-06", "lastvs": "7"}, {"firstvs": "8", "id": "61-08", "lastvs": "9"}, {"firstvs": "10", "id": "61-10", "lastvs": "11"}, {"firstvs": "1", "id": "62-01", "lastvs": "2"}, {"firstvs": "3", "id": "62-03", "lastvs": "4"}, {"firstvs": "5", "id": "62-05", "lastvs": "5"}, {"firstvs": "6", "id": "62-06", "lastvs": "7"}, {"firstvs": "8", "id": "62-08", "lastvs": "9"}, {"firstvs": "10", "id": "62-10", "lastvs": "10"}, {"firstvs": "11", "id": "62-11", "lastvs": "12"}, {"firstvs": "1", "id": "63-01", "lastvs": "2"}, {"firstvs": "3", "id": "63-03", "lastvs": "4"}, {"firstvs": "5", "id": "63-05", "lastvs": "6"}, {"firstvs": "7", "id": "63-07", "lastvs": "8"}, {"firstvs": "9", "id": "63-09", "lastvs": "9"}, {"firstvs": "10", "id": "63-10", "lastvs": "10"}, {"firstvs": "11", "id": "63-11", "lastvs": "11"}, {"firstvs": "12", "id": "63-12", "lastvs": "13"}, {"firstvs": "14", "id": "63-14", "lastvs": "14"}, {"firstvs": "15", "id": "63-15", "lastvs": "16"}, {"firstvs": "17", "id": "63-17", "lastvs": "17"}, {"firstvs": "18", "id": "63-18", "lastvs": "19"}, {"firstvs": "1", "id": "64-01", "lastvs": "2"}, {"firstvs": "3", "id": "64-03", "lastvs": "4"}, {"firstvs": "5", "id": "64-05", "lastvs": "5"}, {"firstvs": "6", "id": "64-06", "lastvs": "7"}, {"firstvs": "8", "id": "64-08", "lastvs": "9"}, {"firstvs": "10", "id": "64-10", "lastvs": "12"}, {"firstvs": "1", "id": "65-01", "lastvs": "2"}, {"firstvs": "3", "id": "65-03", "lastvs": "4"}, {"firstvs": "5", "id": "65-05", "lastvs": "5"}, {"firstvs": "6", "id": "65-06", "lastvs": "7"}, {"firstvs": "8", "id": "65-08", "lastvs": "8"}, {"firstvs": "9", "id": "65-09", "lastvs": "10"}, {"firstvs": "11", "id": "65-11", "lastvs": "11"}, {"firstvs": "12", "id": "65-12", "lastvs": "12"}, {"firstvs": "13", "id": "65-13", "lastvs": "14"}, {"firstvs": "15", "id": "65-15", "lastvs": "16"}, {"firstvs": "17", "id": "65-17", "lastvs": "19"}, {"firstvs": "20", "id": "65-20", "lastvs": "21"}, {"firstvs": "22", "id": "65-22", "lastvs": "23"}, {"firstvs": "24", "id": "65-24", "lastvs": "25"}, {"firstvs": "1", "id": "66-01", "lastvs": "1"}, {"firstvs": "2", "id": "66-02", "lastvs": "2"}, {"firstvs": "3", "id": "66-03", "lastvs": "3"}, {"firstvs": "4", "id": "66-04", "lastvs": "4"}, {"firstvs": "5", "id": "66-05", "lastvs": "5"}, {"firstvs": "6", "id": "66-06", "lastvs": "6"}, {"firstvs": "7", "id": "66-07", "lastvs": "8"}, {"firstvs": "9", "id": "66-09", "lastvs": "9"}, {"firstvs": "10", "id": "66-10", "lastvs": "11"}, {"firstvs": "12", "id": "66-12", "lastvs": "13"}, {"firstvs": "14", "id": "66-14", "lastvs": "14"}, {"firstvs": "15", "id": "66-15", "lastvs": "16"}, {"firstvs": "17", "id": "66-17", "lastvs": "17"}, {"firstvs": "18", "id": "66-18", "lastvs": "19"}, {"firstvs": "20", "id": "66-20", "lastvs": "21"}, {"firstvs": "22", "id": "66-22", "lastvs": "23"}, {"firstvs": "24", "id": "66-00", "lastvs": "24"}]