[{"id": "01", "tn": [{"ref": "David attacked", "text": "Here David represents his soldiers. AT: \"David and his soldiers attacked\" (See: [[:en:ta:vol2:translate:figs_synecdoche]])"}]}, {"id": "02", "tn": [{"ref": "Then he defeated", "text": "Here \"he\" refers to David who represents his soldiers. AT: \"Then they defeated\" (See: [[:en:ta:vol2:translate:figs_synecdoche]])"}, {"ref": "measured their men with a line ... He measured off two lines to put to death, and one full line to keep alive", "text": "Here the \"line\" is a \"rope.\" David had the soldiers lie down on the ground to be measured and sorted into three groups. The men in two groups were killed, and in the third, they were allowed to live."}]}, {"id": "03", "tn": [{"ref": "David then defeated Hadadezer", "text": "Here both \"David\" and \"Hadadezer\" represent their armies. AT: \"David and his army then defeated the army of Hadadezer\" (See: [[:en:ta:vol2:translate:figs_synecdoche]])"}, {"ref": "Hadadezer ... Rehob", "text": "These are the names of men. (See: [[:en:ta:vol1:translate:translate_names]])"}, {"ref": "Zobah", "text": "This is the name of a region in Aram. (See: [[:en:ta:vol1:translate:translate_names]])"}, {"ref": "to recover his rule", "text": "\"to regain control over a region\" or \"to recapture a region\""}, {"ref": "twenty thousand footmen", "text": "\"20,000 footmen\" (See: [[:en:ta:vol2:translate:translate_numbers]])"}, {"ref": "David hamstrung", "text": "This is a practice where the tendons in the backs of the legs are cut so that the horses cannot run."}, {"ref": "reserved enough", "text": "\"set aside enough\" or \"saved enough\""}, {"ref": "a hundred chariots", "text": "\"100 chariots\" (See: [[:en:ta:vol2:translate:translate_numbers]])"}]}, {"id": "05", "tn": [{"ref": "David killed", "text": "Here David represents his soldiers. AT: \"David and his soldiers killed\" (See: [[:en:ta:vol2:translate:figs_synecdoche]])"}, {"ref": "twenty-two thousand Aramean men", "text": "two thousand Aramean men** - \"22,000 Aramean men\" (See:  [[:en:ta:vol2:translate:translate_numbers]])"}, {"ref": "put garrisons in Aram", "text": "\"ordered large groups of his soldiers to remain in Aram\""}]}, {"id": "07", "tn": [{"ref": "David took ... King David took", "text": "Here David represents his soldiers. (See: [[:en:ta:vol2:translate:figs_synecdoche]])"}, {"ref": "Betah and Berothai", "text": "These are the names of places. (See: [[:en:ta:vol1:translate:translate_names]])"}]}, {"id": "09", "tn": [{"ref": "Tou ... Hadoram", "text": "These are the names of men. (See: [[:en:ta:vol1:translate:translate_names]])"}, {"ref": "Hamath", "text": "This is the name of a place. (See: [[:en:ta:vol1:translate:translate_names]])"}, {"ref": "David had defeated", "text": "Here \"David\" represents his army. AT: \"David's army had defeated\" (See: [[:en:ta:vol2:translate:figs_synecdoche]])"}]}, {"id": "11", "tn": [{"ref": "and Amalek", "text": "\"and the Amalekites\""}, {"ref": "the plundered goods", "text": "These are the valuable items that soldiers take from the people they defeated."}, {"ref": "Hadadezer son of Rehob, the king of Zobah", "text": "Translate these names as you did in [[:en:bible:notes:2sa:08:03|8:3]]."}]}, {"id": "13", "tn": [{"ref": "David's name was well known", "text": "Here \"name\" refers to David's reputation. This can be stated in active form. AT: \"David was very famous\" (See: [[:en:ta:vol2:translate:figs_metonymy]] and [[:en:ta:vol2:translate:figs_activepassive]])"}, {"ref": "Valley of Salt", "text": "This is the name of a place. Its exact location is unknown. (See: [[:en:ta:vol1:translate:translate_names]])"}, {"ref": "eighteen thousand men", "text": "\"18,000 men\" (See: [[:en:ta:vol2:translate:translate_numbers]])"}, {"ref": "He placed garrisons throughout all of Edom", "text": "\"He ordered groups of his soldiers to remain in areas throughout all of Edom\""}]}, {"id": "15", "tn": [{"ref": "Joab son of Zeruiah", "text": "Translate these names as you did in [[:en:bible:notes:2sa:02:12|2:13]]."}, {"ref": "Ahilud ... Ahitub ... Ahimelech ... Seraiah ... Jehoiada", "text": "These are names of men. (See: [[:en:ta:vol1:translate:translate_names]])"}, {"ref": "Ahilud was recorder", "text": "A recorder was a person who spoke to the people and told them the king's announcements. AT: \"Ahilud was the herald\" (See: [[:en:ta:vol1:translate:figs_explicit]])"}, {"ref": "Cherethites ... Pelethites", "text": "These are names of people-groups. These people were David's bodyguards. (See: [[:en:ta:vol1:translate:translate_names]])"}]}]