{"files":{"application-2878145e9d58c5033dd894d524662005.js":{"logical_path":"application.js","mtime":"2014-05-15T19:45:16-07:00","size":134477,"digest":"2878145e9d58c5033dd894d524662005"},"application-6d0cb337a5690ab47ff11c8b90902b6a.css":{"logical_path":"application.css","mtime":"2014-05-15T19:45:16-07:00","size":110864,"digest":"6d0cb337a5690ab47ff11c8b90902b6a"},"glyphicons-halflings-white-8fd6c4a985974c6ff0c0c244f325c81a.png":{"logical_path":"glyphicons-halflings-white.png","mtime":"2014-05-10T21:33:53-07:00","size":8777,"digest":"8fd6c4a985974c6ff0c0c244f325c81a"},"glyphicons-halflings-a3875d6fa4c73109ea7a83fca7134081.png":{"logical_path":"glyphicons-halflings.png","mtime":"2014-05-10T21:33:53-07:00","size":12799,"digest":"a3875d6fa4c73109ea7a83fca7134081"}},"assets":{"application.js":"application-2878145e9d58c5033dd894d524662005.js","application.css":"application-6d0cb337a5690ab47ff11c8b90902b6a.css","glyphicons-halflings-white.png":"glyphicons-halflings-white-8fd6c4a985974c6ff0c0c244f325c81a.png","glyphicons-halflings.png":"glyphicons-halflings-a3875d6fa4c73109ea7a83fca7134081.png"}}