[{"id": "01", "tn": [{"ref": "Nadab, Abihu, Eleazar and Ithamar", "text": "See how you translated these names in [[:en:bible:notes:1ch:06:01|6:3]]."}, {"ref": "Ahimelech", "text": "This is the name of a man. (See: [[:en:ta:vol1:translate:translate_names]])"}, {"ref": "divided them into groups", "text": "\"divided the descendants of Eleazar and Ithamar into groups\""}]}, {"id": "04", "tn": [{"ref": "they divided", "text": "\"David, Zadok, and Ahimelech divided\""}, {"ref": "sixteen groups", "text": "\"16 groups\" (See: [[:en:ta:vol2:translate:translate_numbers]])"}, {"ref": "These divisions were eight in number, corresponding to their clans", "text": "\"There were 8 divisions based on the clans of Ithamar's descendants\""}]}, {"id": "06", "tn": [{"ref": "Shemaiah", "text": "This is the name of a man. (See: [[:en:ta:vol1:translate:translate_names]])"}, {"ref": "Nethanel", "text": "See how you translated this in [[:en:bible:notes:1ch:15:22|15:24]]."}, {"ref": "Ahimelech", "text": "See how you translated this in [[:en:bible:notes:1ch:18:14|18:16]]."}, {"ref": "One clan was drawn by lot from Eleazar's descendants, and then the next would be drawn from Ithamar's descendants", "text": "AT: \"They chose one by lot from Eleazar's descendants, then they would choose by lot one from Ithamar's descendants\" (See: [[:en:ta:vol2:translate:figs_activepassive]])"}]}, {"id": "07", "tn": [{"ref": "General Information:", "text": "This is the order of service that David, Zadok, and Ahimelech chose by lot for the descendants of Eleazar and Ithamar. (See: [[:en:ta:vol1:translate:translate_names]])"}]}, {"id": "11", "tn": [{"ref": "General Information:", "text": "This is the order of service that David, Zadok, and Ahimelech chose by lot for the descendants of Eleazar and Ithamar. (See: [[:en:ta:vol1:translate:translate_names]])"}]}, {"id": "15", "tn": [{"ref": "General Information:", "text": "This concludes the order of service that David, Zadok, and Ahimelech chose by lot for the descendants of Eleazar and Ithamar. (See: [[:en:ta:vol1:translate:translate_names]])"}]}, {"id": "19", "tn": [{"ref": "following the procedure given to them by Aaron their ancestor", "text": "AT: \"following the rules that Aaron their ancestor gave them\" (See: [[:en:ta:vol2:translate:figs_activepassive]])"}]}, {"id": "20", "tn": [{"ref": "General Information:", "text": "This begins the list of names of the other sons of Levi. This list will end in [[:en:bible:notes:1ch:24:29|24:30]]. (See: [[:en:ta:vol1:translate:translate_names]])"}, {"ref": "Amram", "text": "See how you translated this in [[:en:bible:notes:1ch:06:01|6:3]]."}, {"ref": "Shebuel", "text": "See how you translated this in [[:en:bible:notes:1ch:23:15|23:16]]."}]}, {"id": "23", "tn": [{"ref": "Hebron ... Jeriah ... Amariah ... Jahaziel ... Jekameam", "text": "See how you translated the names of these men in [[:en:bible:notes:1ch:23:19|23:19]]."}, {"ref": "Uzziel ... Micah ... Isshiah", "text": "See how you translated these names in [[:en:bible:notes:1ch:23:19|23:20]]."}, {"ref": "Shamir ... Zechariah", "text": "These are the names of men. (See: [[:en:ta:vol1:translate:translate_names]])"}]}, {"id": "26", "tn": [{"ref": "Merari ... Mahli ... Mushi ... Eleazar", "text": "See how you translated the names of these men in [[:en:bible:notes:1ch:23:21|23:21]]."}, {"ref": "Jaaziah ... Beno ... Shoham ... Zaccur ... Ibri", "text": "These are the names of men. (See: [[:en:ta:vol1:translate:translate_names]])"}]}, {"id": "29", "tn": [{"ref": "Kish ... Mushi", "text": "See how you translated the names of these men in [[:en:bible:notes:1ch:23:21|23:21]]."}, {"ref": "Jerahmeel ... Mahli ... Eder ... Jerimoth", "text": "These are the names of men. (See: [[:en:ta:vol1:translate:translate_names]])"}, {"ref": "Ahimelech", "text": "See how you translated his name in [[:en:bible:notes:1ch:18:14|18:16]]."}]}]