[{"id": "01", "tn": [{"ref": "all the people of Israel returned", "text": "It is possible to take this as [[:en:ta:vol2:translate:figs_hyperbole]]. AT: \"almost all of Israel\"\""}]}, {"id": "02", "tn": [{"ref": "assigned the king's portion for the burnt offerings from his own possessions", "text": "Hezekiah took the meat and grain used for the burnt offerings out of his own possessions."}, {"ref": "new moons", "text": "This was a festival coinciding with the movement of the moon."}, {"ref": "the fixed festivals", "text": "This references festivals which occur on specific dates."}]}, {"id": "04", "tn": [{"ref": "a tithe of everything", "text": "\"a tenth of all their crops\""}]}, {"id": "06", "tn": [{"ref": "third month", "text": "This is the third month of the Hebrew calendar. It is at the end of the harvest season and the beginning of the dry season. It is during the last part of May and the first part of June on Western calendars. (See: [[:en:ta:vol2:translate:translate_hebrewmonths]] and [[:en:ta:vol2:translate:translate_ordinal]])"}, {"ref": "seventh month", "text": "This is the seventh month of the Hebrew calendar. This is during the early rain season, which would soften the land for sowing. It is during the last part of September and the first part of October on Western calendars. (See: [[:en:ta:vol2:translate:translate_hebrewmonths]] and [[:en:ta:vol2:translate:translate_ordinal]])"}]}, {"id": "09", "tn": [{"ref": "What was left over is this large amount here", "text": "The chief priest would have been pointing to a large pile."}]}, {"id": "11", "tn": [{"ref": "Conaniah, the Levite, was the manager in charge of them, and Shimei, his brother, was second to him. Jehiel, Azaziah, Nahath, Asahel, Jerimoth, Jozabad, Eliel, Ismachiah, Mahath, and Benaiah", "text": "(See: [[:en:ta:vol1:translate:translate_names]])"}]}, {"id": "14", "tn": [{"ref": "Kore son of Imnah ... Eden, Miniamin, Jeshua, Shemaiah, Amariah, and Shecaniah", "text": "(See: [[:en:ta:vol1:translate:translate_names]])"}, {"ref": "Under him", "text": "\"under his authority\" (See: [[:en:ta:vol2:translate:figs_synecdoche]])"}, {"ref": "both the important and the unimportant", "text": "\"everyone\" (See: [[:en:ta:vol2:translate:figs_merism]])"}]}, {"id": "16", "tn": [{"ref": "three years old and up", "text": "AT: \"three years old and older\""}, {"ref": "as required by the daily schedule", "text": "AT: \"as is required every day\""}]}]