[{"id": "01", "tn": [{"ref": "the things ... that Amos ... received in revelation", "text": "Everything that God made Amos understand through what Amos saw or heard."}, {"ref": "Yahweh will roar from Zion; he will raise his voice from Jerusalem.", "text": "These two lines share similar meanings. Together they emphasize that Yahweh shouts loudly as he prepares to judge the nation. (See: [[:en:ta:vol2:translate:figs_parallelism]])"}, {"ref": "Yahweh will roar", "text": "like 1) a lion or 2) thunder (See: [[:en:ta:vol1:translate:figs_metaphor]])"}, {"ref": "Yahweh", "text": "This is the name of God that he revealed to his people in the Old Testament. See the translationWord page about Yahweh concerning how to translate this."}]}, {"id": "03", "tn": [{"ref": "For three sins ... even for four", "text": "\"For many sins ... for too many sins\" or \"Because ... has sinned so much, has sinned more than I can permit\" (See: [[:en:ta:vol1:translate:figs_idiom]])"}, {"ref": "I will not turn away punishment", "text": "\"I will most certainly punish those people\" (See: [[:en:ta:vol2:translate:figs_litotes]])"}]}, {"id": "05", "tn": [{"ref": "cut off the man", "text": "Here \"cut off\" means either \"destroy\" or \"drive away.\" (See: [[:en:ta:vol1:translate:figs_metaphor]])"}, {"ref": "the man who holds the scepter in Beth Eden", "text": "Some modern versions interpret this to be the same man who lives in Biqat Aven."}, {"ref": "the man who lives in Biqat Aven", "text": "Some modern versions interpret this to mean, \"The people who live in Biqat Aven.\" The versions that have \"the man\" usually interpret this expression to mean the king."}, {"ref": "Biqat Aven ... Beth Eden ... Kir", "text": "names of cities (See: [[:en:ta:vol1:translate:translate_names]])"}, {"ref": "Eden", "text": "different from the Garden of Eden"}, {"ref": "the man who holds the scepter", "text": "the king or chief (See: [[:en:ta:vol2:translate:figs_metonymy]])"}]}, {"id": "06", "tn": [{"ref": "For three sins ... even for four, I will not turn away punishment", "text": "See how you translated these words in [[:en:bible:notes:amo:01:03|1:3]]."}]}, {"id": "08", "tn": [{"ref": "cut off", "text": "Here \"cut off\" means either \"destroy\" or \"drive away.\" (See: [[:en:ta:vol1:translate:figs_metaphor]])"}, {"ref": "the man who lives in Ashdod", "text": "Some modern versions interpret this to mean, \"The people who live in Ashdod.\" The versions that have \"the man\" usually interpret this expression to mean the king."}, {"ref": "the man who holds the scepter from Ashkelon", "text": "Some modern versions interpret this to be the same man who lives in Ashdod."}, {"ref": "I will turn my hand against Ekron", "text": "or \"I will fight against Ekron\" (See: [[:en:ta:vol2:translate:figs_synecdoche]])"}]}, {"id": "09", "tn": [{"ref": "For three sins ... even for four, I will not turn away punishment", "text": "See how you translated these words in [[:en:bible:notes:amo:01:03|1:3]]."}, {"ref": "their covenant of brotherhood", "text": "\"the agreement they made to treat you as brothers\""}]}, {"id": "11", "tn": [{"ref": "For three sins ... even for four, I will not turn away punishment", "text": "See how you translated these words in [[:en:bible:notes:amo:01:03|1:3]]."}, {"ref": "his wrath lasted forever", "text": "\"his wrath has lasted until now\" (See: [[:en:ta:vol2:translate:figs_hyperbole]])"}, {"ref": "Bozrah", "text": "See: [[:en:ta:vol1:translate:translate_names]]"}]}, {"id": "13", "tn": [{"ref": "For three sins ... even for four, I will not turn away punishment", "text": "See how you translated these words in [[:en:bible:notes:amo:01:03|1:3]]."}]}, {"id": "14", "tn": [{"ref": "with a tempest in the day of the whirlwind", "text": "\"with many bad things happening all at once\" (See: [[:en:ta:vol1:translate:figs_metaphor]])"}, {"ref": "tempest ... whirlwind", "text": "two kinds of violent storm"}, {"ref": "whirlwind", "text": "a storm in which the wind goes around in a circle"}]}]