[{"firstvs": "1", "id": "01-01", "lastvs": "2"}, {"firstvs": "3", "id": "01-03", "lastvs": "4"}, {"firstvs": "5", "id": "01-05", "lastvs": "6"}, {"firstvs": "7", "id": "01-07", "lastvs": "8"}, {"firstvs": "9", "id": "01-09", "lastvs": "11"}, {"firstvs": "12", "id": "01-12", "lastvs": "13"}, {"firstvs": "14", "id": "01-14", "lastvs": "16"}, {"firstvs": "17", "id": "01-17", "lastvs": "19"}, {"firstvs": "20", "id": "01-20", "lastvs": "21"}, {"firstvs": "22", "id": "01-22", "lastvs": "23"}, {"firstvs": "24", "id": "01-00", "lastvs": "25"}]