[{"id": "01", "tn": [{"ref": "Ziklag", "text": "Ziklag is a city in the southern part of Judah. This was where David and his men kept their families."}, {"ref": "they", "text": "the Amalekites"}, {"ref": "both small and great", "text": "Possible meanings are 1) \"both unimportant people and important people\" or 2) \"both physically small and physically large.\""}]}, {"id": "03", "tn": [{"ref": "their wives ... sons ... daughters", "text": "belonging to David and his men"}, {"ref": "it was burned, and their wives ... daughters were taken captive", "text": "This can be translated in active form. AT: \"they saw that someone had burned it and taken their wives ... captive\" (See: [[:en:ta:vol2:translate:figs_activepassive]])"}, {"ref": "the people that were with him", "text": "These were mainly his army of men."}]}, {"id": "05", "tn": [{"ref": "General Information:", "text": "David finds strength in Yahweh after the raid."}, {"ref": "Ahinoam the Jezreelitess", "text": "\"Ahinoam from Jezreel\""}, {"ref": "Nabal the Carmelite", "text": "\"Nabal the man from Carmel\""}, {"ref": "Ahinoam ... Abigail", "text": "women's names (See: [[:en:ta:vol1:translate:translate_names]])"}, {"ref": "distressed", "text": "suffering"}, {"ref": "all the people were bitter in spirit", "text": "The word \"bitter\" is a metaphor for the desire to rebel. The word \"spirit\" is a synecdoche for the person. AT: \"all the people were ready to rebel against David\" or \"all the people were very unhappy\" (See: [[:en:ta:vol2:translate:figs_synecdoche]])"}, {"ref": "David strengthened himself in Yahweh, his God", "text": "Possible meanings are 1) \"David took courage because he knew Yahweh his God would help him\" or 2) \"Yahweh his God made David strong.\""}]}, {"id": "07", "tn": [{"ref": "General Information:", "text": "David seeks Yahweh's direction in dealing with the raid on his people."}, {"ref": "David prayed to Yahweh for direction", "text": "The abstract noun \"direction\" can be translated as a clause. AT: \"David prayed that Yahweh would tell David what David should do\" (See: [[:en:ta:vol2:translate:figs_abstractnouns]])"}, {"ref": "pursue", "text": "\"chase\" or \"follow\""}]}, {"id": "09", "tn": [{"ref": "six hundred men", "text": "600 men (See: [[:en:ta:vol2:translate:translate_numbers]])"}, {"ref": "brook", "text": "small stream"}, {"ref": "pursuing", "text": "\"chasing\" or \"following\""}, {"ref": "four hundred men", "text": "400 men (See: [[:en:ta:vol2:translate:translate_numbers]])"}, {"ref": "two hundred", "text": "200 men (See: [[:en:ta:vol2:translate:translate_numbers]])"}, {"ref": "who were so weak", "text": "They were tired from their own raids and now in pursuit of the Amalekites. They no longer had the strength to continue."}]}, {"id": "11", "tn": [{"ref": "an Egyptian in a field", "text": "He was left there to die from the Amalekite raiding party."}, {"ref": "clusters of raisins", "text": "\"clusters of dried grapes\""}]}, {"id": "13", "tn": [{"ref": "David said to him", "text": "David questioned the Egyptian slave."}, {"ref": "three days ago", "text": "\"three days in the past\""}, {"ref": "three days", "text": "3 days (See: [[:en:ta:vol2:translate:translate_numbers]])"}, {"ref": "a raid", "text": "an attack on a town to take property"}]}, {"id": "15", "tn": [{"ref": "raiding party", "text": "a group of armed warriors who attack people or places unexpectedly"}, {"ref": "you will not ... betray me up into the hands of my master", "text": "Here \"hands\" refers to control. AT: \"you will not ... violate the trust I have in you by allowing my master to control me again\" (See: [[:en:ta:vol2:translate:figs_metonymy]])"}]}, {"id": "16", "tn": [{"ref": "booty", "text": "the goods they had stolen in the raid"}, {"ref": "twilight", "text": "the time just after the sun goes down until the sky is dark"}, {"ref": "four hundred", "text": "400 (See: [[:en:ta:vol2:translate:translate_numbers]])"}]}, {"id": "18", "tn": [{"ref": "rescued", "text": "\"saved\" or \"freed\""}, {"ref": "Nothing was missing", "text": "\"None of the items the Amalekites had stolen were lost\""}, {"ref": "neither small nor great", "text": "Possible meanings are 1) \"neither unimportant people nor important people\" or 2) \"neither physically small nor physically large.\" Similar words appear in [[:en:bible:notes:1sa:30:01|30:2]]."}, {"ref": "booty", "text": "goods that the Amelekites had stolen. Translate as in [[:en:bible:notes:1sa:30:16|30:16]]."}]}, {"id": "21", "tn": [{"ref": "two hundred", "text": "200 (See: [[:en:ta:vol2:translate:translate_numbers]])"}, {"ref": "brook", "text": "small stream or creek"}, {"ref": "Besor", "text": "This is the name of a small stream. Translate as in [[:en:bible:notes:1sa:30:09|30:9]]. (See: [[:en:ta:vol1:translate:translate_names]])"}, {"ref": "greeted", "text": "\"welcomed\" or \"sent a message of friendship\""}, {"ref": "booty", "text": "goods they had taken from the enemy in battle. Translate as in [[:en:bible:notes:1sa:30:16|30:16]]."}, {"ref": "recovered", "text": "\"regained\" or \"got back\""}]}, {"id": "23", "tn": [{"ref": "Who will listen to you in this matter?", "text": "This rhetorical question can be translated as a statement: AT: \"No one will listen to you in this matter.\" (See: [[:en:ta:vol1:translate:figs_rquestion]])"}, {"ref": "as the share is for anyone who goes", "text": "The abstract noun \"share\" can be translated as a verb. AT: \"as what belongs to anyone who goes\" (See: [[:en:ta:vol2:translate:figs_abstractnouns]])"}, {"ref": "anyone who goes into battle", "text": "the warriors who actually fought the enemy in war"}, {"ref": "will share and share alike", "text": "\"will make sure that all receive the same amount\""}, {"ref": "anyone who waits by the baggage", "text": "the people who supported the warriors by managing and guarding their supplies"}, {"ref": "baggage", "text": "belongings that the soldiers left behind when they went into battle"}]}, {"id": "26", "tn": [{"ref": "Connecting Statement:", "text": "The writer begins a list of cities whose elders received gifts from David."}, {"ref": "Ziklag ... Bethuel ... Jattir ... Aroer ... Siphmoth ... Eshtemoa", "text": "names of towns (See: [[:en:ta:vol1:translate:translate_names]])"}, {"ref": "booty", "text": "goods that David had taken from the Amalekites after the battle. Translate as in [[:en:bible:notes:1sa:30:16|30:16]]."}, {"ref": "a present", "text": "\"a gift\""}]}, {"id": "29", "tn": [{"ref": "Connecting Statement:", "text": "The writer ends the list of cities whose elders received gifts from David that began in [[:en:bible:notes:1sa:30:26|30:27]]. You may be able to combine the list items from [[:en:bible:notes:1sa:30:26|30:27-31]] into one list."}, {"ref": "Racal ... Hormah ... Borashan ... Athach", "text": "These are the names of towns. (See: [[:en:ta:vol1:translate:translate_names]])"}, {"ref": "Jerahmeelites ... Kenites", "text": "These are the names of people groups. (See: [[:en:ta:vol1:translate:translate_names]])"}]}]