[{"id": "01", "tn": [{"ref": "General Information:", "text": "The narrator lists the dimensions of the temple."}, {"ref": "Solomon began to build", "text": "It might be best to translate so that the reader understands that other people helped Solomon do this. (See: [[:en:ta:vol2:translate:figs_metonymy]])"}, {"ref": "480th ... fourth", "text": "These are the ordinal forms of 480 and 4. (See: [[:en:ta:vol2:translate:translate_ordinal]])"}, {"ref": "in the month of Ziv, which is the second month", "text": "\"Ziv\" is the name of the second month of the Hebrew calendar. It is during the last part of April and the first part of May on Western calendars. (See: [[:en:ta:vol2:translate:translate_hebrewmonths]] and [[:en:ta:vol2:translate:translate_ordinal]] and [[:en:ta:vol1:translate:translate_names]])"}, {"ref": "sixty cubits long, twenty cubits wide, and thirty cubits high", "text": "A cubit is 46 centimeters. AT: \"27.6 meters long, 9.2 meters wide, and 13.8 meters high\" (See: [[:en:ta:vol2:translate:translate_bdistance]])"}]}, {"id": "03", "tn": [{"ref": "General Information:", "text": "The narrator continues to list the dimensions of the temple."}, {"ref": "portico", "text": "an area of a building made of columns and a roof that leads to and connects with the building's entrance door. This portico was probably attached to the front part of the wall that surrounded the temple."}, {"ref": "twenty cubits ... ten cubits", "text": "A cubit is 46 centimeters. AT: \"9.2 meters ... 4.6 meters\" (See: [[:en:ta:vol2:translate:translate_bdistance]])"}]}, {"id": "05", "tn": [{"ref": "General Information:", "text": "The narrator continues to list the dimensions of the temple."}, {"ref": "he built rooms around it", "text": "He built rooms on the outside of the outside wall around the main chamber."}, {"ref": "The lowest story ... the middle ... the third", "text": "This refers to the rooms in each story of the building."}, {"ref": "five cubits ... six cubits ... seven cubits", "text": "A cubit is 46 centimeters. AT: \"about 2.3 meters ... about 2.8 meters ... about 3.2 meters\" (See: [[:en:ta:vol2:translate:translate_bdistance]])"}, {"ref": "he made offsets in the wall of the house", "text": "They made ledges all around the main building to support the beams of the small rooms."}, {"ref": "beams", "text": "A beam is a long heavy piece of wood used to support a building."}]}, {"id": "07", "tn": [{"ref": "the house", "text": "Here \"house\" refers to God's house, the temple."}, {"ref": "stones prepared at the quarry", "text": "A quarry is where people cut large stones from a mountain and shape them with tools so they are smooth. After they prepared the stones at the quarry, they brought them to the temple."}, {"ref": "ground level ... middle level ... third level", "text": "There were a total of three floors. Some languages call these \"ground floor,\" \"first floor,\" and \"second floor.\""}]}, {"id": "09", "tn": [{"ref": "Solomon built the temple and finished it", "text": "It might be best to translate so that the reader understands that other people helped Solomon do this. (See: [[:en:ta:vol2:translate:figs_metonymy]])"}, {"ref": "beams ... of cedar", "text": "A beam is a long heavy piece of wood used to support a building. Translate as in [[:en:bible:notes:1ki:06:05|6:6]]."}, {"ref": "planks ... of cedar", "text": "A plank is a flat wooden board used for floors and walls."}, {"ref": "He built the side rooms", "text": "These are the same rooms that are referred to in [[:en:bible:notes:1ki:06:05|6:5]]."}, {"ref": "inner chambers", "text": "This phrase is a metonym for the walls that enclosed the chambers. AT: \"exterior walls that enclosed the inner chambers\" (See: [[:en:ta:vol2:translate:figs_metonymy]])"}, {"ref": "five cubits", "text": "A cubit is 46 centimeters. AT: \"2.3 meters\" (See: [[:en:ta:vol2:translate:translate_bdistance]])"}, {"ref": "timbers of cedar", "text": "The word \"timbers\" is a general term that refers to wood used for building, such as beams and planks."}]}, {"id": "11", "tn": [{"ref": "The word of Yahweh came", "text": "This is an idiom that is used to introduce something that God told his prophets or his people. AT: \"Yahweh spoke this message\" or \"Yahweh spoke these words\" (See: [[:en:ta:vol1:translate:figs_idiom]])"}, {"ref": "walk in my statutes", "text": "The word \"walk\" is a metaphor for \"live\" or \"obey.\" AT: \"continually obey all my statutes\" (UDB) (See: [[:en:ta:vol1:translate:figs_metaphor]])"}, {"ref": "do justice", "text": "Possible meanings are 1) \"carry out all of my laws\" or 2) \"treat the people whom you are ruling justly.\""}, {"ref": "keep all my commandments and walk in them", "text": "These two phrases mean basically the same thing and emphasize the importance of obeying God's commandments. AT \"carefully obey all I tell you to do\" (See [[:en:ta:vol2:translate:figs_parallelism]])"}, {"ref": "I will confirm my promise with you that I had made to David your father", "text": "\"I will do everything I promised David your father that I would do for you\""}]}, {"id": "14", "tn": [{"ref": "Solomon ... he built ... he covered ... he covered", "text": "It might be best to translate so that the reader understands that other people helped Solomon do these things. (See: [[:en:ta:vol2:translate:figs_metonymy]])"}, {"ref": "interior", "text": "\"inside\""}, {"ref": "cypress", "text": "Cypress is a kind of wood that was used for building the temple. (See: [[:en:ta:vol1:translate:translate_unknown]])"}]}, {"id": "16", "tn": [{"ref": "He built twenty cubits", "text": "\"He built a room twenty cubits long\""}, {"ref": "twenty cubits ... forty cubits", "text": "A cubit is 46 centimeters. AT: \"9.2 meters ...  18.4 meters\" (See: [[:en:ta:vol2:translate:translate_bdistance]])"}, {"ref": "main hall", "text": "\"main room\""}, {"ref": "gourds", "text": "a type of hard, round vegetable that grows on a vine on the ground"}, {"ref": "open flowers", "text": "\"blooming flowers\" or \"flowers that were open\""}]}, {"id": "19", "tn": [{"ref": "twenty cubits", "text": "\"9.2 meters\""}, {"ref": "covered the altar with cedar wood", "text": "This altar would be used for burning incense."}]}, {"id": "21", "tn": [{"ref": "overlaid", "text": "\"covered\" (UDB)"}, {"ref": "altar that belonged to the inner room", "text": "\"altar of incense at the entrance to the inner room\""}]}, {"id": "23", "tn": [{"ref": "olivewood", "text": "\"wood from an olive tree\""}, {"ref": "ten cubits ... five cubits", "text": "A cubit is 46 centimeters. AT: \"4.6 meters ... 2.3 meters\" (See: [[:en:ta:vol2:translate:translate_bdistance]])"}, {"ref": "wingspan", "text": "the distance from the tip of one wing to the tip of the other wing"}, {"ref": "dimensions", "text": "\"size\""}]}, {"id": "27", "tn": [{"ref": "Solomon placed ... Solomon overlaid", "text": "It might be best to translate so that the reader understands that other people helped Solomon do this. (See: [[:en:ta:vol2:translate:figs_metonymy]])"}, {"ref": "innermost room", "text": "another name for the most holy place"}, {"ref": "overlaid", "text": "\"covered\" (UDB)"}]}, {"id": "29", "tn": [{"ref": "He ... Solomon", "text": "It might be best to translate so that the reader understands that other people helped Solomon do this. (See: [[:en:ta:vol2:translate:figs_metonymy]])"}, {"ref": "figures", "text": "shapes"}, {"ref": "overlaid", "text": "covered"}]}, {"id": "31", "tn": [{"ref": "Solomon made ... he made ... he made ... He overlaid ... he spread", "text": "It might be best to translate so that the reader understands that other people helped Solomon do these things. (See: [[:en:ta:vol2:translate:figs_metonymy]])"}, {"ref": "lintel", "text": "beam across the top of a door frame"}, {"ref": "indented sections", "text": "toothlike notches on each of five sections"}, {"ref": "overlaid", "text": "\"covered\" (UDB)"}]}, {"id": "33", "tn": [{"ref": "In this way, Solomon also made for the temple entrance doorposts of olive wood having four indented sections and two doors of cypress wood", "text": "\"Solomon also made doorposts of olive wood for the temple entrance, with four indented sections and two doors of cypress wood, in the same way\""}, {"ref": "indented sections", "text": "tooth-like notches"}, {"ref": "The two leaves of the one door", "text": "This means each door had two sections connected by hinges so they could fold together."}]}, {"id": "36", "tn": [{"ref": "He built the inner court", "text": "It might be best to translate so that the reader understands that other people helped Solomon do this. (See: [[:en:ta:vol2:translate:figs_metonymy]])"}, {"ref": "cedar beams", "text": "A beam is a long heavy piece of wood used to support a building. Translate as in [[:en:bible:notes:1ki:06:05|6:6]]."}]}, {"id": "37", "tn": [{"ref": "the fourth year ... the eleventh year", "text": "The words \"fourth\" and \"eleventh\" are the ordinal forms of \"four\" and \"eleven.\" You may need to make explicit the event from which the writer counts the years. AT: \"the fourth year after Solomon became king ... the eleventh year after Solomon became king\" (See: [[:en:ta:vol2:translate:translate_ordinal]] and [[:en:ta:vol1:translate:figs_explicit]])"}, {"ref": "house of Yahweh", "text": "\"the temple\" (UDB)"}, {"ref": "in the month of Ziv", "text": "\"Ziv\" is the name of the second month of the Hebrew calendar. It is during the last part of April and the first part of May on Western calendars. Translate as in [[:en:bible:notes:1ki:06:01|6:1]]. (See: [[:en:ta:vol2:translate:translate_hebrewmonths]] and [[:en:ta:vol1:translate:translate_names]])"}, {"ref": "in the month of Bul, which is the eighth month", "text": "\"Bul\" is the eighth month of the Hebrew calendar. It is during the last part of October and the first part of November on Western calendars. (See: [[:en:ta:vol2:translate:translate_hebrewmonths]] and [[:en:ta:vol2:translate:translate_ordinal]] and [[:en:ta:vol1:translate:translate_names]])"}, {"ref": "the house was finished in all its parts and conforming to all its specifications", "text": "This can be translated in active form. AT: \"they finished building every part of the house. They built it exactly the way Solomon had told them to build it\""}, {"ref": "Solomon took", "text": "It might be best to translate so that the reader understands that other people helped Solomon do this. (See: [[:en:ta:vol2:translate:figs_metonymy]])"}]}]