[{"id": "01", "tn": [{"ref": "General Information:", "text": "In this chapter, Nebuchadnezzar tells what God did to him. In verses 1-18, Nebuchadnezzar describes in the first person his vision from God. Verses 19-33 switch to the third person to describe the punishment of Nebuchadnezzar. Verses 34-37 change back to first person as Nebuchadnezzar describes his response to God. (See: [[:en:ta:vol2:translate:figs_123person]])"}, {"ref": "King Nebuchadnezzar sent", "text": "This phrase is referring to the king's messenger as the king himself. AT: \"Nebuchadnezzar sent his messengers with\" (See: [[:en:ta:vol2:translate:figs_metonymy]])"}, {"ref": "peoples, nations, and languages", "text": "Here \"nations\" and \"languages\" represent people from different nations who speak different languages. See how you translated this in [[:en:bible:notes:dan:03:03|3:4]]. AT: \"people from different nations and who speak different languages\" (See: [[:en:ta:vol2:translate:figs_metonymy]])"}, {"ref": "who lived on the earth", "text": "Kings would often exaggerate how wide their kingdom was. Nebuchadnezzar did rule over most of the known world at the time this book was written. AT: \"who lived in the kingdom of Babylon\" (See: [[:en:ta:vol2:translate:figs_hyperbole]])"}, {"ref": "May your peace increase", "text": "This is a common greeting."}, {"ref": "signs and wonders", "text": "These words share similar meanings and refer to the amazing things that God had done. (See: [[:en:ta:vol2:translate:figs_doublet]])"}, {"ref": "How great are his signs, and how mighty are his wonders!", "text": "Both of these phrases have the same meaning and are used to emphasize how great God's signs and wonders are. (See: [[:en:ta:vol2:translate:figs_parallelism]])"}, {"ref": "His kingdom is ... generation to generation", "text": "Both of these phrases have the same meaning and are repeated to emphasize how God's reign is forever. (See: [[:en:ta:vol2:translate:figs_parallelism]])"}]}, {"id": "04", "tn": [{"ref": "General Information:", "text": "In verses 1-18, Nebuchadnezzar describes in the first person his vision from God. (See: [[:en:ta:vol2:translate:figs_123person]])"}, {"ref": "was living happily ... was enjoying prosperity", "text": "These two phrases are parallel and mean the same thing. (See: [[:en:ta:vol2:translate:figs_parallelism]])"}, {"ref": "my house ... my palace", "text": "These two phrases mean basically the same thing. (See: [[:en:ta:vol2:translate:figs_doublet]])"}, {"ref": "a dream ... the images ... the visions", "text": "These phrases mean basically the same thing. (See: [[:en:ta:vol2:translate:figs_doublet]])"}, {"ref": "made me afraid ... troubled me", "text": "These phrases are parallel and they mean the same thing. (See: [[:en:ta:vol2:translate:figs_parallelism]])"}, {"ref": "all the men of Babylon who had wisdom\u200b", "text": "\"all the wise men of Babylon\""}]}, {"id": "07", "tn": [{"ref": "General Information:", "text": "In verses 1-18, Nebuchadnezzar describes in the first person his vision from God. (See: [[:en:ta:vol2:translate:figs_123person]])"}, {"ref": "who is named Belteshazzar", "text": "This can be stated in active form. AT: \"who I named Belteshazzar\" (See: [[:en:ta:vol2:translate:figs_activepassive]])"}, {"ref": "Belteshazzar", "text": "This was the name the Babylonians gave to Daniel. See how you translated this name in [[:en:bible:notes:dan:01:06|1:7]]."}, {"ref": "the spirit of the holy gods", "text": "Nebuchadnezzar believed that Daniel's power came from the false gods that Nebuchadnezzar worshiped."}, {"ref": "no mystery is too difficult for you", "text": "The can be stated in positive form. AT: \"you understand the meaning of every mystery\""}]}, {"id": "10", "tn": [{"ref": "General Information:", "text": "In verses 1-18, Nebuchadnezzar describes in the first person his vision from God. (See: [[:en:ta:vol2:translate:figs_123person]])"}, {"ref": "sights", "text": "things that you see"}, {"ref": "its height was very great", "text": "\"it was very tall\""}, {"ref": "Its top reached to the heavens ... it could be seen to the ends of the whole earth", "text": "This is symbolic language that exaggerates how tall and how well-known the tree was. AT: \"It seemed that its top reached up to the sky and that everyone in the world could see it\" (UDB) (See: [[:en:ta:vol2:translate:writing_symlanguage]] and [[:en:ta:vol2:translate:figs_hyperbole]])"}, {"ref": "its fruit was abundant", "text": "\"there was a lot of fruit on the tree\""}, {"ref": "was food for all", "text": "\"was food for all people and animals\""}]}, {"id": "13", "tn": [{"ref": "General Information:", "text": "In verses 1-18, Nebuchadnezzar describes in the first person his vision from God. (See: [[:en:ta:vol2:translate:figs_123person]])"}, {"ref": "I saw in my mind", "text": "This refers to seeing a dream or vision. AT: \"I saw in my dream\""}, {"ref": "He shouted and said", "text": "It can be made clear that the holy messenger was speaking to more than one person. AT: \"He shouted to some people and said\" (See: [[:en:ta:vol1:translate:figs_explicit]])"}, {"ref": "Let the animals flee ... from its branches", "text": "\"The animals will flee from under it and the bird will fly away from its branches\""}]}, {"id": "15", "tn": [{"ref": "General Information:", "text": "In verses 1-18, Nebuchadnezzar describes in the first person his vision from God. (See: [[:en:ta:vol2:translate:figs_123person]])"}, {"ref": "General Information:", "text": "The holy messenger in the vision continues shouting to some people."}, {"ref": "stump of its roots", "text": "This is the part of the tree that is left above the ground after a tree is cut down."}, {"ref": "dew", "text": "the moisture on the ground that is found in the mornings"}, {"ref": "Let his mind be changed ... seven years pass by", "text": "Since the tree represents Nebuchadnezzar, the masculine pronouns \"his\" and \"him\" in verse 16 refer to the same tree as the neuter pronoun \"it\" in verse 15. AT: \"The man's mind will change from a man's mind to an animal's mind for a period of seven years\" (See: [[:en:ta:vol2:translate:figs_pronouns]])"}]}, {"id": "17", "tn": [{"ref": "General Information:", "text": "In verses 1-18, Nebuchadnezzar describes in the first person his vision from God. (See: [[:en:ta:vol2:translate:figs_123person]])"}, {"ref": "It is a decision made by the holy ones", "text": "This can be stated in active form. AT: \"The holy ones have made this decision\" (See: [[:en:ta:vol2:translate:figs_activepassive]])"}, {"ref": "the holy ones", "text": "This phrase probably refers to angels. AT: \"the holy angels\" (See: [[:en:ta:vol1:translate:figs_explicit]])"}, {"ref": "those who are alive", "text": "\"every living person\" or \"everyone\""}, {"ref": "gives them", "text": "\"gives the kingdoms\""}, {"ref": "Belteshazzar", "text": "This was the name the Babylonians gave to Daniel. See how you translated this name in [[:en:bible:notes:dan:01:06|1:7]]."}, {"ref": "you are able to do so", "text": "\"you are able to interpret it\""}, {"ref": "the spirit of the holy gods", "text": "Nebuchadnezzar believed that Daniel's power came from the false gods that Nebuchadnezzar worshiped. These are not the same as \"the holy ones\" in verse 17. See how you translated this phrase in [[:en:bible:notes:dan:04:07|4:8]]."}]}, {"id": "19", "tn": [{"ref": "General Information:", "text": "Verses 19-33 use the third person to describe the punishment of Nebuchadnezzar. (See: [[:en:ta:vol2:translate:figs_123person]])"}, {"ref": "who was also named Belteshazzar", "text": "This can be stated in active form. AT: \"who I also named Belteshazzar\" (See: [[:en:ta:vol2:translate:figs_activepassive]])"}, {"ref": "was greatly upset for a while, and his thoughts alarmed him", "text": "Daniel's understanding of the meaning of the vision is what alarmed him. This can be explicitly stated. AT: \"did not say anything for some time because he was very worried about the meaning of the dream\" (UDB) (See: [[:en:ta:vol1:translate:figs_explicit]])"}, {"ref": "may the dream be for those who hate you; may its interpretation be for your enemies", "text": "Daniel is expressing his wish that the dream was not about Nebuchadnezzar, even though he knew that it really was about the king."}]}, {"id": "20", "tn": [{"ref": "General Information:", "text": "Verses 19-33 use the third person to describe the punishment of Nebuchadnezzar. (See: [[:en:ta:vol2:translate:figs_123person]])"}, {"ref": "General Information:", "text": "Many terms in these verses are almost the same as [[:en:bible:notes:dan:04:10|4:10-12]]. See how you translated those verses."}, {"ref": "abundant", "text": "\"very plentiful\""}, {"ref": "this tree is you, king", "text": "\"this tree represents you, king\""}, {"ref": "Your greatness has grown ... your authority reaches", "text": "These two phrases mean similar things. (See: [[:en:ta:vol2:translate:figs_parallelism]])"}, {"ref": "Your greatness has grown", "text": "This phrase is using the word \"grown\" as a way of saying the king's greatness has increased. AT: \"Your greatness has increased\" (See: [[:en:ta:vol2:translate:figs_personification]])"}, {"ref": "to the heavens ... to the ends of the earth", "text": "These phrases are exaggerations that everyone everywhere knew how great Nebuchadnezzar was. (See: [[:en:ta:vol2:translate:figs_hyperbole]])"}]}, {"id": "23", "tn": [{"ref": "General Information:", "text": "Verses 19-33 use the third person to describe the punishment of Nebuchadnezzar. (See: [[:en:ta:vol2:translate:figs_123person]])"}, {"ref": "General Information:", "text": "This verse is almost the same as [[:en:bible:notes:dan:04:13|4:13-14]] and [[:en:bible:notes:dan:04:15|4:15-16]]. See how you translated those verses."}, {"ref": "the stump of its roots", "text": "This is the part of the tree that is left above ground after a tree is cut down."}, {"ref": "in the middle of the tender grass of the field", "text": "\"surrounded by the tender grass of the field\""}, {"ref": "dew", "text": "the moisture that settles on the ground in the mornings"}]}, {"id": "24", "tn": [{"ref": "General Information:", "text": "Verses 19-33 use the third person to describe the punishment of Nebuchadnezzar. (See: [[:en:ta:vol2:translate:figs_123person]])"}, {"ref": "General Information:", "text": "Many terms in these verses are almost the same as [[:en:bible:notes:dan:04:15|4:15-16]]. See how you translated those verses."}, {"ref": "that has reached you", "text": "\"that you have heard\""}, {"ref": "You will be driven from among men", "text": "This can be stated in active form. AT: \"Men will drive you away from them\" (See: [[:en:ta:vol2:translate:figs_activepassive]])"}, {"ref": "You will be made to eat grass", "text": "This can be stated in active form. AT: \"You will eat grass\" (See: [[:en:ta:vol2:translate:figs_activepassive]])"}]}, {"id": "26", "tn": [{"ref": "General Information:", "text": "Verses 19-33 use the third person to describe the punishment of Nebuchadnezzar. (See: [[:en:ta:vol2:translate:figs_123person]])"}, {"ref": "heaven rules", "text": "Here \"heaven\" refers to God who lives in heaven. AT: \"God in heaven is the ruler of all\" (See: [[:en:ta:vol2:translate:figs_metonymy]])"}, {"ref": "let my advice be acceptable to you", "text": "This can be stated in active form. AT: \"please accept my advice\" (See: [[:en:ta:vol2:translate:figs_activepassive]])"}, {"ref": "Turn away from your iniquities", "text": "Here rejecting iniquity is spoken of as turning away from it. AT: \"Reject your iniquities\" (See: [[:en:ta:vol1:translate:figs_metaphor]])"}, {"ref": "the oppressed", "text": "This nominal adjective refers to people who are oppressed. AT: \"people who are oppressed\" (See: [[:en:ta:vol2:translate:figs_nominaladj]])"}, {"ref": "it may be that your prosperity will be extended", "text": "This can be stated in active form. AT: \"God may extend your prosperity\" (See: [[:en:ta:vol2:translate:figs_activepassive]])"}]}, {"id": "28", "tn": [{"ref": "General Information:", "text": "Verses 19-33 use the third person to describe the punishment of Nebuchadnezzar. (See: [[:en:ta:vol2:translate:figs_123person]])"}, {"ref": "All these things ... in Babylon", "text": "The information in [[:en:bible:notes:dan:04:28|4:28-29]] has been rearranged so its meaning can be more easily understood. (See: [[:en:ta:vol2:translate:translate_versebridge]])"}, {"ref": "Twelve months", "text": "\"12 months\" (See: [[:en:ta:vol2:translate:translate_numbers]])"}, {"ref": "Is this not the great Babylon ... for the glory of my majesty?", "text": "Nebuchadnezzar asks this question to emphasize his own glory. This can be translated as a statement. AT: \"This is the great Babylon ... for the glory of my majesty!\" (See: [[:en:ta:vol1:translate:figs_rquestion]])"}, {"ref": "for the glory of my majesty", "text": "\"to show people my honor and my greatness\" (UDB)"}]}, {"id": "31", "tn": [{"ref": "General Information:", "text": "Verses 19-33 use the third person to describe the punishment of Nebuchadnezzar. (See: [[:en:ta:vol2:translate:figs_123person]])"}, {"ref": "While the words were still on the lips of the king", "text": "This idiom means the king was still in the act of speaking. AT: \"While the king was still speaking\" (See: [[:en:ta:vol1:translate:figs_idiom]])"}, {"ref": "a voice came from heaven", "text": "\"he heard a voice from heaven\""}, {"ref": "King Nebuchadnezzar ... has been taken away from you", "text": "This can be stated in active form. AT: \"King Nebuchadnezzar, a decree went out against you that this kingdom no longer belongs to you\" (See: [[:en:ta:vol2:translate:figs_activepassive]])"}, {"ref": "You will be driven away from people", "text": "This can be stated in active form. AT: \"People will chase you away from them\" (See: [[:en:ta:vol2:translate:figs_activepassive]])"}, {"ref": "anyone he wishes", "text": "\"whoever he chooses\""}]}, {"id": "33", "tn": [{"ref": "General Information:", "text": "Verses 19-33 use the third person to describe the punishment of Nebuchadnezzar. (See: [[:en:ta:vol2:translate:figs_123person]])"}, {"ref": "This decree against Nebuchadnezzar was carried out immediately", "text": "This can be stated in active form. AT: \"This decree against Nebuchadnezzar happened immediately\" (See: [[:en:ta:vol2:translate:figs_activepassive]])"}, {"ref": "He was driven away from people", "text": "This can be stated in active form. AT: \"People chased him away from them\" (See: [[:en:ta:vol2:translate:figs_activepassive]])"}, {"ref": "his nails became like birds' claws", "text": "\"his fingernails looked like birds' claws\""}]}, {"id": "34", "tn": [{"ref": "General Information:", "text": "In verses 34-37 Nebuchadnezzar speaks in the first person to describe his response to God. (See: [[:en:ta:vol2:translate:figs_123person]])"}, {"ref": "At the end of the days", "text": "This refers back to the seven years in [[:en:bible:notes:dan:04:31|4:32]]."}, {"ref": "my sanity was given back to me", "text": "This can be stated in active form. AT: \"my sanity came back to me\" or \"I became sane again\" (See: [[:en:ta:vol2:translate:figs_activepassive]])"}, {"ref": "I praised ... and I honored", "text": "The two phrases refer to the same action. (See: [[:en:ta:vol2:translate:figs_parallelism]])"}, {"ref": "For his reign is an everlasting reign ... his kingdom endures from all generations to all generations", "text": "These two phrases mean basically the same thing and are used to emphasis how God's reign never ends. AT: \"He rules forever and his kingdom will never end\" (See: [[:en:ta:vol2:translate:figs_parallelism]])"}]}, {"id": "35", "tn": [{"ref": "General Information:", "text": "In verses 34-37 Nebuchadnezzar speaks in the first person to describe his response to God. (See: [[:en:ta:vol2:translate:figs_123person]])"}, {"ref": "All the earth's inhabitants are considered by him to be as nothing", "text": "This can be stated in active form. AT: \"He considers all the earth's inhabitants as nothing\" (See: [[:en:ta:vol2:translate:figs_activepassive]])"}, {"ref": "All the earth's inhabitants", "text": "\"All the people on the earth\""}, {"ref": "the army of heaven", "text": "\"the angel armies in heaven\" (UDB)"}, {"ref": "whatever suits his will", "text": "\"whatever satisfies his purpose\" or \"anything he wants to do\""}, {"ref": "No one can stop him", "text": "It may be helpful to add additional detail. AT: \"No one can stop him from doing what he decides to do\" (See: [[:en:ta:vol1:translate:figs_explicit]])"}, {"ref": "No one can say to him, 'Why have you done this?'", "text": "This can be stated as an indirect quotation. AT: \"No one can question what he does\" (See: [[:en:ta:vol2:translate:figs_quotations]])"}]}, {"id": "36", "tn": [{"ref": "General Information:", "text": "In verses 34-37 Nebuchadnezzar speaks in the first person to describe his response to God. (See: [[:en:ta:vol2:translate:figs_123person]])"}, {"ref": "my sanity returned to me", "text": "Here his sanity is spoken of as if it was able to return by its own power. AT: \"I became sane again\" (See: [[:en:ta:vol2:translate:figs_personification]])"}, {"ref": "my majesty and splendor returned to me", "text": "Here his majesty and splendor are spoken of as if they were able to return by their own power. AT: \"I regained my majesty and my splendor again\" (See: [[:en:ta:vol2:translate:figs_personification]])"}, {"ref": "majesty and splendor", "text": "These words mean basically the same thing and emphasize the greatness of his glory. (See: [[:en:ta:vol2:translate:figs_doublet]])"}, {"ref": "my noblemen sought my favor", "text": "\"my noblemen requested my help again\""}, {"ref": "I was brought ... greatness was given to me.", "text": "Here \"throne\" refers to his authority to rule. This can be stated in active form. AT: \"I returned to rule my kingdom again, and I received even more greatness\" (See: [[:en:ta:vol2:translate:figs_metonymy]] and [[:en:ta:vol2:translate:figs_activepassive]])"}, {"ref": "praise, extol, and honor", "text": "All three of these words have basically the same meaning and emphasize how greatly he praised God. (See: [[:en:ta:vol2:translate:figs_doublet]])"}, {"ref": "who walk in their own pride", "text": "This phrase uses \"walk\" to refer to the person acts proud. AT: \"who are proud\" (See: [[:en:ta:vol1:translate:figs_idiom]])"}]}]