[{"id": "01", "tn": [{"ref": "In the second year", "text": "\"In year two\" (See: [[:en:ta:vol2:translate:translate_ordinal|Ordinal Numbers]])"}, {"ref": "he had dreams", "text": "\"Nebuchadnezzar had dreams\""}, {"ref": "His mind was troubled", "text": "Here \"mind\" refers to his thoughts. AT: \"His thoughts disturbed him\" (See: [[:en:ta:vol2:translate:figs_metonymy|Metonymy]])"}, {"ref": "and he could not sleep", "text": "His troubled thoughts prevented him from sleeping. AT: \"so that he could not sleep\""}, {"ref": "Then the king summoned the magicians", "text": "\"Then the king called the magicians\""}, {"ref": "the dead", "text": "\"people who had died\""}, {"ref": "they came in", "text": "\"they came into the palace\""}, {"ref": "stood before", "text": "\"stood in front of\""}]}, {"id": "03", "tn": [{"ref": "my mind is anxious", "text": "Here \"mind\" refers to the king himself. AT: \"I am anxious\" (See: [[:en:ta:vol2:translate:figs_synecdoche]])"}, {"ref": "anxious", "text": "\"troubled\""}, {"ref": "Aramaic", "text": "This is the language that people in Babylon spoke. (See: [[:en:ta:vol1:translate:translate_names]])"}, {"ref": "King, live forever!", "text": "The men probably said this to show the king that they were loyal to him. AT: \"King, we hope you will live forever!\""}, {"ref": "us, your servants", "text": "The men called themselves the king's servants to show him respect."}, {"ref": "we will reveal", "text": "Here the word \"we\" refers to the men that the king is speaking to and does not include the king. (See: [[:en:ta:vol2:translate:figs_exclusive]])"}]}, {"id": "05", "tn": [{"ref": "This matter has been settled", "text": "This can be stated in active form. AT: \"I have already decided what to do about this matter\" (See: [[:en:ta:vol2:translate:figs_activepassive]])"}, {"ref": "your bodies will be torn apart and your houses made into rubbish heaps", "text": "This can be stated in active form. AT: \"I will command my soldiers to tear your bodies apart and to make your houses into rubbish heaps\" (See: [[:en:ta:vol2:translate:figs_activepassive]])"}, {"ref": "you will receive gifts from me", "text": "This can be stated in active form. AT: \"I will give you gifts\" (See: [[:en:ta:vol2:translate:figs_activepassive]])"}]}, {"id": "07", "tn": [{"ref": "Let the king tell us", "text": "The wise men addressed the king in the third person as a sign of respect. (See: [[:en:ta:vol2:translate:figs_123person]])"}, {"ref": "you see how firm my decision is about this", "text": "A decision that will not be changed is spoken of as something firm. AT: \"you see that I will not change my decision about this\" (See: [[:en:ta:vol1:translate:figs_metaphor]])"}, {"ref": "there is only one sentence for you", "text": "\"there is only one punishment for you\""}, {"ref": "false and deceptive words", "text": "These two words mean approximately the same thing and emphasize that these are \"lies intended to deceive.\" (See: [[:en:ta:vol2:translate:figs_doublet]])"}]}, {"id": "10", "tn": [{"ref": "great and powerful", "text": "These two words mean basically the same thing and emphasize the greatness of the king's power. AT: \"most powerful\" (See: [[:en:ta:vol2:translate:figs_doublet]])"}, {"ref": "there is no one who can tell it to the king except the gods", "text": "This is stated in negative form for emphasis. It can be stated in positive form. AT: \"only the gods can tell this to the king\" (See: [[:en:ta:vol2:translate:figs_litotes]])"}]}, {"id": "12", "tn": [{"ref": "angry and very furious", "text": "These words mean basically the same thing and emphasize the intensity of his anger. AT: \"incredibly angry\" (See: [[:en:ta:vol2:translate:figs_doublet]])"}, {"ref": "all those in Babylon", "text": "\"all the men in Babylon\""}, {"ref": "So the decree went out", "text": "The decree is spoken of as if it was alive and able to go out by itself. AT: \"So the king issued a command\" or \"So the king gave a command\" (See: [[:en:ta:vol2:translate:figs_personification]])"}, {"ref": "all those who were known for their wisdom were to be put to death", "text": "This can be stated in active form. AT: \"the soldiers were to kill all of the men who were known for their wisdom\" (See: [[:en:ta:vol2:translate:figs_activepassive]])"}, {"ref": "so they could be put to death", "text": "This can be stated in active form. AT: \"in order to kill them\" (See: [[:en:ta:vol2:translate:figs_activepassive]])"}]}, {"id": "14", "tn": [{"ref": "prudence and discretion", "text": "These two words mean basically the same thing and emphasize the greatness of his prudence. AT: \"caution and careful judgment\" (See: [[:en:ta:vol2:translate:figs_doublet]])"}, {"ref": "Arioch", "text": "This is the name of the king's commander. (See: [[:en:ta:vol1:translate:translate_names]])"}, {"ref": "bodyguard", "text": "This is a group of men whose job is to protect the king."}, {"ref": "who had come to kill", "text": "\"who the king had sent out to kill\""}, {"ref": "Daniel went in", "text": "Daniel probably went to the palace. AT: \"Daniel went to the palace\" or \"Daniel went to talk with the king\" (UDB) (See: [[:en:ta:vol1:translate:figs_explicit]])"}, {"ref": "requested an appointment with the king", "text": "\"asked for a set time to meet with the king\""}]}, {"id": "17", "tn": [{"ref": "his house", "text": "This is referring to Daniel's house."}, {"ref": "what had happened", "text": "\"about the king's decree\""}, {"ref": "He urged them to seek mercy", "text": "\"He begged them to pray for mercy\""}, {"ref": "so that he and they might not be killed", "text": "This can be stated in active form. AT: \"so that the king would not kill them\" or \"so that the king's bodyguard would not kill them\" (See: [[:en:ta:vol2:translate:figs_activepassive]])"}]}, {"id": "19", "tn": [{"ref": "That night the mystery was revealed", "text": "This can be stated in active form. AT: \"That night God revealed the mystery\" (See: [[:en:ta:vol2:translate:figs_activepassive]])"}, {"ref": "the mystery", "text": "This is referring to the king's dream and its meaning."}, {"ref": "Praise the name of God", "text": "Here \"name\" refers to God himself. AT: \"Praise God\" (See: [[:en:ta:vol2:translate:figs_metonymy]])"}]}, {"id": "21", "tn": [{"ref": "General Information:", "text": "These verses are also part of Daniel's prayer."}, {"ref": "he removes kings", "text": "\"he takes away kings' authority to rule\""}, {"ref": "places kings on their thrones", "text": "Here being on the \"throne\" refers to ruling over a kingdom. AT: \"makes new kings rule over their kingdoms\" (See: [[:en:ta:vol2:translate:figs_metonymy]])"}, {"ref": "the light lives with him", "text": "\"the light comes from where God is\""}]}, {"id": "23", "tn": [{"ref": "General Information:", "text": "This verse is also part of Daniel's prayer. He stops addressing God in the third person and switches to the more personal second person. (See: [[:en:ta:vol2:translate:figs_123person]])"}, {"ref": "made known to me what we requested from you", "text": "\"told me what my friends and I asked you to tell us\" (UDB)"}, {"ref": "made known to us the matter that concerns the king", "text": "\"told us what the king wants to know\""}]}, {"id": "24", "tn": [{"ref": "Arioch", "text": "This is the name of the king's commander. See how you translated this name in [[:en:bible:notes:dan:02:14|2:14]]. (See: [[:en:ta:vol1:translate:translate_names]])"}, {"ref": "everyone who was wise", "text": "\"the wise men\""}]}, {"id": "25", "tn": [{"ref": "Belteshazzar", "text": "This was the name the Babylonians gave to Daniel. See how you translated this name in [[:en:bible:notes:dan:01:06|1:7]]. (See: [[:en:ta:vol1:translate:translate_names]])"}]}, {"id": "27", "tn": [{"ref": "The mystery that the king has asked about ... not by astrologers", "text": "This can be stated in active form. AT: \"Those who have wisdom, those who claim to speak with the dead, magicians, and astrologers cannot reveal the mystery about which the king has asked\" (See: [[:en:ta:vol2:translate:figs_activepassive]])"}, {"ref": "The mystery that the king has asked about", "text": "This phrase refers to the king's dream."}]}, {"id": "29", "tn": [{"ref": "General Information:", "text": "Daniel continues talking to the king."}, {"ref": "the one who reveals mysteries", "text": "This phrase refers to God. AT: \"God, who reveals mysteries\" or \"God, who makes mysteries known\" (See: [[:en:ta:vol1:translate:figs_explicit]])"}, {"ref": "this mystery was not revealed to me", "text": "This can be stated in active form. AT: \"God did not reveal this mystery to me\" (See: [[:en:ta:vol2:translate:figs_activepassive]])"}, {"ref": "This mystery was revealed to me so that you", "text": "This can be stated in active form. AT: \"He revealed the mystery to me so that you\" (See: [[:en:ta:vol2:translate:figs_activepassive]])"}, {"ref": "know the thoughts deep within you", "text": "This phrase is using the word \"you\" referring to the person's mind. AT: \"know the thoughts deep inside your mind\" (See: [[:en:ta:vol2:translate:figs_synecdoche]])"}]}, {"id": "31", "tn": [{"ref": "General Information:", "text": "Daniel continues talking to the king."}, {"ref": "was made of fine gold", "text": "\"was of fine gold\" or \"was fine gold\""}, {"ref": "were made partly of iron and partly of clay", "text": "\"were partly of iron and partly of clay\" or \"were partly iron and partly clay\""}]}, {"id": "34", "tn": [{"ref": "General Information:", "text": "Daniel continues talking to the king."}, {"ref": "a stone was cut out, although not by human hands, and it", "text": "This can be stated in active form if it is divided into two sentences. AT: \"someone cut a stone from a mountain, but it was not a human who cut it. The stone\" (UDB) (See: [[:en:ta:vol2:translate:figs_activepassive]])"}, {"ref": "like the chaff of the threshing floors in the summer", "text": "This phrase is comparing the pieces of the statue to small and light things which could be blown away by the wind. AT: \"like dry pieces of grass blowing away in the wind\" (See: [[:en:ta:vol1:translate:figs_simile]])"}, {"ref": "there was no trace of them left", "text": "This can be stated in positive form. AT: \"they were completely gone\" (See: [[:en:ta:vol2:translate:figs_litotes]])"}, {"ref": "filled the whole earth", "text": "\"spread over the whole earth\""}]}, {"id": "36", "tn": [{"ref": "General Information:", "text": "Daniel continues talking to the king."}, {"ref": "Now we will tell the king", "text": "Here \"we\" refers only to Daniel. He may have used to plural form in humility to avoid taking credit for knowing the meaning of the dream that God had revealed to him. (See: [[:en:ta:vol2:translate:figs_pronouns]])"}, {"ref": "king of the kings", "text": "\"the most important king\" or \"a king who rules over other kings\" (UDB)"}, {"ref": "the power, the strength", "text": "These words mean basically the same thing. (See: [[:en:ta:vol2:translate:figs_doublet]])"}, {"ref": "He has given into your hand the place", "text": "Here \"hand\" refers to control. AT: \"He has given you control over the place\" (See: [[:en:ta:vol2:translate:figs_metonymy]])"}, {"ref": "the place where the human beings live", "text": "The place is used to represent the people who live there. AT: \"the people of the land\" (See: [[:en:ta:vol2:translate:figs_metonymy]])"}, {"ref": "He has given over the animals ... into your hand", "text": "Here \"hand\" refers to control. AT: \"He has given you control over the animals of the fields and the birds of the heavens\" (See: [[:en:ta:vol2:translate:figs_metonymy]])"}, {"ref": "birds of the heavens", "text": "Here \"heavens\" is used in the sense of \"skies.\""}, {"ref": "You are the statue's head of gold", "text": "In the king's dream the statue's head represents the king. AT: \"The golden head symbolizes you\" or \"The golden head is a symbol of you and your power\" (See: [[:en:ta:vol2:translate:writing_symlanguage]])"}]}, {"id": "39", "tn": [{"ref": "General Information:", "text": "Daniel continues talking to the king."}, {"ref": "another kingdom will arise", "text": "In the king's dream his kingdom is gold so an inferior kingdom would be silver. AT: \"another kingdom, which is of silver, will arise\" or \"another kingdom, which is represented by the silver parts of the statue, will arise\" (See: [[:en:ta:vol1:translate:figs_explicit]] and [[:en:ta:vol2:translate:writing_symlanguage]])"}, {"ref": "yet a third kingdom of bronze", "text": "\"yet kingdom number three, which is of bronze,\" or \"then still another kingdom, which is represented by the bronze parts of the statue\" (See: [[:en:ta:vol2:translate:translate_ordinal]] and [[:en:ta:vol1:translate:figs_explicit]] and [[:en:ta:vol2:translate:writing_symlanguage]])"}]}, {"id": "40", "tn": [{"ref": "General Information:", "text": "Daniel continues talking to the king."}, {"ref": "There will be a fourth kingdom", "text": "\"There will be a kingdom number four\" (See: [[:en:ta:vol2:translate:translate_ordinal]])"}, {"ref": "strong as iron", "text": "The fourth kingdom is spoken of as being as strong as iron. (See: [[:en:ta:vol1:translate:figs_simile]])"}, {"ref": "It will shatter all these things and crush them", "text": "This symbolic language means the fourth kingdom will defeat and replace the other kingdoms. (See: [[:en:ta:vol2:translate:writing_symlanguage]])"}, {"ref": "all these things", "text": "\"the previous kingdoms\" (UDB)"}]}, {"id": "41", "tn": [{"ref": "General Information:", "text": "Daniel continues talking to the king."}, {"ref": "Just as you saw", "text": "Nebuchadnezzar saw that the feet consisted of clay and iron. He did not see the process of making the feet."}, {"ref": "were partly made of baked clay and partly made of iron", "text": "This can be stated in active form. AT: \"were a mixture of baked clay and iron\" (See: [[:en:ta:vol2:translate:figs_activepassive]])"}, {"ref": "they will not stay together", "text": "\"they will not remain united\""}]}, {"id": "44", "tn": [{"ref": "General Information:", "text": "Daniel continues talking to the king."}, {"ref": "In the days of those kings", "text": "Here \"those kings\" refers to the rulers of the kingdoms symbolized by the different parts of the statue."}, {"ref": "that will never be destroyed, nor will it be conquered by another people", "text": "This can be stated in active form. AT: \"that no one will ever destroy, and that another people never conquer\" (See: [[:en:ta:vol2:translate:figs_activepassive]])"}, {"ref": "a stone was cut out of the mountain, but not by human hands", "text": "This can be stated in active form. AT: \"someone cut a stone from the mountain, but it was not a human who cut it\" (See: [[:en:ta:vol2:translate:figs_activepassive]])"}, {"ref": "reliable", "text": "trustworthy and correct"}]}, {"id": "46", "tn": [{"ref": "fell on his face", "text": "This symbolic act showed that the king was honoring Daniel. AT: \"lay down with his face on the ground\" (See: [[:en:ta:vol2:translate:translate_symaction]])"}, {"ref": "an offering be made and that incense be offered up to him", "text": "This can be stated in active form. AT: \"his servants make an offering and offer up incense to Daniel\" (See: [[:en:ta:vol2:translate:figs_activepassive]])"}, {"ref": "Truly your God", "text": "\"It is true that your God\""}, {"ref": "the God of gods, the Lord of kings", "text": "\"greater than all the other gods, and King over all other kings\" (UDB)"}, {"ref": "the one who reveals mysteries", "text": "Translate \"the one who reveals mysteries\" as in [[:en:bible:notes:dan:02:29|2:29]]."}, {"ref": "to reveal this mystery", "text": "\"to reveal the mystery of my dream\""}]}, {"id": "48", "tn": [{"ref": "He made him ruler", "text": "\"The king made Daniel the ruler\""}, {"ref": "Shadrach ... Meshach ... Abednego", "text": "These were the Babylonian names of the three Jewish men who were brought to Babylon with Daniel. See how you translated these names in [[:en:bible:notes:dan:01:06|1:7]]"}]}]