[{"firstvs": "1", "id": "01-01", "lastvs": "1"}, {"firstvs": "2", "id": "01-02", "lastvs": "3"}, {"firstvs": "4", "id": "01-04", "lastvs": "5"}, {"firstvs": "6", "id": "01-06", "lastvs": "6"}, {"firstvs": "7", "id": "01-07", "lastvs": "8"}, {"firstvs": "9", "id": "01-09", "lastvs": "11"}, {"firstvs": "12", "id": "01-12", "lastvs": "13"}, {"firstvs": "14", "id": "01-14", "lastvs": "14"}, {"firstvs": "15", "id": "01-15", "lastvs": "15"}, {"firstvs": "1", "id": "02-01", "lastvs": "2"}, {"firstvs": "3", "id": "02-03", "lastvs": "4"}, {"firstvs": "5", "id": "02-05", "lastvs": "5"}, {"firstvs": "6", "id": "02-06", "lastvs": "7"}, {"firstvs": "8", "id": "02-08", "lastvs": "10"}, {"firstvs": "11", "id": "02-11", "lastvs": "12"}, {"firstvs": "13", "id": "02-13", "lastvs": "13"}, {"firstvs": "1", "id": "03-01", "lastvs": "2"}, {"firstvs": "3", "id": "03-03", "lastvs": "4"}, {"firstvs": "5", "id": "03-05", "lastvs": "7"}, {"firstvs": "8", "id": "03-08", "lastvs": "9"}, {"firstvs": "10", "id": "03-10", "lastvs": "11"}, {"firstvs": "12", "id": "03-12", "lastvs": "13"}, {"firstvs": "14", "id": "03-14", "lastvs": "15"}, {"firstvs": "16", "id": "03-16", "lastvs": "17"}, {"firstvs": "18", "id": "03-00", "lastvs": "19"}]