[{"id": "01", "tn": [{"ref": "For three sins ... even for four, I will not turn away punishment", "text": "See how you translated these words in [[:en:bible:notes:amo:01:03|1:3]]."}, {"ref": "lime", "text": "the ashes left when seashells and some kinds of rocks are burned"}]}, {"id": "02", "tn": [{"ref": "Kerioth", "text": "See: [[:en:ta:vol1:translate:translate_names]]"}, {"ref": "Moab will die", "text": "\"The people of Moab will die\" (See: [[:en:ta:vol2:translate:figs_metonymy]])"}]}, {"id": "04", "tn": [{"ref": "For three sins ... even for four, I will not turn away punishment", "text": "See how you translated these words in [[:en:bible:notes:amo:01:03|1:3]]."}, {"ref": "Their lies", "text": "This expression here probably means \"False gods\" or \"Idols.\" (See: [[:en:ta:vol1:translate:figs_metaphor]])"}, {"ref": "go astray ... walked", "text": "Worshiping idols is spoken of as if people were walking behind these false gods. (See: [[:en:ta:vol1:translate:figs_metaphor]])"}]}, {"id": "06", "tn": [{"ref": "For three sins ... even for four, I will not turn away punishment", "text": "See how you translated these words in [[:en:bible:notes:amo:01:03|1:3]]."}]}, {"id": "07", "tn": [{"ref": "trample", "text": "injure by purposely and repeatedly stepping hard on"}, {"ref": "they push the oppressed away", "text": "\"they refuse to listen when the oppressed say they are being treated unfairly\" (See: [[:en:ta:vol1:translate:figs_idiom]])"}]}, {"id": "09", "tn": [{"ref": "whose height was like the height of cedars; he was strong as the oaks", "text": "\"who were as tall as the tallest trees you knew and as strong as the strongest wood you know\" (See: [[:en:ta:vol2:translate:figs_hyperbole]] and [[:en:ta:vol1:translate:figs_simile]])"}]}, {"id": "11", "tn": [{"ref": "declaration of Yahweh", "text": "Try to translate these words the same way every time they appear in this book."}]}, {"id": "13", "tn": [{"ref": "Look", "text": "AT: \"Listen\" or \"Pay attention to what I am about to tell you.\""}]}, {"id": "15", "tn": [{"ref": "The archer will not stand", "text": "\"The archer will run away\""}, {"ref": "the fast runner will not escape", "text": "\"the fast runner will be captured\""}, {"ref": "the horseman will not save himself", "text": "\"the horseman will die\""}, {"ref": "flee naked", "text": "Possible meanings are 1) \"run away without his weapons\" or 2) \"run away wearing no clothes.\"(See: [[:en:ta:vol2:translate:figs_hyperbole]])"}, {"ref": "declaration of Yahweh", "text": "Translate these words as you did in [[:en:bible:notes:amo:02:11|2:11]]."}]}]