[{"id": "01", "tn": [{"ref": "take you away with hooks, the last of you with fishhooks", "text": "These two lines mean basically the same thing and emphasize that the enemy will capture the people like people catch fish. AT: \"defeat all of you and force you to go away with them\" or \"put you on hooks like fish and take you away.\" (See: [[:en:ta:vol2:translate:figs_parallelism]] and [[:en:ta:vol1:translate:figs_metaphor]])"}]}, {"id": "03", "tn": [{"ref": "breaks in the city wall", "text": "places where the enemy had broken down the city wall to enter"}, {"ref": "you will be thrown out toward Harmon", "text": "\"they will throw you out toward Harmon\" or \"your enemies will force you to leave the city and go toward Harmon\" (See [[:en:ta:vol2:translate:figs_activepassive]])"}, {"ref": "Harmon", "text": "This may be a place name that we do not know. Or it might refer to Mount Hermon, and some modern versions interpret it in that way. (See: [[:en:ta:vol1:translate:translate_names]])"}, {"ref": "this is the declaration of Yahweh", "text": "This phrase is used to show that the things God spoke about surely will happen. Translate these words as you did in [[:en:bible:notes:amo:02:11|2:11]]."}]}, {"id": "04", "tn": [{"ref": "Go to Bethel and sin, to Gilgal and multiply sin", "text": "\"Because you refuse to repent, the sacrifices you offer at Bethel and Gilgal only make me more angry\" (See: [[:en:ta:vol1:translate:figs_irony]])"}, {"ref": "bring your sacrifices ... your tithes ... Offer a thanksgiving sacrifice ... proclaim freewill offerings; announce them", "text": "If your language has a way to show that the people refuse to understand that doing these things will do them no good but they will not stop doing them, you may want to use it here. (See: [[:en:ta:vol1:translate:figs_irony]])"}, {"ref": "your tithes every three days", "text": "Instead of \"every three days,\" some versions have \"every three years.\" This is because the Israelites were supposed to bring their tithes to God once every three years."}, {"ref": "declaration of the Lord Yahweh", "text": "Translate this as you did in [[:en:bible:notes:amo:03:13|3:13]]."}]}, {"id": "06", "tn": [{"ref": "cleanness of teeth", "text": "\"hunger\" or \"starvation\" (See: [[:en:ta:vol1:translate:figs_metaphor]] and [[:en:ta:vol2:translate:figs_euphemism]])"}, {"ref": "you have not returned to me", "text": "AT: \"you have not stopped sinning against me\""}, {"ref": "declaration of Yahweh", "text": "Translate these words as you did in [[:en:bible:notes:amo:02:11|2:11]]."}]}, {"id": "08", "tn": [{"ref": "I afflicted you with blight and mildew", "text": "\"Sometimes I gave you too little rain and sometimes too much rain\" (See: [[:en:ta:vol1:translate:figs_metaphor]] and [[:en:ta:vol2:translate:figs_merism]])"}, {"ref": "blight", "text": "disease that dries and kills plants"}, {"ref": "mildew", "text": "bad growth on things that stay wet too long"}, {"ref": "you have not returned to me", "text": "Translate these words as you did in [[:en:bible:notes:amo:04:06|4:6]]."}, {"ref": "declaration of Yahweh", "text": "Translate these words as you did in [[:en:bible:notes:amo:02:11|2:11]]."}]}, {"id": "10", "tn": [{"ref": "made the stench of your camp come up to your nostrils", "text": "AT: \"filled the air with the stench of your camp\" or \"you could not get away from the stench of your camp.\""}, {"ref": "stench", "text": "very bad smell, especially of dead people"}, {"ref": "You were like a burning stick snatched out of the fire", "text": "AT: \"I quickly pulled you out of the fire like you were a burning stick\" or \"I let you burn part way before I quickly pulled you out of the fire.\" (See: [[:en:ta:vol2:translate:figs_activepassive]])"}, {"ref": "you have not returned to me", "text": "Translate these words as you did in [[:en:bible:notes:amo:04:06|4:6]]."}, {"ref": "declaration of Yahweh", "text": "Translate these words as you did in [[:en:bible:notes:amo:02:11|2:11]]."}]}]