[{"firstvs": "1", "id": "01-01", "lastvs": "2"}, {"firstvs": "3", "id": "01-03", "lastvs": "5"}, {"firstvs": "6", "id": "01-06", "lastvs": "7"}, {"firstvs": "8", "id": "01-08", "lastvs": "9"}, {"firstvs": "10", "id": "01-10", "lastvs": "11"}, {"firstvs": "1", "id": "02-01", "lastvs": "1"}, {"firstvs": "2", "id": "02-02", "lastvs": "3"}, {"firstvs": "4", "id": "02-04", "lastvs": "5"}, {"firstvs": "6", "id": "02-06", "lastvs": "7"}, {"firstvs": "8", "id": "02-08", "lastvs": "9"}, {"firstvs": "10", "id": "02-10", "lastvs": "11"}, {"firstvs": "12", "id": "02-12", "lastvs": "13"}, {"firstvs": "14", "id": "02-14", "lastvs": "15"}, {"firstvs": "16", "id": "02-16", "lastvs": "17"}, {"firstvs": "18", "id": "02-18", "lastvs": "18"}, {"firstvs": "19", "id": "02-19", "lastvs": "20"}, {"firstvs": "21", "id": "02-21", "lastvs": "22"}, {"firstvs": "23", "id": "02-23", "lastvs": "23"}, {"firstvs": "1", "id": "03-01", "lastvs": "3"}, {"firstvs": "4", "id": "03-04", "lastvs": "5"}, {"firstvs": "1", "id": "04-01", "lastvs": "2"}, {"firstvs": "3", "id": "04-03", "lastvs": "3"}, {"firstvs": "4", "id": "04-04", "lastvs": "5"}, {"firstvs": "6", "id": "04-06", "lastvs": "7"}, {"firstvs": "8", "id": "04-08", "lastvs": "9"}, {"firstvs": "10", "id": "04-10", "lastvs": "10"}, {"firstvs": "11", "id": "04-11", "lastvs": "12"}, {"firstvs": "13", "id": "04-13", "lastvs": "14"}, {"firstvs": "15", "id": "04-15", "lastvs": "16"}, {"firstvs": "17", "id": "04-17", "lastvs": "19"}, {"firstvs": "1", "id": "05-01", "lastvs": "2"}, {"firstvs": "3", "id": "05-03", "lastvs": "4"}, {"firstvs": "5", "id": "05-05", "lastvs": "7"}, {"firstvs": "8", "id": "05-08", "lastvs": "9"}, {"firstvs": "10", "id": "05-10", "lastvs": "11"}, {"firstvs": "12", "id": "05-12", "lastvs": "13"}, {"firstvs": "14", "id": "05-14", "lastvs": "15"}, {"firstvs": "1", "id": "06-01", "lastvs": "3"}, {"firstvs": "4", "id": "06-04", "lastvs": "5"}, {"firstvs": "6", "id": "06-06", "lastvs": "7"}, {"firstvs": "8", "id": "06-08", "lastvs": "9"}, {"firstvs": "10", "id": "06-10", "lastvs": "11"}, {"firstvs": "1", "id": "07-01", "lastvs": "2"}, {"firstvs": "3", "id": "07-03", "lastvs": "5"}, {"firstvs": "6", "id": "07-06", "lastvs": "7"}, {"firstvs": "8", "id": "07-08", "lastvs": "9"}, {"firstvs": "10", "id": "07-10", "lastvs": "11"}, {"firstvs": "12", "id": "07-12", "lastvs": "13"}, {"firstvs": "14", "id": "07-14", "lastvs": "15"}, {"firstvs": "16", "id": "07-16", "lastvs": "16"}, {"firstvs": "1", "id": "08-01", "lastvs": "3"}, {"firstvs": "4", "id": "08-04", "lastvs": "5"}, {"firstvs": "6", "id": "08-06", "lastvs": "7"}, {"firstvs": "8", "id": "08-08", "lastvs": "10"}, {"firstvs": "11", "id": "08-11", "lastvs": "12"}, {"firstvs": "13", "id": "08-13", "lastvs": "14"}, {"firstvs": "1", "id": "09-01", "lastvs": "2"}, {"firstvs": "3", "id": "09-03", "lastvs": "4"}, {"firstvs": "5", "id": "09-05", "lastvs": "6"}, {"firstvs": "7", "id": "09-07", "lastvs": "7"}, {"firstvs": "8", "id": "09-08", "lastvs": "9"}, {"firstvs": "10", "id": "09-10", "lastvs": "10"}, {"firstvs": "11", "id": "09-11", "lastvs": "12"}, {"firstvs": "13", "id": "09-13", "lastvs": "14"}, {"firstvs": "15", "id": "09-15", "lastvs": "15"}, {"firstvs": "16", "id": "09-16", "lastvs": "17"}, {"firstvs": "1", "id": "10-01", "lastvs": "2"}, {"firstvs": "3", "id": "10-03", "lastvs": "4"}, {"firstvs": "5", "id": "10-05", "lastvs": "6"}, {"firstvs": "7", "id": "10-07", "lastvs": "8"}, {"firstvs": "9", "id": "10-09", "lastvs": "9"}, {"firstvs": "10", "id": "10-10", "lastvs": "11"}, {"firstvs": "12", "id": "10-12", "lastvs": "13"}, {"firstvs": "14", "id": "10-14", "lastvs": "15"}, {"firstvs": "1", "id": "11-01", "lastvs": "2"}, {"firstvs": "3", "id": "11-03", "lastvs": "4"}, {"firstvs": "5", "id": "11-05", "lastvs": "7"}, {"firstvs": "8", "id": "11-08", "lastvs": "9"}, {"firstvs": "10", "id": "11-10", "lastvs": "11"}, {"firstvs": "12", "id": "11-12", "lastvs": "12"}, {"firstvs": "1", "id": "12-01", "lastvs": "2"}, {"firstvs": "3", "id": "12-03", "lastvs": "4"}, {"firstvs": "5", "id": "12-05", "lastvs": "6"}, {"firstvs": "7", "id": "12-07", "lastvs": "8"}, {"firstvs": "9", "id": "12-09", "lastvs": "10"}, {"firstvs": "11", "id": "12-11", "lastvs": "12"}, {"firstvs": "13", "id": "12-13", "lastvs": "14"}, {"firstvs": "1", "id": "13-01", "lastvs": "2"}, {"firstvs": "3", "id": "13-03", "lastvs": "3"}, {"firstvs": "4", "id": "13-04", "lastvs": "6"}, {"firstvs": "7", "id": "13-07", "lastvs": "8"}, {"firstvs": "9", "id": "13-09", "lastvs": "11"}, {"firstvs": "12", "id": "13-12", "lastvs": "13"}, {"firstvs": "14", "id": "13-14", "lastvs": "14"}, {"firstvs": "15", "id": "13-15", "lastvs": "15"}, {"firstvs": "16", "id": "13-16", "lastvs": "16"}, {"firstvs": "1", "id": "14-01", "lastvs": "2"}, {"firstvs": "3", "id": "14-03", "lastvs": "3"}, {"firstvs": "4", "id": "14-04", "lastvs": "6"}, {"firstvs": "7", "id": "14-07", "lastvs": "8"}, {"firstvs": "9", "id": "14-00", "lastvs": "9"}]