[{"id": "01", "tn": [{"ref": "General Information:", "text": "See: [[:en:ta:vol1:translate:translate_names]]"}, {"ref": "while he was still banished from the presence of", "text": "AT: \"during the time when he could not be in the presence of\""}, {"ref": "They were armed with bows and could use both the right hand and the left", "text": "AT: \"Their weapons included bows, and they could use the bow with their right or left hands\" (See: [[:en:ta:vol2:translate:figs_ellipsis]])"}, {"ref": "slinging stones", "text": "The sling was strip of leather that allowed a person to throw a stone a great distance. A stone was placed in the middle while the person held the ends and swung it around in a circle. When one end was released, the stone flew toward the target."}]}, {"id": "03", "tn": [{"ref": "General Information:", "text": "See: [[:en:ta:vol1:translate:translate_names]]"}, {"ref": "the thirty", "text": "AT: \"the 30 soldiers\" (See: [[:en:ta:vol2:translate:translate_numbers]] and [[:en:ta:vol2:translate:figs_ellipsis]])"}]}, {"id": "05", "tn": [{"ref": "General Information:", "text": "See: [[:en:ta:vol1:translate:translate_names]]"}]}, {"id": "08", "tn": [{"ref": "General Information:", "text": "See: [[:en:ta:vol1:translate:translate_names]]"}, {"ref": "whose faces were as fierce as the faces of lions", "text": "AT: \"who were very fierce\" (See: [[:en:ta:vol1:translate:figs_simile]] and [[:en:ta:vol2:translate:figs_synecdoche]])"}, {"ref": "They were as swift as gazelles", "text": "AT: \"They were very fast\" (See: [[:en:ta:vol1:translate:figs_simile]])"}, {"ref": "gazelles", "text": "These are small animals that are graceful and fast, similar to deer."}]}, {"id": "09", "tn": [{"ref": "General Information:", "text": "See: [[:en:ta:vol1:translate:translate_names]]"}, {"ref": "second ... eleventh", "text": "This lists these men in order of leadership.\"2nd ... 3rd ... 4th ... 5th ... 6th ... 7th ... 8th ... 9th ... 10th ... 11th\" (See: [[:en:ta:vol2:translate:translate_ordinal]])"}]}, {"id": "14", "tn": [{"ref": "The least led a hundred", "text": "This means that the smallest group of the army that a leader lead was 100. (See: [[:en:ta:vol2:translate:translate_numbers]])"}, {"ref": "the greatest led a thousand", "text": "This means that the largest group of the army that a leader lead was 1,000."}, {"ref": "first month", "text": "This is the first month of the Hebrew calendar. It is during the last part of March and the first part April on Western calendars. It is at the beginning of the spring season when the late rains come. (See: [[:en:ta:vol2:translate:translate_hebrewmonths]] and [[:en:ta:vol2:translate:translate_ordinal]])"}]}, {"id": "16", "tn": [{"ref": "men of Benjamin and Judah", "text": "AT: \"men from the tribes of Benjamin and Judah\""}]}, {"id": "18", "tn": [{"ref": "General Information:", "text": "See: [[:en:ta:vol1:translate:translate_names]]"}, {"ref": "the Spirit came on", "text": "AT: \"The Spirit gave him power\" (See: [[:en:ta:vol1:translate:figs_metaphor]])"}, {"ref": "the thirty", "text": "AT: \"the 30 soldiers\" (See: [[:en:ta:vol2:translate:translate_numbers]] and [[:en:ta:vol2:translate:figs_ellipsis]])"}, {"ref": "We are yours, David. We are on your side, son of Jesse", "text": "These phrases share similar meanings and mphasize their commitment to follow David. (See: [[:en:ta:vol2:translate:figs_parallelism]])"}]}, {"id": "19", "tn": [{"ref": "General Information:", "text": "See: [[:en:ta:vol1:translate:translate_names]]"}, {"ref": "deserted to", "text": "AT: \"left their leaders to join\""}, {"ref": "over thousands of", "text": "\"over more than 1,000 men\" (See: [[:en:ta:vol2:translate:translate_numbers]])"}]}, {"id": "21", "tn": [{"ref": "roving bands", "text": "AT: \"groups of men who robbed people across the country\""}, {"ref": "Day after day", "text": "AT: \"Each day\" (See: [[:en:ta:vol1:translate:figs_idiom]])"}, {"ref": "like the army of God", "text": "This compares the size of David's army to the army of God's angels. (See: [[:en:ta:vol1:translate:figs_simile]])"}]}, {"id": "23", "tn": [{"ref": "General Information:", "text": "See: [[:en:ta:vol2:translate:translate_numbers]]"}, {"ref": "to turn the kingdom of Saul over to him", "text": "AT: \"to give control of Saul's kingdom to David\" (See: [[:en:ta:vol1:translate:figs_idiom]])"}, {"ref": "carried out Yahweh's word", "text": "AT: \"made Yahweh's word true\" or \"fulfilled Yahweh's word\""}, {"ref": "From Judah", "text": "AT: \"From the tribe of Judah\" (See: [[:en:ta:vol2:translate:figs_ellipsis]])"}]}, {"id": "26", "tn": [{"ref": "General Information:", "text": "See: [[:en:ta:vol2:translate:translate_numbers]] and [[:en:ta:vol1:translate:translate_names]]"}]}, {"id": "29", "tn": [{"ref": "General Information:", "text": "See: [[:en:ta:vol2:translate:translate_numbers]] and See: [[:en:ta:vol1:translate:translate_names]]"}, {"ref": "From Benjamin, Saul's tribe", "text": "AT: \"From Saul's tribe, the tribe of Benjamin\""}, {"ref": "half tribe", "text": "See how you translated this in [[:en:bible:notes:1ch:05:18]]"}]}, {"id": "32", "tn": [{"ref": "General Information:", "text": "See: [[:en:ta:vol2:translate:translate_numbers]]"}]}, {"id": "34", "tn": [{"ref": "General Information:", "text": "See: [[:en:ta:vol2:translate:translate_numbers]]"}]}, {"id": "36", "tn": [{"ref": "General Information:", "text": "See: [[:en:ta:vol2:translate:translate_numbers]] and [[:en:ta:vol1:translate:translate_names]])"}, {"ref": "armed with all kinds of weapons", "text": "AT: \"carrying all kinds of weapons\" (See: [[:en:ta:vol2:translate:figs_activepassive]])"}]}, {"id": "38", "tn": [{"ref": "firm intentions", "text": "AT: \"plans\""}, {"ref": "equipped for battle", "text": "AT: \"with their weapons for battle\""}, {"ref": "three days", "text": "\"3 days\" (See: [[:en:ta:vol2:translate:translate_numbers]])"}, {"ref": "raisins", "text": "These are dried grapes, a small fruit that grows on a vine (See: [[:en:ta:vol1:translate:translate_unknown]])"}]}]