[{"id": "01", "tn": [{"ref": "Hiram", "text": "This is the name of the king. (See: [[:en:ta:vol1:translate:translate_names]])"}, {"ref": "carpenters", "text": "These are people whose job is to make things with wood."}, {"ref": "masons", "text": "These are people whose job is to make things with stone or brick."}, {"ref": "established him as", "text": "AT: \"made him\""}, {"ref": "his kingdom was exalted on high for the sake of his people Israel", "text": "AT: \"Yahweh gave honor to David's kingdom to help the people of Israel\" (See: [[:en:ta:vol2:translate:figs_activepassive]])"}]}, {"id": "03", "tn": [{"ref": "General Information:", "text": "See: [[:en:ta:vol1:translate:translate_names]]"}]}, {"id": "08", "tn": [{"ref": "David had been anointed as king over all Israel", "text": "AT: \"the people of Israel had anointed David as their king\" (See: [[:en:ta:vol2:translate:figs_activepassive]])"}, {"ref": "Valley of Rephaim", "text": "This is the name of a place. (See: [[:en:ta:vol1:translate:translate_names]])"}]}, {"id": "10", "tn": [{"ref": "give them to you", "text": "AT: \"give you victory over them\" (See: [[:en:ta:vol1:translate:figs_metaphor]])"}, {"ref": "Baal Perazim", "text": "This is the name a place. (See: [[:en:ta:vol1:translate:translate_names]])"}, {"ref": "by my hand", "text": "This refers to David's resources. AT: \"using my army\" (See: [[:en:ta:vol2:translate:figs_metonymy]])"}, {"ref": "like a bursting flood of water", "text": "The power and victory of David's army is compared to a bursting flood of water. AT: \"easily\" (See: [[:en:ta:vol1:translate:figs_simile]])"}, {"ref": "that they should be burned", "text": "AT: \"to burn their false gods\" (See: [[:en:ta:vol2:translate:figs_activepassive]])"}]}, {"id": "13", "tn": [{"ref": "the valley", "text": "\"the Valley of Rephaim\""}, {"ref": "attack their front", "text": "AT: \"attack from the front\""}, {"ref": "circle around behind them and come on them through the balsam woods", "text": "AT: \"go through the forest of balsam trees and attack them from behind\""}, {"ref": "balsam", "text": "This is a type of tree. (See: [[:en:ta:vol1:translate:translate_unknown]])"}]}, {"id": "15", "tn": [{"ref": "General Information:", "text": "God continues his answer to David's question."}, {"ref": "gone out before you", "text": "AT: \"gone out ahead of you to fight for you\" (See: [[:en:ta:vol2:translate:figs_ellipsis]] [[:en:ta:vol2:translate:figs_personification]])"}, {"ref": "Gezer", "text": "This is the name of a town. (See: [[:en:ta:vol1:translate:translate_names]])"}, {"ref": "David's fame went out into all lands", "text": "AT: \"People far away heard about David's victory over the Philistines\" (See: [[:en:ta:vol2:translate:figs_personification]])"}]}]