[{"id": "01", "tn": [{"ref": "Connecting Statement:", "text": "The events in this chapter take place after the Persians conquered the Babylonians and Darius the Mede began to rule in Babylon."}, {"ref": "It pleased Darius", "text": "\"King Darius decided\""}, {"ref": "120 provincial governors", "text": "\"one hundred and twenty provincial governors\" (See: [[:en:ta:vol2:translate:translate_numbers]])"}, {"ref": "Over them", "text": "The word \"them\" refers to the 120 provincial governors."}, {"ref": "so that the king should suffer no loss", "text": "\"so that nothing should be stolen from the king\" or \"so that no one would steal anything from the king\""}, {"ref": "was distinguished above", "text": "\"excelled above\" or \"was more capable than\""}, {"ref": "he had an extraordinary spirit", "text": "Here \"spirit\" refers to Daniel. It means he had was unusually capable. AT: \"he was and exceptional person\" (See: [[:en:ta:vol2:translate:figs_synecdoche]])"}, {"ref": "extraordinary", "text": "\"impressive\" or \"excellent\""}, {"ref": "to put him over", "text": "\"to give him authority over\" or \"to put him in charge of\""}]}, {"id": "04", "tn": [{"ref": "Then the other chief administrators and the provincial governors ... for the kingdom", "text": "The other administrators were jealous of Daniel. This can be made explicit. AT: \"Then the other chief administrators and the provincial governors became jealous. So they looked for mistakes in the work Daniel did for the kingdom\" (See: [[:en:ta:vol1:translate:figs_explicit]])"}, {"ref": "No mistakes or negligence was found in him", "text": "This can be stated in active form. AT: \"They could find no mistakes or negligence in his work.\" (See: [[:en:ta:vol2:translate:figs_activepassive]])"}, {"ref": "negligence", "text": "overly looking your responsibilities"}, {"ref": "to complain against this Daniel", "text": "\"to complain about Daniel\""}]}, {"id": "06", "tn": [{"ref": "brought a plan before the king", "text": "\"presented a plan to the king\""}, {"ref": "may you live forever!", "text": "This was a normal way to greet a king."}, {"ref": "for thirty days", "text": "\"for 30 days\" (See: [[:en:ta:vol2:translate:translate_numbers]])"}, {"ref": "whoever makes a petition", "text": "\"whoever makes a request\""}, {"ref": "that person must be thrown into the den of lions", "text": "This can be stated in active form. AT: \"your soldiers must throw that person into the den of lions\" (See: [[:en:ta:vol2:translate:figs_activepassive]])"}, {"ref": "den of lions", "text": "This may refer to a room or pit where lions were kept."}]}, {"id": "08", "tn": [{"ref": "Connecting Statement:", "text": "In verse 8, the administrators continue to speak to the king."}, {"ref": "as directed by the laws", "text": "\"according to the laws\""}, {"ref": "cannot be repealed", "text": "\"cannot be canceled\""}, {"ref": "making the decree into a law", "text": "\"making the order into a law\""}]}, {"id": "10", "tn": [{"ref": "When Daniel learned that the document had been signed into law", "text": "It is important to the story to state clearly that Daniel knew about the new law before he prayed to God."}, {"ref": "now his windows were open in his upper room toward Jerusalem", "text": "This is background information that explains how Daniel's enemies knew he was praying to God. (See: [[:en:ta:vol2:translate:writing_background]])"}, {"ref": "gave thanks before his God", "text": "\"gave thanks to his God\""}, {"ref": "plot", "text": "a plan with evil intent"}]}, {"id": "12", "tn": [{"ref": "Did you not make a decree ... lions?", "text": "They asked this question to make the king confirm that he had made the decree."}, {"ref": "who makes a petition", "text": "\"who makes a request\""}, {"ref": "den of lions", "text": "This may refer to a room or pit where lions were kept. See how you translated this in [[:en:bible:notes:dan:06:06|6:7]]."}, {"ref": "as directed by the law", "text": "\"according to the law\""}]}, {"id": "13", "tn": [{"ref": "That person Daniel", "text": "This is not a respectful way of referring to Daniel. They intentionally used this phrase to avoid giving Daniel the respect he was due as a chief administrator."}, {"ref": "who is one of the people of the exile from Judah", "text": "\"who is an immagrant from Judah\""}, {"ref": "pays no attention to you", "text": "This idiom means he ignores the king. AT: \"does not obey you\" (See: [[:en:ta:vol1:translate:figs_idiom]])"}, {"ref": "he applied his mind", "text": "Here \"mind\" refers to his thinking. AT: \"he thought very hard about how\" (See: [[:en:ta:vol2:translate:figs_metonymy]])"}, {"ref": "He labored", "text": "This refers to mental labor, rather than to physical labor."}]}, {"id": "15", "tn": [{"ref": "no decree ... can be changed", "text": "An additional sentence may be added here to aid in understanding. AT: \"no decree ... can be changed. They must throw Daniel into the pit of lions\" (See: [[:en:ta:vol1:translate:figs_explicit]])"}]}, {"id": "16", "tn": [{"ref": "they brought in Daniel", "text": "\"his soldiers went and got Daniel\""}, {"ref": "lions' den", "text": "This may refer to a room or pit where lions were kept. See how you translated this in [[:en:bible:notes:dan:06:06|6:7]]."}, {"ref": "May your God ... rescue you", "text": "The king is expressing his desire for God to save Daniel."}, {"ref": "rescue you", "text": "\"save you from the lions\""}]}, {"id": "17", "tn": [{"ref": "den", "text": "This may refer to a room or pit where lions were kept. See how you translated this in [[:en:bible:notes:dan:06:06|6:7]]."}, {"ref": "the king sealed it with his own signet ring and with the signet rings of his nobles ... concerning Daniel", "text": "The function of the signet ring can be stated clearly. The king and the noblemen pressed their rings into a seal made of wax. AT: \"the king pressed his signet ring into a wax seal, the nobles did this too. No one was allowed to break the seal and help Daniel\" (See: [[:en:ta:vol1:translate:figs_explicit]])"}, {"ref": "nothing might be changed concerning Daniel", "text": "\"no one could help Daniel\""}, {"ref": "he went through the night fasting", "text": "This symbolic act showed that the king was worried about Daniel. (See: [[:en:ta:vol2:translate:translate_symaction]])"}, {"ref": "No entertainment was brought before him", "text": "This can be stated in active form. AT: \"He did not have anyone entertain him\" (See: [[:en:ta:vol2:translate:figs_activepassive]])"}, {"ref": "sleep fled from him", "text": "Sleep is spoken of as if it could run away from the king. AT: \"he did not sleep at all that night\" (See: [[:en:ta:vol2:translate:figs_personification]])"}]}, {"id": "19", "tn": [{"ref": "lions' den", "text": "This may refer to a room or pit where lions were kept. See how you translated this in [[:en:bible:notes:dan:06:06|6:7]]."}]}, {"id": "21", "tn": [{"ref": "For I was found blameless", "text": "This can be stated in active form. AT: \"He knows that I have done nothing wrong\" (UDB) (See: [[:en:ta:vol2:translate:figs_activepassive]])"}, {"ref": "I have done you no harm", "text": "\"I have not harmed you at all\""}]}, {"id": "23", "tn": [{"ref": "den", "text": "This may refer to a room or pit where lions were kept. See how you translated this in [[:en:bible:notes:dan:06:06|6:7]]."}, {"ref": "No harm was found on him", "text": "This can be stated in active form. AT: \"They did not find any wounds on Daniel\" (See: [[:en:ta:vol2:translate:figs_activepassive]])"}]}, {"id": "24", "tn": [{"ref": "den of lions", "text": "This may refer to a room or pit where lions were kept. See how you translated this in [[:en:bible:notes:dan:06:06|6:7]]."}, {"ref": "Before they reached the floor", "text": "\"Before they reached the floor of the lions' den\""}, {"ref": "broke all their bones to pieces", "text": "\"crushed their bones\" (UDB)"}, {"ref": "peoples, nations, and languages", "text": "Here \"nations\" and \"languages\" represent people from different nations who speak different languages. See how you translated this in [[:en:bible:notes:dan:03:03|3:4]]. AT: \"people from different nations and who spoke different languages\" (See: [[:en:ta:vol2:translate:figs_metonymy]])"}, {"ref": "in all the earth", "text": "King Darius wrote his message to his entire kingdom which was huge. Here it says \"all the earth\" to emphasis how large his kingdom was, though it did not include everyone on the earth. AT: \"in his kingdom\" (See: [[:en:ta:vol2:translate:figs_hyperbole]])"}, {"ref": "May peace increase for you", "text": "This is a form of greeting that is used to wish someone well in all areas of life."}]}, {"id": "26", "tn": [{"ref": "Connecting Statement:", "text": "This continues to state the message that Darius sent to everyone in his kingdom."}, {"ref": "tremble and fear", "text": "These two words are similar and can be combined. AT: \"shake with fear\" (See: [[:en:ta:vol2:translate:figs_doublet]])"}, {"ref": "the God of Daniel", "text": "\"the God that Daniel worships\" (UDB)"}, {"ref": "he is the living God and lives forever", "text": "The two phrases \"the living God\" and \"lives forever\" express the same concept, that God lives forever. (See: [[:en:ta:vol2:translate:figs_parallelism]])"}, {"ref": "his kingdom shall ... his dominion shall", "text": "These two phrases are parallel, emphasizing how God's kingdom will never end. (See: [[:en:ta:vol2:translate:figs_parallelism]])"}, {"ref": "his kingdom shall not be destroyed", "text": "This can be stated in active form. AT: \"no one will destroy his kingdom\" or \"his kingdom will last forever\" (See: [[:en:ta:vol2:translate:figs_activepassive]])"}, {"ref": "his dominion shall be to the end", "text": "\"he will rule forever\""}, {"ref": "he has kept Daniel safe from the strength of the lions", "text": "\"he has not allowed the strong lions to hurt Daniel\""}]}, {"id": "28", "tn": [{"ref": "during the reign of Darius and during the reign of Cyrus the Persian", "text": "Cyrus the Persian was the king who ruled after Darius."}]}]