[{"id": "01", "tn": [{"ref": "in the ninth year", "text": "(See: [[:en:ta:vol2:translate:translate_ordinal]])"}, {"ref": "in the tenth month, and on the tenth day of the month", "text": "This is the tenth month of the Hebrew calendar. The tenth day is near the end of December on Western calendars. This is during the cold season when there may be rain and snow. (See: [[:en:ta:vol2:translate:translate_hebrewmonths]] and [[:en:ta:vol2:translate:translate_ordinal]])"}, {"ref": "came with all his army against Jerusalem", "text": "The name \"Jerusalem\" is a metonym for the people who lived in it. AT: \"came with his whole army to fight against the people of Jerusalem\" or \"came with his whole army to conquer Jerusalem\" (See: [[:en:ta:vol2:translate:figs_metonymy]])"}, {"ref": "the ninth day of the fourth month", "text": "This is the fourth month of the Hebrew calendar. The ninth day is near the end of June on Western calendars. This is during the dry season when there is very little or no rain. (See: [[:en:ta:vol2:translate:translate_hebrewmonths]] and [[:en:ta:vol2:translate:translate_ordinal]])"}, {"ref": "the people of the land", "text": "These are the inhabitants of Jerusalem, including refugees from the surrounding villages that fled to Jerusalem when the war started."}]}, {"id": "04", "tn": [{"ref": "Then the city was broken into", "text": "This can be translated in active form. AT: \"Then the Babylonian army broke into the city\" (See: [[:en:ta:vol2:translate:figs_activepassive]])"}, {"ref": "all the fighting men", "text": "\"all the warriors\""}, {"ref": "by the way of the gate", "text": "\"by using the gate\""}, {"ref": "the Chaldeans", "text": "Some translations use \"Chaldeans\" and others use \"Babylonians.\" Both terms refer to the same people group."}, {"ref": "The king went in the direction of", "text": "\"King Zedekiah also fled and he went toward\""}, {"ref": "All his army was scattered away from him", "text": "This can be translated in active form. AT: \"His whole army ran away from him\" or \"The Chaldeans chased away his whole army\" (See: [[:en:ta:vol2:translate:figs_activepassive]])"}]}, {"id": "06", "tn": [{"ref": "Riblah", "text": "This is the name of a place. (See: [[:en:ta:vol1:translate:translate_names]])"}, {"ref": "passed sentence on him", "text": "\"decided how they would punish him\" (see UDB)"}, {"ref": "they slaughtered them before his eyes", "text": "The eyes are synecdoche for the whole person. AT: \"they forced king Zedekiah to watch them kill his sons\" (See: [[:en:ta:vol2:translate:figs_synecdoche]])"}, {"ref": "he put out his eyes", "text": "\"Nebuchadnezzar put out Zedekiah's eyes.\" It might be best to translate so that the reader understands that other people might have helped Nebuchadnezzar do this. (See: [[:en:ta:vol1:translate:figs_explicit]])"}]}, {"id": "08", "tn": [{"ref": "in the fifth month, on the seventh day of the month", "text": "This is the fifth month of the Hebrew calendar. The seventh day is near the end of July on Western calendars. (See: [[:en:ta:vol2:translate:translate_hebrewmonths]] and [[:en:ta:vol2:translate:translate_ordinal]])"}, {"ref": "the nineteenth year", "text": "This is the ordinal form of the number 19. (See: [[:en:ta:vol2:translate:translate_ordinal]])"}, {"ref": "Nebuzaradan", "text": "This is the name of a man. (See: [[:en:ta:vol1:translate:translate_names]])"}, {"ref": "As for all the walls around Jerusalem, all", "text": "\"This is what happened to all the walls around Jerusalem: all\""}, {"ref": "who were under", "text": "\"who were following the orders of\""}]}, {"id": "11", "tn": [{"ref": "As for the rest of the people ... city, those", "text": "\"This is what happened to the rest of the people ... city: those\""}, {"ref": "the rest of the people who were left in the city", "text": "\"the people who remained in the city\""}, {"ref": "deserted to the king", "text": "\"left the city and gone to be with the king\""}]}, {"id": "13", "tn": [{"ref": "As for the bronze pillars ... Yahweh, the Chaldeans", "text": "\"This is what happened to the bronze pillars ... Yahweh: the Chaldeans\""}, {"ref": "the stands", "text": "This refers to the large, moveable bronze stands with bronze wheels and axles. \"the moveable bronze stands\" or \"the bronze stands with wheels\" (UDB)"}, {"ref": "the bronze sea", "text": "\"the large bronze basin\""}, {"ref": "broke them into pieces", "text": "\"cut them into pieces\" or \"chopped them up into small pieces\""}, {"ref": "shovels", "text": "A shovel was a tool that was used to clean the altar, typically used to move big piles of dirt, sand, or ashes."}, {"ref": "with which the priests had served in the temple", "text": "\"which the priests had used in the temple service\""}, {"ref": "The pots for removing ashes", "text": "You may need to make explicit which ashes are spoken of. AT: \"The pots that were used for removing ashes from the altar\" (See: [[:en:ta:vol1:translate:figs_explicit]])"}]}, {"id": "16", "tn": [{"ref": "the sea", "text": "\"the large bronze basin.\" Translate as in [[:en:bible:notes:2ki:25:13|25:13]]."}, {"ref": "the stands", "text": "Translate as in [[:en:bible:notes:2ki:25:13|25:13]]."}, {"ref": "eighteen cubits ... three cubits", "text": "A cubit was 46 centimeters. AT: \"about 8.3 meters ... about 1.4 meters\" (See: [[:en:ta:vol2:translate:translate_bdistance]])"}, {"ref": "a capital of bronze", "text": "\"an artistic, bronze design\" or \"a bronze piece with designs\""}, {"ref": "latticework", "text": "This was a design made of crossed strips that looked like a net."}, {"ref": "all made of bronze", "text": "\"completely made of bronze\""}]}, {"id": "18", "tn": [{"ref": "The commander of the bodyguard", "text": "Similar words appear in [[:en:bible:notes:2ki:25:08|25:8]]."}, {"ref": "Seraiah", "text": "This is the name of a man. (See: [[:en:ta:vol1:translate:translate_names]])"}, {"ref": "the second priest", "text": "These words refer to Zephaniah. Another possible meaning is \"the priest under Seraiah.\""}, {"ref": "gatekeepers", "text": "Translate as in [[:en:bible:notes:2ki:07:09|7:10]]."}, {"ref": "took prisoner", "text": "\"captured and kept from escaping\""}, {"ref": "an officer who was in charge of soldiers", "text": "Other translations may read \"a eunuch who was in charge of soldiers.\" A eunuch is a man whose private parts have been removed."}, {"ref": "officer responsible for drafting men into the army", "text": "Possible meanings are 1) the officer forced men to become soldiers or 2) the officer wrote down the names of the men who became soldiers."}]}, {"id": "20", "tn": [{"ref": "Nebuzaradan", "text": "This is the name of a man. Translate as in [[:en:bible:notes:2ki:25:08|25:8]]."}, {"ref": "Riblah", "text": "This is the name of a place. Translate as in [[:en:bible:notes:2ki:25:06|25:6]]."}, {"ref": "put them to death", "text": "This is a polite way of saying \"killed them.\" It might be best to translate so that the reader understands that other people might have helped the king do this. (See: [[:en:ta:vol2:translate:figs_euphemism]] and [[:en:ta:vol1:translate:figs_explicit]])"}, {"ref": "In this way, Judah went out of its land into exile", "text": "\"So Judah was taken into exile out of its land\""}, {"ref": "Judah went out of its land", "text": "Judah, the name of the people group, is a metonym for the people themselves. AT: \"the people of Judah went out of their land\" (See: [[:en:ta:vol2:translate:figs_metonymy]])"}]}, {"id": "22", "tn": [{"ref": "Gedaliah ... Ahikam ... Shaphan ... Ishmael ... Nethaniah ... Johanan ... Kareah ... Seraiah ... Tanhumeth ... Jaazaniah", "text": "These are the names of men. (See: [[:en:ta:vol1:translate:translate_names]])"}, {"ref": "Netophathite", "text": "a descendant of a man named Netophah (See: [[:en:ta:vol1:translate:translate_names]])"}, {"ref": "Maacathite", "text": "from a place called Maacah (See: [[:en:ta:vol1:translate:translate_names]])"}]}, {"id": "25", "tn": [{"ref": "the seventh month", "text": "This is the seventh month on the Hebrew calendar. It is during the last part of September and the first part of October on Western calendars. (See: [[:en:ta:vol2:translate:translate_hebrewmonths]] and [[:en:ta:vol2:translate:translate_ordinal]])"}, {"ref": "Elishama", "text": "This is the name of a man (See: [[:en:ta:vol1:translate:translate_names]])"}, {"ref": "all the people", "text": "This is a generalization. AT: \"many people\" (See: [[:en:ta:vol2:translate:figs_hyperbole]])"}, {"ref": "from the least to the greatest", "text": "This is a merism that means \"everyone,\" which is a generalization. AT: \"from the least important to the most important\" or \"everyone\" (See: [[:en:ta:vol2:translate:figs_merism]])"}]}, {"id": "27", "tn": [{"ref": "in the thirty-seventh year", "text": "seventh year** - (See: [[:en:ta:vol2:translate:translate_ordinal]])"}, {"ref": "in the twelfth month, on the twenty-seventh day of the month", "text": "seventh day of the month** - This is the twelfth month of the Hebrew calendar. The twenty-seventh day is near the beginning of April on Western calendars. (See: [[:en:ta:vol2:translate:translate_hebrewmonths]] and [[:en:ta:vol2:translate:translate_ordinal]])"}, {"ref": "Evil-Merodach", "text": "Merodach** - This is what the man's name sounded like, not a description of him. (See: [[:en:ta:vol1:translate:translate_names]])"}]}, {"id": "28", "tn": [{"ref": "a seat more honorable than that of the other kings", "text": "Giving a good place at the dining table is a metonym for honoring him. AT: \"more honor than the other kings\" (See: [[:en:ta:vol2:translate:figs_metonymy]])"}, {"ref": "removed Jehoiachin's prison clothes", "text": "The reader should understand that removing his prison clothes is a synecdoche for making him a free man. (See: [[:en:ta:vol2:translate:figs_synecdoche]])"}, {"ref": "at the king's table", "text": "\"with the king and his officials\""}, {"ref": "A regular food allowance was given to him", "text": "This can be translated in active form. AT: \"The king made sure that he had a regular food allowance\" (See: [[:en:ta:vol2:translate:figs_activepassive]])"}, {"ref": "A regular food allowance", "text": "\"Money to buy food\""}]}]