[{"firstvs": "1", "id": "01-01", "lastvs": "2"}, {"firstvs": "3", "id": "01-03", "lastvs": "5"}, {"firstvs": "6", "id": "01-06", "lastvs": "8"}, {"firstvs": "9", "id": "01-09", "lastvs": "10"}, {"firstvs": "11", "id": "01-11", "lastvs": "12"}, {"firstvs": "1", "id": "02-01", "lastvs": "2"}, {"firstvs": "3", "id": "02-03", "lastvs": "4"}, {"firstvs": "5", "id": "02-05", "lastvs": "7"}, {"firstvs": "8", "id": "02-08", "lastvs": "10"}, {"firstvs": "11", "id": "02-11", "lastvs": "12"}, {"firstvs": "13", "id": "02-13", "lastvs": "15"}, {"firstvs": "16", "id": "02-16", "lastvs": "17"}, {"firstvs": "1", "id": "03-01", "lastvs": "3"}, {"firstvs": "4", "id": "03-04", "lastvs": "5"}, {"firstvs": "6", "id": "03-06", "lastvs": "9"}, {"firstvs": "10", "id": "03-10", "lastvs": "12"}, {"firstvs": "13", "id": "03-13", "lastvs": "15"}, {"firstvs": "16", "id": "03-00", "lastvs": "18"}]