[{"firstvs": "1", "id": "01-01", "lastvs": "2"}, {"firstvs": "3", "id": "01-03", "lastvs": "4"}, {"firstvs": "5", "id": "01-05", "lastvs": "6"}, {"firstvs": "7", "id": "01-07", "lastvs": "8"}, {"firstvs": "9", "id": "01-09", "lastvs": "11"}, {"firstvs": "12", "id": "01-12", "lastvs": "14"}, {"firstvs": "15", "id": "01-15", "lastvs": "16"}, {"firstvs": "17", "id": "01-17", "lastvs": "18"}, {"firstvs": "19", "id": "01-19", "lastvs": "19"}, {"firstvs": "20", "id": "01-20", "lastvs": "21"}, {"firstvs": "22", "id": "01-22", "lastvs": "24"}, {"firstvs": "25", "id": "01-25", "lastvs": "25"}, {"firstvs": "26", "id": "01-26", "lastvs": "28"}, {"firstvs": "29", "id": "01-29", "lastvs": "31"}, {"firstvs": "32", "id": "01-32", "lastvs": "33"}, {"firstvs": "34", "id": "01-34", "lastvs": "36"}, {"firstvs": "37", "id": "01-37", "lastvs": "38"}, {"firstvs": "39", "id": "01-39", "lastvs": "40"}, {"firstvs": "41", "id": "01-41", "lastvs": "42"}, {"firstvs": "43", "id": "01-43", "lastvs": "44"}, {"firstvs": "45", "id": "01-45", "lastvs": "46"}, {"firstvs": "1", "id": "02-01", "lastvs": "3"}, {"firstvs": "4", "id": "02-04", "lastvs": "5"}, {"firstvs": "6", "id": "02-06", "lastvs": "7"}, {"firstvs": "8", "id": "02-08", "lastvs": "8"}, {"firstvs": "9", "id": "02-09", "lastvs": "9"}, {"firstvs": "10", "id": "02-10", "lastvs": "11"}, {"firstvs": "12", "id": "02-12", "lastvs": "12"}, {"firstvs": "13", "id": "02-13", "lastvs": "15"}, {"firstvs": "16", "id": "02-16", "lastvs": "19"}, {"firstvs": "20", "id": "02-20", "lastvs": "22"}, {"firstvs": "23", "id": "02-23", "lastvs": "23"}, {"firstvs": "24", "id": "02-24", "lastvs": "25"}, {"firstvs": "26", "id": "02-26", "lastvs": "27"}, {"firstvs": "28", "id": "02-28", "lastvs": "29"}, {"firstvs": "30", "id": "02-30", "lastvs": "31"}, {"firstvs": "32", "id": "02-32", "lastvs": "33"}, {"firstvs": "34", "id": "02-34", "lastvs": "35"}, {"firstvs": "36", "id": "02-36", "lastvs": "37"}, {"firstvs": "1", "id": "03-01", "lastvs": "2"}, {"firstvs": "3", "id": "03-03", "lastvs": "4"}, {"firstvs": "5", "id": "03-05", "lastvs": "7"}, {"firstvs": "8", "id": "03-08", "lastvs": "10"}, {"firstvs": "11", "id": "03-11", "lastvs": "11"}, {"firstvs": "12", "id": "03-12", "lastvs": "13"}, {"firstvs": "14", "id": "03-14", "lastvs": "14"}, {"firstvs": "15", "id": "03-15", "lastvs": "16"}, {"firstvs": "17", "id": "03-17", "lastvs": "17"}, {"firstvs": "18", "id": "03-18", "lastvs": "18"}, {"firstvs": "19", "id": "03-19", "lastvs": "20"}, {"firstvs": "21", "id": "03-21", "lastvs": "22"}, {"firstvs": "23", "id": "03-23", "lastvs": "25"}, {"firstvs": "26", "id": "03-26", "lastvs": "27"}, {"firstvs": "28", "id": "03-28", "lastvs": "29"}, {"firstvs": "1", "id": "04-01", "lastvs": "2"}, {"firstvs": "3", "id": "04-03", "lastvs": "4"}, {"firstvs": "5", "id": "04-05", "lastvs": "6"}, {"firstvs": "7", "id": "04-07", "lastvs": "8"}, {"firstvs": "9", "id": "04-09", "lastvs": "10"}, {"firstvs": "11", "id": "04-11", "lastvs": "12"}, {"firstvs": "13", "id": "04-13", "lastvs": "14"}, {"firstvs": "15", "id": "04-15", "lastvs": "18"}, {"firstvs": "19", "id": "04-19", "lastvs": "20"}, {"firstvs": "21", "id": "04-21", "lastvs": "22"}, {"firstvs": "23", "id": "04-23", "lastvs": "24"}, {"firstvs": "25", "id": "04-25", "lastvs": "26"}, {"firstvs": "27", "id": "04-27", "lastvs": "28"}, {"firstvs": "29", "id": "04-29", "lastvs": "29"}, {"firstvs": "30", "id": "04-30", "lastvs": "31"}, {"firstvs": "32", "id": "04-32", "lastvs": "33"}, {"firstvs": "34", "id": "04-34", "lastvs": "34"}, {"firstvs": "35", "id": "04-35", "lastvs": "36"}, {"firstvs": "37", "id": "04-37", "lastvs": "38"}, {"firstvs": "39", "id": "04-39", "lastvs": "40"}, {"firstvs": "41", "id": "04-41", "lastvs": "43"}, {"firstvs": "44", "id": "04-44", "lastvs": "46"}, {"firstvs": "47", "id": "04-47", "lastvs": "49"}, {"firstvs": "1", "id": "05-01", "lastvs": "3"}, {"firstvs": "4", "id": "05-04", "lastvs": "6"}, {"firstvs": "7", "id": "05-07", "lastvs": "8"}, {"firstvs": "9", "id": "05-09", "lastvs": "10"}, {"firstvs": "11", "id": "05-11", "lastvs": "11"}, {"firstvs": "12", "id": "05-12", "lastvs": "14"}, {"firstvs": "15", "id": "05-15", "lastvs": "15"}, {"firstvs": "16", "id": "05-16", "lastvs": "16"}, {"firstvs": "17", "id": "05-17", "lastvs": "20"}, {"firstvs": "21", "id": "05-21", "lastvs": "21"}, {"firstvs": "22", "id": "05-22", "lastvs": "22"}, {"firstvs": "23", "id": "05-23", "lastvs": "24"}, {"firstvs": "25", "id": "05-25", "lastvs": "27"}, {"firstvs": "28", "id": "05-28", "lastvs": "30"}, {"firstvs": "31", "id": "05-31", "lastvs": "31"}, {"firstvs": "32", "id": "05-32", "lastvs": "33"}, {"firstvs": "1", "id": "06-01", "lastvs": "2"}, {"firstvs": "3", "id": "06-03", "lastvs": "3"}, {"firstvs": "4", "id": "06-04", "lastvs": "5"}, {"firstvs": "6", "id": "06-06", "lastvs": "7"}, {"firstvs": "8", "id": "06-08", "lastvs": "9"}, {"firstvs": "10", "id": "06-10", "lastvs": "12"}, {"firstvs": "13", "id": "06-13", "lastvs": "15"}, {"firstvs": "16", "id": "06-16", "lastvs": "17"}, {"firstvs": "18", "id": "06-18", "lastvs": "19"}, {"firstvs": "20", "id": "06-20", "lastvs": "23"}, {"firstvs": "24", "id": "06-24", "lastvs": "25"}, {"firstvs": "1", "id": "07-01", "lastvs": "1"}, {"firstvs": "2", "id": "07-02", "lastvs": "3"}, {"firstvs": "4", "id": "07-04", "lastvs": "5"}, {"firstvs": "6", "id": "07-06", "lastvs": "6"}, {"firstvs": "7", "id": "07-07", "lastvs": "8"}, {"firstvs": "9", "id": "07-09", "lastvs": "11"}, {"firstvs": "12", "id": "07-12", "lastvs": "13"}, {"firstvs": "14", "id": "07-14", "lastvs": "15"}, {"firstvs": "16", "id": "07-16", "lastvs": "16"}, {"firstvs": "17", "id": "07-17", "lastvs": "19"}, {"firstvs": "20", "id": "07-20", "lastvs": "22"}, {"firstvs": "23", "id": "07-23", "lastvs": "24"}, {"firstvs": "25", "id": "07-25", "lastvs": "26"}, {"firstvs": "1", "id": "08-01", "lastvs": "2"}, {"firstvs": "3", "id": "08-03", "lastvs": "3"}, {"firstvs": "4", "id": "08-04", "lastvs": "6"}, {"firstvs": "7", "id": "08-07", "lastvs": "8"}, {"firstvs": "9", "id": "08-09", "lastvs": "10"}, {"firstvs": "11", "id": "08-11", "lastvs": "12"}, {"firstvs": "13", "id": "08-13", "lastvs": "14"}, {"firstvs": "15", "id": "08-15", "lastvs": "17"}, {"firstvs": "18", "id": "08-18", "lastvs": "20"}, {"firstvs": "1", "id": "09-01", "lastvs": "2"}, {"firstvs": "3", "id": "09-03", "lastvs": "3"}, {"firstvs": "4", "id": "09-04", "lastvs": "4"}, {"firstvs": "5", "id": "09-05", "lastvs": "5"}, {"firstvs": "6", "id": "09-06", "lastvs": "6"}, {"firstvs": "7", "id": "09-07", "lastvs": "8"}, {"firstvs": "9", "id": "09-09", "lastvs": "10"}, {"firstvs": "11", "id": "09-11", "lastvs": "12"}, {"firstvs": "13", "id": "09-13", "lastvs": "14"}, {"firstvs": "15", "id": "09-15", "lastvs": "16"}, {"firstvs": "17", "id": "09-17", "lastvs": "18"}, {"firstvs": "19", "id": "09-19", "lastvs": "20"}, {"firstvs": "21", "id": "09-21", "lastvs": "21"}, {"firstvs": "22", "id": "09-22", "lastvs": "24"}, {"firstvs": "25", "id": "09-25", "lastvs": "26"}, {"firstvs": "27", "id": "09-27", "lastvs": "29"}, {"firstvs": "1", "id": "10-01", "lastvs": "2"}, {"firstvs": "3", "id": "10-03", "lastvs": "4"}, {"firstvs": "5", "id": "10-05", "lastvs": "5"}, {"firstvs": "6", "id": "10-06", "lastvs": "7"}, {"firstvs": "8", "id": "10-08", "lastvs": "9"}, {"firstvs": "10", "id": "10-10", "lastvs": "11"}, {"firstvs": "12", "id": "10-12", "lastvs": "13"}, {"firstvs": "14", "id": "10-14", "lastvs": "15"}, {"firstvs": "16", "id": "10-16", "lastvs": "17"}, {"firstvs": "18", "id": "10-18", "lastvs": "19"}, {"firstvs": "20", "id": "10-20", "lastvs": "21"}, {"firstvs": "22", "id": "10-22", "lastvs": "22"}, {"firstvs": "1", "id": "11-01", "lastvs": "1"}, {"firstvs": "2", "id": "11-02", "lastvs": "3"}, {"firstvs": "4", "id": "11-04", "lastvs": "5"}, {"firstvs": "6", "id": "11-06", "lastvs": "7"}, {"firstvs": "8", "id": "11-08", "lastvs": "9"}, {"firstvs": "10", "id": "11-10", "lastvs": "12"}, {"firstvs": "13", "id": "11-13", "lastvs": "15"}, {"firstvs": "16", "id": "11-16", "lastvs": "17"}, {"firstvs": "18", "id": "11-18", "lastvs": "19"}, {"firstvs": "20", "id": "11-20", "lastvs": "21"}, {"firstvs": "22", "id": "11-22", "lastvs": "23"}, {"firstvs": "24", "id": "11-24", "lastvs": "25"}, {"firstvs": "26", "id": "11-26", "lastvs": "28"}, {"firstvs": "29", "id": "11-29", "lastvs": "30"}, {"firstvs": "31", "id": "11-31", "lastvs": "32"}, {"firstvs": "1", "id": "12-01", "lastvs": "2"}, {"firstvs": "3", "id": "12-03", "lastvs": "4"}, {"firstvs": "5", "id": "12-05", "lastvs": "6"}, {"firstvs": "7", "id": "12-07", "lastvs": "7"}, {"firstvs": "8", "id": "12-08", "lastvs": "9"}, {"firstvs": "10", "id": "12-10", "lastvs": "11"}, {"firstvs": "12", "id": "12-12", "lastvs": "12"}, {"firstvs": "13", "id": "12-13", "lastvs": "14"}, {"firstvs": "15", "id": "12-15", "lastvs": "16"}, {"firstvs": "17", "id": "12-17", "lastvs": "17"}, {"firstvs": "18", "id": "12-18", "lastvs": "19"}, {"firstvs": "20", "id": "12-20", "lastvs": "20"}, {"firstvs": "21", "id": "12-21", "lastvs": "22"}, {"firstvs": "23", "id": "12-23", "lastvs": "25"}, {"firstvs": "26", "id": "12-26", "lastvs": "27"}, {"firstvs": "28", "id": "12-28", "lastvs": "28"}, {"firstvs": "29", "id": "12-29", "lastvs": "30"}, {"firstvs": "31", "id": "12-31", "lastvs": "32"}, {"firstvs": "1", "id": "13-01", "lastvs": "3"}, {"firstvs": "4", "id": "13-04", "lastvs": "5"}, {"firstvs": "6", "id": "13-06", "lastvs": "7"}, {"firstvs": "8", "id": "13-08", "lastvs": "9"}, {"firstvs": "10", "id": "13-10", "lastvs": "11"}, {"firstvs": "12", "id": "13-12", "lastvs": "14"}, {"firstvs": "15", "id": "13-15", "lastvs": "16"}, {"firstvs": "17", "id": "13-17", "lastvs": "18"}, {"firstvs": "1", "id": "14-01", "lastvs": "2"}, {"firstvs": "3", "id": "14-03", "lastvs": "5"}, {"firstvs": "6", "id": "14-06", "lastvs": "7"}, {"firstvs": "8", "id": "14-08", "lastvs": "8"}, {"firstvs": "9", "id": "14-09", "lastvs": "10"}, {"firstvs": "11", "id": "14-11", "lastvs": "13"}, {"firstvs": "14", "id": "14-14", "lastvs": "17"}, {"firstvs": "18", "id": "14-18", "lastvs": "20"}, {"firstvs": "21", "id": "14-21", "lastvs": "21"}, {"firstvs": "22", "id": "14-22", "lastvs": "23"}, {"firstvs": "24", "id": "14-24", "lastvs": "25"}, {"firstvs": "26", "id": "14-26", "lastvs": "27"}, {"firstvs": "28", "id": "14-28", "lastvs": "29"}, {"firstvs": "1", "id": "15-01", "lastvs": "3"}, {"firstvs": "4", "id": "15-04", "lastvs": "6"}, {"firstvs": "7", "id": "15-07", "lastvs": "8"}, {"firstvs": "9", "id": "15-09", "lastvs": "10"}, {"firstvs": "11", "id": "15-11", "lastvs": "11"}, {"firstvs": "12", "id": "15-12", "lastvs": "14"}, {"firstvs": "15", "id": "15-15", "lastvs": "17"}, {"firstvs": "18", "id": "15-18", "lastvs": "18"}, {"firstvs": "19", "id": "15-19", "lastvs": "21"}, {"firstvs": "22", "id": "15-22", "lastvs": "23"}, {"firstvs": "1", "id": "16-01", "lastvs": "2"}, {"firstvs": "3", "id": "16-03", "lastvs": "4"}, {"firstvs": "5", "id": "16-05", "lastvs": "6"}, {"firstvs": "7", "id": "16-07", "lastvs": "8"}, {"firstvs": "9", "id": "16-09", "lastvs": "10"}, {"firstvs": "11", "id": "16-11", "lastvs": "12"}, {"firstvs": "13", "id": "16-13", "lastvs": "14"}, {"firstvs": "15", "id": "16-15", "lastvs": "15"}, {"firstvs": "16", "id": "16-16", "lastvs": "17"}, {"firstvs": "18", "id": "16-18", "lastvs": "20"}, {"firstvs": "21", "id": "16-21", "lastvs": "22"}, {"firstvs": "1", "id": "17-01", "lastvs": "1"}, {"firstvs": "2", "id": "17-02", "lastvs": "4"}, {"firstvs": "5", "id": "17-05", "lastvs": "7"}, {"firstvs": "8", "id": "17-08", "lastvs": "9"}, {"firstvs": "10", "id": "17-10", "lastvs": "11"}, {"firstvs": "12", "id": "17-12", "lastvs": "13"}, {"firstvs": "14", "id": "17-14", "lastvs": "15"}, {"firstvs": "16", "id": "17-16", "lastvs": "17"}, {"firstvs": "18", "id": "17-18", "lastvs": "19"}, {"firstvs": "20", "id": "17-20", "lastvs": "20"}, {"firstvs": "1", "id": "18-01", "lastvs": "2"}, {"firstvs": "3", "id": "18-03", "lastvs": "5"}, {"firstvs": "6", "id": "18-06", "lastvs": "8"}, {"firstvs": "9", "id": "18-09", "lastvs": "11"}, {"firstvs": "12", "id": "18-12", "lastvs": "14"}, {"firstvs": "15", "id": "18-15", "lastvs": "16"}, {"firstvs": "17", "id": "18-17", "lastvs": "19"}, {"firstvs": "20", "id": "18-20", "lastvs": "21"}, {"firstvs": "22", "id": "18-22", "lastvs": "22"}, {"firstvs": "1", "id": "19-01", "lastvs": "3"}, {"firstvs": "4", "id": "19-04", "lastvs": "5"}, {"firstvs": "6", "id": "19-06", "lastvs": "7"}, {"firstvs": "8", "id": "19-08", "lastvs": "10"}, {"firstvs": "11", "id": "19-11", "lastvs": "13"}, {"firstvs": "14", "id": "19-14", "lastvs": "14"}, {"firstvs": "15", "id": "19-15", "lastvs": "16"}, {"firstvs": "17", "id": "19-17", "lastvs": "19"}, {"firstvs": "20", "id": "19-20", "lastvs": "21"}, {"firstvs": "1", "id": "20-01", "lastvs": "1"}, {"firstvs": "2", "id": "20-02", "lastvs": "4"}, {"firstvs": "5", "id": "20-05", "lastvs": "5"}, {"firstvs": "6", "id": "20-06", "lastvs": "7"}, {"firstvs": "8", "id": "20-08", "lastvs": "9"}, {"firstvs": "10", "id": "20-10", "lastvs": "11"}, {"firstvs": "12", "id": "20-12", "lastvs": "13"}, {"firstvs": "14", "id": "20-14", "lastvs": "15"}, {"firstvs": "16", "id": "20-16", "lastvs": "18"}, {"firstvs": "19", "id": "20-19", "lastvs": "20"}, {"firstvs": "1", "id": "21-01", "lastvs": "2"}, {"firstvs": "3", "id": "21-03", "lastvs": "4"}, {"firstvs": "5", "id": "21-05", "lastvs": "5"}, {"firstvs": "6", "id": "21-06", "lastvs": "7"}, {"firstvs": "8", "id": "21-08", "lastvs": "9"}, {"firstvs": "10", "id": "21-10", "lastvs": "12"}, {"firstvs": "13", "id": "21-13", "lastvs": "14"}, {"firstvs": "15", "id": "21-15", "lastvs": "17"}, {"firstvs": "18", "id": "21-18", "lastvs": "19"}, {"firstvs": "20", "id": "21-20", "lastvs": "21"}, {"firstvs": "22", "id": "21-22", "lastvs": "23"}, {"firstvs": "1", "id": "22-01", "lastvs": "2"}, {"firstvs": "3", "id": "22-03", "lastvs": "4"}, {"firstvs": "5", "id": "22-05", "lastvs": "5"}, {"firstvs": "6", "id": "22-06", "lastvs": "7"}, {"firstvs": "8", "id": "22-08", "lastvs": "8"}, {"firstvs": "9", "id": "22-09", "lastvs": "11"}, {"firstvs": "12", "id": "22-12", "lastvs": "12"}, {"firstvs": "13", "id": "22-13", "lastvs": "14"}, {"firstvs": "15", "id": "22-15", "lastvs": "15"}, {"firstvs": "16", "id": "22-16", "lastvs": "17"}, {"firstvs": "18", "id": "22-18", "lastvs": "19"}, {"firstvs": "20", "id": "22-20", "lastvs": "21"}, {"firstvs": "22", "id": "22-22", "lastvs": "22"}, {"firstvs": "23", "id": "22-23", "lastvs": "24"}, {"firstvs": "25", "id": "22-25", "lastvs": "27"}, {"firstvs": "28", "id": "22-28", "lastvs": "29"}, {"firstvs": "30", "id": "22-30", "lastvs": "30"}, {"firstvs": "1", "id": "23-01", "lastvs": "2"}, {"firstvs": "3", "id": "23-03", "lastvs": "4"}, {"firstvs": "5", "id": "23-05", "lastvs": "6"}, {"firstvs": "7", "id": "23-07", "lastvs": "8"}, {"firstvs": "9", "id": "23-09", "lastvs": "11"}, {"firstvs": "12", "id": "23-12", "lastvs": "14"}, {"firstvs": "15", "id": "23-15", "lastvs": "16"}, {"firstvs": "17", "id": "23-17", "lastvs": "18"}, {"firstvs": "19", "id": "23-19", "lastvs": "20"}, {"firstvs": "21", "id": "23-21", "lastvs": "23"}, {"firstvs": "24", "id": "23-24", "lastvs": "25"}, {"firstvs": "1", "id": "24-01", "lastvs": "2"}, {"firstvs": "3", "id": "24-03", "lastvs": "4"}, {"firstvs": "5", "id": "24-05", "lastvs": "5"}, {"firstvs": "6", "id": "24-06", "lastvs": "6"}, {"firstvs": "7", "id": "24-07", "lastvs": "7"}, {"firstvs": "8", "id": "24-08", "lastvs": "9"}, {"firstvs": "10", "id": "24-10", "lastvs": "11"}, {"firstvs": "12", "id": "24-12", "lastvs": "13"}, {"firstvs": "14", "id": "24-14", "lastvs": "15"}, {"firstvs": "16", "id": "24-16", "lastvs": "16"}, {"firstvs": "17", "id": "24-17", "lastvs": "18"}, {"firstvs": "19", "id": "24-19", "lastvs": "20"}, {"firstvs": "21", "id": "24-21", "lastvs": "22"}, {"firstvs": "1", "id": "25-01", "lastvs": "2"}, {"firstvs": "3", "id": "25-03", "lastvs": "3"}, {"firstvs": "4", "id": "25-04", "lastvs": "4"}, {"firstvs": "5", "id": "25-05", "lastvs": "6"}, {"firstvs": "7", "id": "25-07", "lastvs": "8"}, {"firstvs": "9", "id": "25-09", "lastvs": "10"}, {"firstvs": "11", "id": "25-11", "lastvs": "12"}, {"firstvs": "13", "id": "25-13", "lastvs": "14"}, {"firstvs": "15", "id": "25-15", "lastvs": "16"}, {"firstvs": "17", "id": "25-17", "lastvs": "19"}, {"firstvs": "1", "id": "26-01", "lastvs": "2"}, {"firstvs": "3", "id": "26-03", "lastvs": "4"}, {"firstvs": "5", "id": "26-05", "lastvs": "5"}, {"firstvs": "6", "id": "26-06", "lastvs": "7"}, {"firstvs": "8", "id": "26-08", "lastvs": "9"}, {"firstvs": "10", "id": "26-10", "lastvs": "11"}, {"firstvs": "12", "id": "26-12", "lastvs": "13"}, {"firstvs": "14", "id": "26-14", "lastvs": "15"}, {"firstvs": "16", "id": "26-16", "lastvs": "17"}, {"firstvs": "18", "id": "26-18", "lastvs": "19"}, {"firstvs": "1", "id": "27-01", "lastvs": "3"}, {"firstvs": "4", "id": "27-04", "lastvs": "5"}, {"firstvs": "6", "id": "27-06", "lastvs": "8"}, {"firstvs": "9", "id": "27-09", "lastvs": "10"}, {"firstvs": "11", "id": "27-11", "lastvs": "12"}, {"firstvs": "13", "id": "27-13", "lastvs": "14"}, {"firstvs": "15", "id": "27-15", "lastvs": "15"}, {"firstvs": "16", "id": "27-16", "lastvs": "17"}, {"firstvs": "18", "id": "27-18", "lastvs": "19"}, {"firstvs": "20", "id": "27-20", "lastvs": "21"}, {"firstvs": "22", "id": "27-22", "lastvs": "23"}, {"firstvs": "24", "id": "27-24", "lastvs": "25"}, {"firstvs": "26", "id": "27-26", "lastvs": "26"}, {"firstvs": "1", "id": "28-01", "lastvs": "2"}, {"firstvs": "3", "id": "28-03", "lastvs": "4"}, {"firstvs": "5", "id": "28-05", "lastvs": "6"}, {"firstvs": "7", "id": "28-07", "lastvs": "8"}, {"firstvs": "9", "id": "28-09", "lastvs": "10"}, {"firstvs": "11", "id": "28-11", "lastvs": "12"}, {"firstvs": "13", "id": "28-13", "lastvs": "14"}, {"firstvs": "15", "id": "28-15", "lastvs": "15"}, {"firstvs": "16", "id": "28-16", "lastvs": "17"}, {"firstvs": "18", "id": "28-18", "lastvs": "19"}, {"firstvs": "20", "id": "28-20", "lastvs": "21"}, {"firstvs": "22", "id": "28-22", "lastvs": "22"}, {"firstvs": "23", "id": "28-23", "lastvs": "24"}, {"firstvs": "25", "id": "28-25", "lastvs": "26"}, {"firstvs": "27", "id": "28-27", "lastvs": "29"}, {"firstvs": "30", "id": "28-30", "lastvs": "31"}, {"firstvs": "32", "id": "28-32", "lastvs": "32"}, {"firstvs": "33", "id": "28-33", "lastvs": "35"}, {"firstvs": "36", "id": "28-36", "lastvs": "37"}, {"firstvs": "38", "id": "28-38", "lastvs": "39"}, {"firstvs": "40", "id": "28-40", "lastvs": "41"}, {"firstvs": "42", "id": "28-42", "lastvs": "44"}, {"firstvs": "45", "id": "28-45", "lastvs": "46"}, {"firstvs": "47", "id": "28-47", "lastvs": "48"}, {"firstvs": "49", "id": "28-49", "lastvs": "51"}, {"firstvs": "52", "id": "28-52", "lastvs": "53"}, {"firstvs": "54", "id": "28-54", "lastvs": "55"}, {"firstvs": "56", "id": "28-56", "lastvs": "57"}, {"firstvs": "58", "id": "28-58", "lastvs": "59"}, {"firstvs": "60", "id": "28-60", "lastvs": "62"}, {"firstvs": "63", "id": "28-63", "lastvs": "64"}, {"firstvs": "65", "id": "28-65", "lastvs": "66"}, {"firstvs": "67", "id": "28-67", "lastvs": "68"}, {"firstvs": "1", "id": "29-01", "lastvs": "1"}, {"firstvs": "2", "id": "29-02", "lastvs": "4"}, {"firstvs": "5", "id": "29-05", "lastvs": "6"}, {"firstvs": "7", "id": "29-07", "lastvs": "9"}, {"firstvs": "10", "id": "29-10", "lastvs": "11"}, {"firstvs": "12", "id": "29-12", "lastvs": "13"}, {"firstvs": "14", "id": "29-14", "lastvs": "16"}, {"firstvs": "17", "id": "29-17", "lastvs": "19"}, {"firstvs": "20", "id": "29-20", "lastvs": "21"}, {"firstvs": "22", "id": "29-22", "lastvs": "24"}, {"firstvs": "25", "id": "29-25", "lastvs": "26"}, {"firstvs": "27", "id": "29-27", "lastvs": "28"}, {"firstvs": "29", "id": "29-29", "lastvs": "29"}, {"firstvs": "1", "id": "30-01", "lastvs": "3"}, {"firstvs": "4", "id": "30-04", "lastvs": "5"}, {"firstvs": "6", "id": "30-06", "lastvs": "8"}, {"firstvs": "9", "id": "30-09", "lastvs": "10"}, {"firstvs": "11", "id": "30-11", "lastvs": "12"}, {"firstvs": "13", "id": "30-13", "lastvs": "14"}, {"firstvs": "15", "id": "30-15", "lastvs": "16"}, {"firstvs": "17", "id": "30-17", "lastvs": "18"}, {"firstvs": "19", "id": "30-19", "lastvs": "20"}, {"firstvs": "1", "id": "31-01", "lastvs": "3"}, {"firstvs": "4", "id": "31-04", "lastvs": "6"}, {"firstvs": "7", "id": "31-07", "lastvs": "8"}, {"firstvs": "9", "id": "31-09", "lastvs": "11"}, {"firstvs": "12", "id": "31-12", "lastvs": "13"}, {"firstvs": "14", "id": "31-14", "lastvs": "15"}, {"firstvs": "16", "id": "31-16", "lastvs": "16"}, {"firstvs": "17", "id": "31-17", "lastvs": "18"}, {"firstvs": "19", "id": "31-19", "lastvs": "20"}, {"firstvs": "21", "id": "31-21", "lastvs": "21"}, {"firstvs": "22", "id": "31-22", "lastvs": "23"}, {"firstvs": "24", "id": "31-24", "lastvs": "26"}, {"firstvs": "27", "id": "31-27", "lastvs": "29"}, {"firstvs": "30", "id": "31-30", "lastvs": "30"}, {"firstvs": "1", "id": "32-01", "lastvs": "2"}, {"firstvs": "3", "id": "32-03", "lastvs": "4"}, {"firstvs": "5", "id": "32-05", "lastvs": "6"}, {"firstvs": "7", "id": "32-07", "lastvs": "8"}, {"firstvs": "9", "id": "32-09", "lastvs": "10"}, {"firstvs": "11", "id": "32-11", "lastvs": "12"}, {"firstvs": "13", "id": "32-13", "lastvs": "13"}, {"firstvs": "14", "id": "32-14", "lastvs": "14"}, {"firstvs": "15", "id": "32-15", "lastvs": "16"}, {"firstvs": "17", "id": "32-17", "lastvs": "18"}, {"firstvs": "19", "id": "32-19", "lastvs": "20"}, {"firstvs": "21", "id": "32-21", "lastvs": "21"}, {"firstvs": "22", "id": "32-22", "lastvs": "22"}, {"firstvs": "23", "id": "32-23", "lastvs": "24"}, {"firstvs": "25", "id": "32-25", "lastvs": "26"}, {"firstvs": "27", "id": "32-27", "lastvs": "27"}, {"firstvs": "28", "id": "32-28", "lastvs": "29"}, {"firstvs": "30", "id": "32-30", "lastvs": "31"}, {"firstvs": "32", "id": "32-32", "lastvs": "32"}, {"firstvs": "33", "id": "32-33", "lastvs": "34"}, {"firstvs": "35", "id": "32-35", "lastvs": "35"}, {"firstvs": "36", "id": "32-36", "lastvs": "36"}, {"firstvs": "37", "id": "32-37", "lastvs": "38"}, {"firstvs": "39", "id": "32-39", "lastvs": "40"}, {"firstvs": "41", "id": "32-41", "lastvs": "41"}, {"firstvs": "42", "id": "32-42", "lastvs": "42"}, {"firstvs": "43", "id": "32-43", "lastvs": "43"}, {"firstvs": "44", "id": "32-44", "lastvs": "45"}, {"firstvs": "46", "id": "32-46", "lastvs": "47"}, {"firstvs": "48", "id": "32-48", "lastvs": "49"}, {"firstvs": "50", "id": "32-50", "lastvs": "52"}, {"firstvs": "1", "id": "33-01", "lastvs": "2"}, {"firstvs": "3", "id": "33-03", "lastvs": "4"}, {"firstvs": "5", "id": "33-05", "lastvs": "6"}, {"firstvs": "7", "id": "33-07", "lastvs": "7"}, {"firstvs": "8", "id": "33-08", "lastvs": "8"}, {"firstvs": "9", "id": "33-09", "lastvs": "9"}, {"firstvs": "10", "id": "33-10", "lastvs": "10"}, {"firstvs": "11", "id": "33-11", "lastvs": "11"}, {"firstvs": "12", "id": "33-12", "lastvs": "12"}, {"firstvs": "13", "id": "33-13", "lastvs": "13"}, {"firstvs": "14", "id": "33-14", "lastvs": "15"}, {"firstvs": "16", "id": "33-16", "lastvs": "16"}, {"firstvs": "17", "id": "33-17", "lastvs": "17"}, {"firstvs": "18", "id": "33-18", "lastvs": "19"}, {"firstvs": "20", "id": "33-20", "lastvs": "20"}, {"firstvs": "21", "id": "33-21", "lastvs": "21"}, {"firstvs": "22", "id": "33-22", "lastvs": "22"}, {"firstvs": "23", "id": "33-23", "lastvs": "23"}, {"firstvs": "24", "id": "33-24", "lastvs": "25"}, {"firstvs": "26", "id": "33-26", "lastvs": "26"}, {"firstvs": "27", "id": "33-27", "lastvs": "27"}, {"firstvs": "28", "id": "33-28", "lastvs": "28"}, {"firstvs": "29", "id": "33-29", "lastvs": "29"}, {"firstvs": "1", "id": "34-01", "lastvs": "3"}, {"firstvs": "4", "id": "34-04", "lastvs": "6"}, {"firstvs": "7", "id": "34-07", "lastvs": "8"}, {"firstvs": "9", "id": "34-09", "lastvs": "9"}, {"firstvs": "10", "id": "34-00", "lastvs": "12"}]