[{"id": "01", "tn": [{"ref": "Now the Philistines fought against Israel", "text": "This battle was the result of the conflict between David and the Philistines in [[:en:bible:notes:1sa:29:10|29:11]]. The writer has finished telling the story of David in [[:en:bible:notes:1sa:30:01|30:1-30]], and now he tells about the battle between the Israelites and the Philistines."}, {"ref": "the Philistines fought against Israel", "text": "\"the Philistines fought against the people of Israel\" (See: [[:en:ta:vol2:translate:figs_metonymy]])"}, {"ref": "Mount Gilboa", "text": "This is the name of a mountain (See: [[:en:ta:vol1:translate:translate_names]])."}, {"ref": "closely pursued Saul and his sons", "text": "\"chased Saul and three of his sons\""}, {"ref": "Abinadab, and Malchishua", "text": "These are names of men. (See: [[:en:ta:vol1:translate:translate_names]])."}, {"ref": "The battle went heavily against Saul", "text": "This is an idiom.  \"Saul's army began to lose the battle\" (See: [[:en:ta:vol1:translate:figs_idiom]])"}]}, {"id": "04", "tn": [{"ref": "armor bearer", "text": "The armor bearer carried the large shield of his commanding officer and other weapons. He protected the commanding officer during a battle."}, {"ref": "these uncircumcised", "text": "The nominal adjective \"uncircumcised\" can be translated as an adjective. AT: \"these men who have not been circumcised\" Not being circumcised is a metonym for being foreigners. AT: \"these non-Israelite men\" (See: [[:en:ta:vol2:translate:figs_nominaladj]] and [[:en:ta:vol2:translate:figs_metonymy]])"}, {"ref": "would not", "text": "The ellipsis can be filled in. AT:  \"would not do what Saul had told him to do\" (See: [[:en:ta:vol2:translate:figs_ellipsis]])"}, {"ref": "took his own sword and fell on it", "text": "\"killed himself with his own sword\""}, {"ref": "that same day", "text": "\"on that one day\""}]}, {"id": "07", "tn": [{"ref": "lived in them", "text": "lived in the cities the men of Israel had left"}, {"ref": "strip the dead", "text": "take the armor and weapons off the dead Israelites' bodies"}, {"ref": "Mount Gilboa", "text": "a mountain range overlooking the Valley of Jezreel in northern Israel, south of Nazareth (See: [[:en:ta:vol1:translate:translate_names]])"}]}, {"id": "09", "tn": [{"ref": "the land of the Philistines throughout", "text": "\"all areas of the land of the Philistines\""}, {"ref": "to carry the news to their idols' temples and to the people", "text": "\"to speak the news inside the temples and to the people\""}, {"ref": "their idols' temples", "text": "the buildings where they worshiped their idols"}, {"ref": "Ashtoreth", "text": "an ancient false goddess and idol, also called \"Asherah\" or \"Astarte\""}, {"ref": "fastened", "text": "\"attached\" (probably with a large spike or nail)"}, {"ref": "Beth Shan", "text": "the name of a city (See: [[:en:ta:vol1:translate:translate_names]])"}]}, {"id": "11", "tn": [{"ref": "Jabesh", "text": "the name of a town. Translate as in [[:en:bible:notes:1sa:11:01|11:1]]. (See: [[:en:ta:vol1:translate:translate_names]])"}, {"ref": "what the Philistines had done to Saul", "text": "\"how the Philistines had dishonored Saul\""}, {"ref": "all night", "text": "\"throughout the whole night\""}, {"ref": "a tamarisk tree", "text": "This is a type of tree. AT: \"a large shade tree\" Translate as in [[:en:bible:notes:1sa:22:06|22:6]]. (See: [[:en:ta:vol1:translate:translate_unknown]])"}]}]