[{"id": "01", "tn": [{"ref": "sixteen ... fifty-two", "text": "two** - \"16 ... 52\" (See: [[:en:ta:vol2:translate:translate_numbers]])"}, {"ref": "Elath", "text": "This was a town on the Gulf of Aqaba. (See: [[:en:ta:vol1:translate:translate_names]])"}, {"ref": "the king slept with his ancestors", "text": "AT: \"the king died\" (See: [[:en:ta:vol2:translate:figs_euphemism]])"}]}, {"id": "04", "tn": [{"ref": "He did what was right in the eyes of Yahweh", "text": "See how you translated this in [[:en:bible:notes:2ch:14:01|14:2]]"}, {"ref": "in everything", "text": "AT: \"in the same way\" (See: [[:en:ta:vol2:translate:figs_hyperbole]])"}, {"ref": "He set himself to seek", "text": "AT: \"He was determined to please\" (See: [[:en:ta:vol1:translate:figs_metaphor]])"}]}, {"id": "06", "tn": [{"ref": "Jabneh", "text": "This was a town in northern Judah. (See: [[:en:ta:vol1:translate:translate_names]])"}, {"ref": "Gurbaal", "text": "This was a town in Arabia."}, {"ref": "Meunites", "text": "This is likely the kingdom of the Maon people near Mount Seir."}, {"ref": "the entrance of Egypt", "text": "AT: \"the border of Egypt\" (See: [[:en:ta:vol1:translate:figs_idiom]])"}]}, {"id": "09", "tn": [{"ref": "cisterns", "text": "A cistern is a large underground room used to store water from rain."}]}, {"id": "11", "tn": [{"ref": "Jeiel, the scribe, and Maaseiah, the officer, under the authority of Hananiah, one of the king's commanders", "text": "(See: [[:en:ta:vol1:translate:translate_names]])"}, {"ref": "2,600 ... 307,500", "text": "(See: [[:en:ta:vol2:translate:translate_numbers]])"}]}, {"id": "14", "tn": [{"ref": "helmets", "text": "A helmet is a protective head covering."}, {"ref": "coats of mail", "text": "This is a covering for the body made of metal links or chains."}]}, {"id": "16", "tn": [{"ref": "his heart was lifted up", "text": "AT: \"He became proud\" (See: [[:en:ta:vol1:translate:figs_metaphor]])"}, {"ref": "the sons of Aaron", "text": "AT: \"the descendants of Aaron\""}]}, {"id": "19", "tn": [{"ref": "censer", "text": "This is a special pan or bowl used for burning incense."}, {"ref": "They quickly drove him out of there", "text": "AT: \"They quickly made him leave\" (See: [[:en:ta:vol1:translate:figs_metaphor]])"}, {"ref": "Yahweh had struck him", "text": "AT: \"Yahweh made him ill\" (See: [[:en:ta:vol2:translate:figs_euphemism]])"}]}, {"id": "21", "tn": [{"ref": "lived in a separate house", "text": "This indicates that he lived away from other houses and other people."}]}, {"id": "22", "tn": [{"ref": "first and last", "text": "AT: \"everything\" (See: [[:en:ta:vol1:translate:figs_idiom]])"}, {"ref": "son of Amoz", "text": "(See: [[:en:ta:vol1:translate:translate_names]])"}, {"ref": "So Uzziah slept with his ancestors", "text": "AT: \"So Uzziah died\" (See: [[:en:ta:vol2:translate:figs_euphemism]])"}]}]