[{"id": "01", "tn": [{"ref": "the fourteenth day of the first month", "text": "This is the first month of the Hebrew calendar. The fourteenth day is near the beginning of April on Western calendars. (See: [[:en:ta:vol2:translate:translate_hebrewmonths]] and [[:en:ta:vol2:translate:translate_ordinal]])"}, {"ref": "He placed the priests in their positions", "text": "AT: \"He told the priests which jobs to do\" (See: [[:en:ta:vol1:translate:figs_idiom]])"}]}, {"id": "03", "tn": [{"ref": "that Solomon son of David, king of Israel built", "text": "AT: \"the people built under the leadership of King Solomon\" (See: [[:en:ta:vol2:translate:figs_synecdoche]])"}, {"ref": "your ancestral houses and your divisions", "text": "AT: \"your tribes and families\""}]}, {"id": "05", "tn": [{"ref": "Stand in the holy place", "text": "Here \"holy place\" seems to refer to the general temple area. AT: \"take your positions in the temple area.\""}, {"ref": "your divisions", "text": "This refers to the assigned work group for each Levite."}, {"ref": "the ancestral houses", "text": "This refers to the various clans among the Levites. It seems that Levites were assigned to different work groups on the basis of the kind of work assigned to each clan or ancestral house."}]}, {"id": "07", "tn": [{"ref": "General Information:", "text": "See: [[:en:ta:vol2:translate:translate_numbers]] and [[:en:ta:vol1:translate:translate_names]]"}, {"ref": "kids", "text": "This is a baby goat."}]}, {"id": "10", "tn": [{"ref": "the service was prepared", "text": "\"they prepared everything to perform the Passover.\""}, {"ref": "the blood that they received from the Levites' hand", "text": "\"the blood that the Levites gave them\""}]}, {"id": "13", "tn": [{"ref": "They roasted", "text": "AT: \"they cooked\""}, {"ref": "they boiled them in pots, cauldrons, and pans", "text": "AT: \"they cooked them in water in many different pots\""}, {"ref": "for themselves", "text": "(See: [[:en:ta:vol2:translate:figs_rpronouns]])"}]}, {"id": "15", "tn": [{"ref": "General Information:", "text": "See: [[:en:ta:vol1:translate:translate_names]]"}, {"ref": "in their place", "text": "See how you translated this in [[:en:bible:notes:2ch:30:16|30:16]]"}]}, {"id": "16", "tn": [{"ref": "the entire service", "text": "Everything associated with the preparation, sacrifice and worship of Yahweh during the passover can be referred to as a worship \"service\"."}]}, {"id": "18", "tn": [{"ref": "Israel", "text": "The first use of Israel reference the nation of Israel as a whole, but the second use of Israel refers specifically to the northern tribes of the kingdom of Israel"}]}, {"id": "20", "tn": [{"ref": "General Information:", "text": "See: [[:en:ta:vol1:translate:translate_names]]"}, {"ref": "set the temple in order", "text": "AT: \"restored proper worship to the temple\""}, {"ref": "What have I to do with you, king of Judah?", "text": "AT: \"You have no reason to attack me, King of Judah.\" (See: [[:en:ta:vol1:translate:figs_rquestion]])"}, {"ref": "I am not coming against you", "text": "AT: \"I am not fighting your kingdom.\" (See: [[:en:ta:vol2:translate:figs_metonymy]])"}, {"ref": "against the house with which I am making war", "text": "AT: \"against Babylon, against whom I am making war\""}]}, {"id": "22", "tn": [{"ref": "fight with him", "text": "\"fight with the army of Babylon\" (See: [[:en:ta:vol2:translate:figs_metonymy]])"}, {"ref": "that had come from the mouth of God", "text": "\"from God\" or \"that God had said to him\""}]}, {"id": "25", "tn": [{"ref": "to this day", "text": "See how you translated this in [[:en:bible:notes:2ch:05:09|5:9]]"}]}, {"id": "26", "tn": [{"ref": "from beginning to end", "text": "AT: \"all of them\" (See: [[:en:ta:vol2:translate:figs_merism]])"}, {"ref": "The Book of the Kings of Judah and Israel", "text": "This is a book that no longer exists."}]}]