[{"id": "01", "tn": [{"ref": "General Information:", "text": "See: [[:en:ta:vol1:translate:translate_names]]"}, {"ref": "Every man of Israel fled from before", "text": "AT: \"The army of Israel ran away from\" (See: [[:en:ta:vol2:translate:figs_hyperbole]])"}, {"ref": "fell down dead", "text": "AT: \"died\""}]}, {"id": "04", "tn": [{"ref": "thrust me through with it", "text": "AT: \"kill me with it\" (See: [[:en:ta:vol2:translate:figs_euphemism]])"}, {"ref": "Otherwise, these uncircumcised will come", "text": "The reference to the \"uncircumcised\" here is an insult, indicating that these people are foreign and have no relationship with God. (See: [[:en:ta:vol2:translate:figs_synecdoche]])"}, {"ref": "fell on it", "text": "AT: \"killed himself with it\""}]}, {"id": "05", "tn": [{"ref": "and his three sons", "text": "AT: \"and his 3 sons died\" (See: [[:en:ta:vol2:translate:figs_ellipsis]] and [[:en:ta:vol2:translate:translate_numbers]])"}]}, {"id": "07", "tn": [{"ref": "When every man of Israel", "text": "AT: \"When the men of Israel\" (See: [[:en:ta:vol2:translate:figs_hyperbole]])"}, {"ref": "lived in them", "text": "\"lived in the Israelite cities\""}, {"ref": "It came about", "text": "This phrase is used here to mark an important event in the story. If your language has a way for doing this, you could consider using it here."}, {"ref": "to strip the dead", "text": "AT: \"to take anything of value off of the dead bodies\""}, {"ref": "Saul and his sons fallen", "text": "\"Saul and his sons dead\" (See: [[:en:ta:vol2:translate:figs_euphemism]])"}]}, {"id": "09", "tn": [{"ref": "They stripped him", "text": "AT: \"The Philistines removed everything from Saul's body\""}, {"ref": "They put his armor", "text": "\"The Philistines put Saul's armor\""}, {"ref": "Dagon", "text": "This is the name of a false god. (See: [[:en:ta:vol1:translate:translate_names]])"}]}, {"id": "11", "tn": [{"ref": "General Information:", "text": "See: [[:en:ta:vol1:translate:translate_names]] and [[:en:ta:vol2:translate:translate_numbers]]"}, {"ref": "When all Jabesh Gilead heard of all that the Philistines", "text": "AT: \"When the people of Jabesh Gilead heard what the soldiers of the Philistine army\" (See: [[:en:ta:vol2:translate:figs_hyperbole]] [[:en:ta:vol2:translate:figs_synecdoche]] )"}, {"ref": "their bones", "text": "AT: \"their bodies\" or \"their remains\" (See: [[:en:ta:vol2:translate:figs_synecdoche]])"}]}, {"id": "13", "tn": [{"ref": "advice", "text": "This is an opinion or suggestion about what the person should do."}, {"ref": "talked with the dead", "text": "AT: \"claimed to talk with those who have died\""}, {"ref": "guidance", "text": "This is help or advice about what he should do."}, {"ref": "handed over the kingdom", "text": "AT: \"gave control of the people of Israel over to\" (See: [[:en:ta:vol1:translate:figs_idiom]])"}]}]