[{"id": "01", "tn": [{"ref": "deciding to celebrate the Passover in the second month", "text": "The Israelites normally celebrated the passover during the first month of the Hebrew calendar. The first month is during the last part of March and the first part April on Western calendars."}, {"ref": "second month", "text": "This is the second month of the Hebrew calendar. It is during the last part of April and the first part of May on Western calendars. (See: [[:en:ta:vol2:translate:translate_hebrewmonths]] and [[:en:ta:vol2:translate:translate_ordinal]])"}]}, {"id": "04", "tn": [{"ref": "in the eyes of", "text": "See how you translated this in [[:en:bible:notes:2ch:14:01|14:2]]"}, {"ref": "Beersheba to Dan", "text": "AT: \"all the people of Israel\" (See: [[:en:ta:vol1:translate:figs_idiom]])"}]}, {"id": "06", "tn": [{"ref": "couriers", "text": "This was a person who carried a message."}]}, {"id": "07", "tn": [{"ref": "he gave them up to destruction", "text": "AT: \"he caused them to be destroyed\" (See: [[:en:ta:vol1:translate:figs_idiom]])"}, {"ref": "give yourselves to Yahweh", "text": "AT: \"obey Yahweh\" or \"dedicate yourselves to Yahweh\""}]}, {"id": "13", "tn": [{"ref": "second month", "text": "This is the second month of the Hebrew calendar. It is during the last part of April and the first part of May on Western calendars. (See: [[:en:ta:vol2:translate:translate_hebrewmonths]] and [[:en:ta:vol2:translate:translate_ordinal]])"}, {"ref": "brook Kidron", "text": "This was a small stream of water in the Kidron Valley. (See: [[:en:ta:vol1:translate:translate_names]])"}, {"ref": "the fourteenth day of the second month", "text": "This is near the beginning of May on Western calendars. (See: [[:en:ta:vol2:translate:translate_hebrewmonths]] and [[:en:ta:vol2:translate:translate_ordinal]])"}]}, {"id": "16", "tn": [{"ref": "They stood in their place by their divisions", "text": "AT: \"They stood in their appointed places\""}, {"ref": "slaughtered the Passover lambs", "text": "AT: \"ritually killed the lambs for Passover\""}]}, {"id": "21", "tn": [{"ref": "instruments", "text": "This is a reference to musical instruments."}]}]