[{"id": "01", "tn": [{"ref": "strengthened himself against Israel", "text": "The idea of \"himself\" stands here for the king's army. AT: \"prepared the army to be able to battle Israel\" (See: [[:en:ta:vol2:translate:figs_metonymy]])"}, {"ref": "garrisons", "text": "These are military encampments for protection."}]}, {"id": "03", "tn": [{"ref": "walked in the first ways of his father", "text": "Behaving is spoken of as if it were walking. AT: \"lived in the righteous ways of his ancestor\" (See: [[:en:ta:vol1:translate:figs_metaphor]])"}, {"ref": "did not seek the Baals", "text": "Did not worship the Baal idols in order to seek help from them. (See: [[:en:ta:vol1:translate:figs_explicit]])"}]}, {"id": "05", "tn": [{"ref": "Asherah poles", "text": "See how you translated this in [[:en:bible:notes:2ch:14:01|14:3]]"}]}, {"id": "07", "tn": [{"ref": "In the third year", "text": "(See: [[:en:ta:vol2:translate:translate_ordinal]])"}, {"ref": "Benhail, Obadiah, Zechariah, Nethanel, and Micaiah ... Shemaiah, Nethaniah, Zebadiah, Asahel, Shemiramoth, Jehonathan, Adonijah, Tobijah, and Tobadonijah ... Elishama and Jehoram", "text": "These are names of men. (See: [[:en:ta:vol1:translate:translate_names]])"}]}, {"id": "10", "tn": [{"ref": "Terror of Yahweh fell on all the kingdoms of the lands", "text": "AT: \"The people in all the kingdoms surrounding Judah became very afraid of what Yahweh might do to punish them\""}]}, {"id": "14", "tn": [{"ref": "Adnah ... Jehohanan ... Amasiah son of Zichri", "text": "(See: [[:en:ta:vol1:translate:translate_names]])"}, {"ref": "300,000 ... 280,000 ... 200,000", "text": "(See: [[:en:ta:vol2:translate:translate_numbers]])"}]}, {"id": "17", "tn": [{"ref": "besides those", "text": "AT: \"in addition to\""}]}]