[{"id": "01", "tn": [{"ref": "An adversary arose against Israel", "text": "To become higher describes becoming more powerful. AT: \"An enemy of Israel became more powerful\" (See: [[:en:ta:vol1:translate:figs_idiom]])"}, {"ref": "incited", "text": "To have caused someone to act."}, {"ref": "from Beersheba to Dan", "text": "The Israelites considered these two cities their most southern and most northern cities. David uses these cities to refer to all of Israel. (See: [[:en:ta:vol2:translate:figs_merism]])"}, {"ref": "a hundred times greater than it is", "text": "Joab expresses the desire for an army the size of 100 armies to say he would like the army to have more soldiers and be more powerful. (See: [[:en:ta:vol2:translate:figs_hyperbole]])"}, {"ref": "But my master the king, do they not all serve my master? Why does my master want this? Why bring guilt on Israel?", "text": "AT: But my master the king, they all serve you already. My master should not request this. You will only bring guilt on the people of Israel by your desire for military power.\" (See: [[:en:ta:vol1:translate:figs_rquestion]] [[:en:ta:vol2:translate:figs_ellipsis]])"}, {"ref": "Why does my master want this?", "text": "The word \"this\" refers to David's plan to count all the men of Israel."}]}, {"id": "04", "tn": [{"ref": "the king's word was final", "text": "This phrase refers to king David's order to be final because he would not change his order after it was given. AT: \"the king's order was not going to change\" (See: [[:en:ta:vol1:translate:figs_idiom]])"}, {"ref": "men who drew the sword", "text": "The soldiers in Israel are described by the action of pulling out a sword to fight with. (See: [[:en:ta:vol2:translate:figs_metonymy]])"}]}, {"id": "06", "tn": [{"ref": "But Levi and Benjamin were not counted among them", "text": "AT: \"But Joab did not count the men from the tribes of Levi and Benjamin\" (See: [[:en:ta:vol2:translate:figs_activepassive]])"}, {"ref": "by this action", "text": "\"this action\" refers to David's plan to count all the men of Israel who are able to fight."}, {"ref": "take away your servant's guilt", "text": "Forgiveness is described as having guilt taken away. AT: \"forgive me\" (See: [[:en:ta:vol1:translate:figs_idiom]])"}, {"ref": "your servant's guilt", "text": "David refers to himself as God's servant. AT: \"my guilt\" (See: [[:en:ta:vol2:translate:figs_123person]])"}]}, {"id": "11", "tn": [{"ref": "being caught by their swords", "text": "This phrase is a mild way to describe being killed by the enemy. (See: [[:en:ta:vol2:translate:figs_euphemism]])"}, {"ref": "Yahweh's sword", "text": "This phrase describes Yahweh's method of killing by the tool a soldier would use to kill. (See: [[:en:ta:vol2:translate:figs_metonymy]])"}, {"ref": "destroying", "text": "AT: \"killing\""}]}, {"id": "13", "tn": [{"ref": "I am in deep trouble", "text": "AT: \"I am in a great amount of trouble\" (See: [[:en:ta:vol1:translate:figs_idiom]])"}, {"ref": "Let me fall into the hand of Yahweh rather than into the hand of man, for his merciful actions are very great", "text": "AT: \"Let me come under the control of Yahweh, rather than under the control of people, for Yahweh is very merciful.\" (See: [[:en:ta:vol2:translate:figs_metonymy]])"}, {"ref": "and seventy thousand people died", "text": "\"and 70,000 people died\" (See: [[:en:ta:vol2:translate:translate_numbers]])"}, {"ref": "changed his mind", "text": "To change a decision. (See: [[:en:ta:vol2:translate:figs_metonymy]])"}, {"ref": "draw back your hand", "text": "Yahweh tells the destroying angel to stop killing the people. (See: [[:en:ta:vol2:translate:figs_synecdoche]])"}, {"ref": "the angel of Yahweh was standing", "text": "The angel of Yahweh is described as something that would stand as a person would stand. (See: [[:en:ta:vol2:translate:figs_personification]])"}, {"ref": "Ornan", "text": "This is the name of a man. (See: [[:en:ta:vol1:translate:translate_names]])"}]}, {"id": "16", "tn": [{"ref": "having a drawn sword in his hand", "text": "AT: \"ready to attack\" (See: [[:en:ta:vol2:translate:figs_metonymy]])"}, {"ref": "Is it not I that commanded that the army be numbered?", "text": "AT: \"I am the one who commanded that the army be numbered.\" (See: [[:en:ta:vol1:translate:figs_rquestion]])"}, {"ref": "But these sheep", "text": "David describes the people of Israel as a type of animal that will trust and follow a leader. (See: [[:en:ta:vol1:translate:figs_metaphor]])"}, {"ref": "what have they done?", "text": "AT: \"They certainly have done nothing that deserves punishment.\" (See: [[:en:ta:vol1:translate:figs_rquestion]])"}]}, {"id": "18", "tn": [{"ref": "Ornan", "text": "See how you translated his name in [[:en:bible:notes:1ch:21:13|21:15]]."}, {"ref": "as Gad instructed him to do in the name of Yahweh", "text": "AT: \"as Gad, speaking with Yahweh's authority, had told David to do.\""}]}, {"id": "21", "tn": [{"ref": "with his face to the ground", "text": "This phrase describes that Ornan bowed far forward. To bow before someone is a way to show humility and respect. A deeper bow shows greater humility and respect."}, {"ref": "full price", "text": "AT: \"I will pay the full price this threshing floor is worth\""}]}, {"id": "23", "tn": [{"ref": "Take it as your own", "text": "AT: \"Take it as a gift\" (See: [[:en:ta:vol1:translate:figs_explicit]])"}, {"ref": "what is good in your sight", "text": "David's understanding is described as his sight. AT: \"what seems good to you\" (See: [[:en:ta:vol2:translate:figs_synecdoche]])"}, {"ref": "threshing sledges", "text": "a wooden sled with rocks or metal fitted underneath, used to separate grain from its stalks by pulling it over wheat placed on the threashing floor. (See: [[:en:ta:vol1:translate:translate_unknown]])"}]}, {"id": "25", "tn": [{"ref": "six hundred shekels of gold", "text": "\"600 shekels of gold\" (See: [[:en:ta:vol2:translate:translate_numbers]])"}, {"ref": "shekels", "text": "(See: [[:en:ta:vol2:translate:translate_bmoney]])"}, {"ref": "He called on Yahweh", "text": "\"he prayed to Yahweh for help\""}, {"ref": "the angel put his sword back into its sheath", "text": "AT: the angel stopped killing people.\" (See: [[:en:ta:vol1:translate:figs_explicit]])"}, {"ref": "sheath", "text": "a cover for a sword or knife."}]}, {"id": "28", "tn": [{"ref": "Ornan", "text": "See how you translated his name in [[:en:bible:notes:1ch:21:13|21:15]]."}, {"ref": "God's direction", "text": "AT: God to tell him what he should do\""}, {"ref": "afraid of the sword of the angel of Yahweh", "text": "AT: \"afraid he would be killed by the angel of Yahweh\" (See: [[:en:ta:vol2:translate:figs_metonymy]])"}]}]