[{"firstvs": "1", "id": "01-01", "lastvs": "4"}, {"firstvs": "5", "id": "01-05", "lastvs": "6"}, {"firstvs": "7", "id": "01-07", "lastvs": "7"}, {"firstvs": "8", "id": "01-08", "lastvs": "8"}, {"firstvs": "9", "id": "01-09", "lastvs": "11"}, {"firstvs": "12", "id": "01-12", "lastvs": "14"}, {"firstvs": "15", "id": "01-15", "lastvs": "15"}, {"firstvs": "16", "id": "01-16", "lastvs": "17"}, {"firstvs": "1", "id": "02-01", "lastvs": "2"}, {"firstvs": "3", "id": "02-03", "lastvs": "4"}, {"firstvs": "5", "id": "02-05", "lastvs": "6"}, {"firstvs": "7", "id": "02-07", "lastvs": "7"}, {"firstvs": "8", "id": "02-08", "lastvs": "9"}, {"firstvs": "10", "id": "02-10", "lastvs": "11"}, {"firstvs": "12", "id": "02-12", "lastvs": "13"}, {"firstvs": "14", "id": "02-14", "lastvs": "14"}, {"firstvs": "15", "id": "02-15", "lastvs": "15"}, {"firstvs": "16", "id": "02-16", "lastvs": "17"}, {"firstvs": "1", "id": "03-01", "lastvs": "2"}, {"firstvs": "3", "id": "03-03", "lastvs": "4"}, {"firstvs": "5", "id": "03-05", "lastvs": "5"}, {"firstvs": "6", "id": "03-06", "lastvs": "7"}, {"firstvs": "8", "id": "03-08", "lastvs": "9"}, {"firstvs": "10", "id": "03-10", "lastvs": "11"}, {"firstvs": "1", "id": "04-01", "lastvs": "1"}, {"firstvs": "2", "id": "04-02", "lastvs": "2"}, {"firstvs": "3", "id": "04-03", "lastvs": "3"}, {"firstvs": "4", "id": "04-04", "lastvs": "5"}, {"firstvs": "6", "id": "04-06", "lastvs": "7"}, {"firstvs": "8", "id": "04-08", "lastvs": "8"}, {"firstvs": "9", "id": "04-09", "lastvs": "9"}, {"firstvs": "10", "id": "04-10", "lastvs": "11"}, {"firstvs": "12", "id": "04-12", "lastvs": "14"}, {"firstvs": "15", "id": "04-15", "lastvs": "16"}, {"firstvs": "1", "id": "05-01", "lastvs": "1"}, {"firstvs": "2", "id": "05-02", "lastvs": "2"}, {"firstvs": "3", "id": "05-03", "lastvs": "4"}, {"firstvs": "5", "id": "05-05", "lastvs": "5"}, {"firstvs": "6", "id": "05-06", "lastvs": "6"}, {"firstvs": "7", "id": "05-07", "lastvs": "7"}, {"firstvs": "8", "id": "05-08", "lastvs": "8"}, {"firstvs": "9", "id": "05-09", "lastvs": "9"}, {"firstvs": "10", "id": "05-10", "lastvs": "11"}, {"firstvs": "12", "id": "05-12", "lastvs": "12"}, {"firstvs": "13", "id": "05-13", "lastvs": "13"}, {"firstvs": "14", "id": "05-14", "lastvs": "14"}, {"firstvs": "15", "id": "05-15", "lastvs": "15"}, {"firstvs": "16", "id": "05-16", "lastvs": "16"}, {"firstvs": "1", "id": "06-01", "lastvs": "1"}, {"firstvs": "2", "id": "06-02", "lastvs": "3"}, {"firstvs": "4", "id": "06-04", "lastvs": "4"}, {"firstvs": "5", "id": "06-05", "lastvs": "5"}, {"firstvs": "6", "id": "06-06", "lastvs": "7"}, {"firstvs": "8", "id": "06-08", "lastvs": "9"}, {"firstvs": "10", "id": "06-10", "lastvs": "10"}, {"firstvs": "11", "id": "06-11", "lastvs": "12"}, {"firstvs": "13", "id": "06-13", "lastvs": "13"}, {"firstvs": "1", "id": "07-01", "lastvs": "1"}, {"firstvs": "2", "id": "07-02", "lastvs": "2"}, {"firstvs": "3", "id": "07-03", "lastvs": "4"}, {"firstvs": "5", "id": "07-05", "lastvs": "6"}, {"firstvs": "7", "id": "07-07", "lastvs": "8"}, {"firstvs": "9", "id": "07-09", "lastvs": "9"}, {"firstvs": "10", "id": "07-10", "lastvs": "11"}, {"firstvs": "12", "id": "07-12", "lastvs": "12"}, {"firstvs": "13", "id": "07-13", "lastvs": "13"}, {"firstvs": "1", "id": "08-01", "lastvs": "1"}, {"firstvs": "2", "id": "08-02", "lastvs": "3"}, {"firstvs": "4", "id": "08-04", "lastvs": "4"}, {"firstvs": "5", "id": "08-05", "lastvs": "5"}, {"firstvs": "6", "id": "08-06", "lastvs": "6"}, {"firstvs": "7", "id": "08-07", "lastvs": "7"}, {"firstvs": "8", "id": "08-08", "lastvs": "8"}, {"firstvs": "9", "id": "08-09", "lastvs": "9"}, {"firstvs": "10", "id": "08-10", "lastvs": "10"}, {"firstvs": "11", "id": "08-11", "lastvs": "12"}, {"firstvs": "13", "id": "08-13", "lastvs": "13"}, {"firstvs": "14", "id": "08-00", "lastvs": "14"}]