[{"firstvs": "1", "id": "01-01", "lastvs": "2"}, {"firstvs": "3", "id": "01-03", "lastvs": "5"}, {"firstvs": "6", "id": "01-06", "lastvs": "7"}, {"firstvs": "8", "id": "01-08", "lastvs": "10"}, {"firstvs": "11", "id": "01-11", "lastvs": "13"}, {"firstvs": "14", "id": "01-14", "lastvs": "16"}, {"firstvs": "17", "id": "01-17", "lastvs": "18"}, {"firstvs": "19", "id": "01-19", "lastvs": "21"}, {"firstvs": "1", "id": "02-01", "lastvs": "2"}, {"firstvs": "3", "id": "02-03", "lastvs": "4"}, {"firstvs": "5", "id": "02-05", "lastvs": "6"}, {"firstvs": "7", "id": "02-07", "lastvs": "9"}, {"firstvs": "10", "id": "02-10", "lastvs": "11"}, {"firstvs": "12", "id": "02-12", "lastvs": "13"}, {"firstvs": "14", "id": "02-14", "lastvs": "16"}, {"firstvs": "17", "id": "02-17", "lastvs": "18"}, {"firstvs": "19", "id": "02-19", "lastvs": "20"}, {"firstvs": "21", "id": "02-21", "lastvs": "22"}, {"firstvs": "23", "id": "02-23", "lastvs": "23"}, {"firstvs": "24", "id": "02-24", "lastvs": "24"}, {"firstvs": "25", "id": "02-25", "lastvs": "26"}, {"firstvs": "27", "id": "02-27", "lastvs": "28"}, {"firstvs": "29", "id": "02-29", "lastvs": "30"}, {"firstvs": "31", "id": "02-31", "lastvs": "33"}, {"firstvs": "34", "id": "02-34", "lastvs": "35"}, {"firstvs": "36", "id": "02-36", "lastvs": "38"}, {"firstvs": "39", "id": "02-39", "lastvs": "39"}, {"firstvs": "40", "id": "02-40", "lastvs": "40"}, {"firstvs": "41", "id": "02-41", "lastvs": "43"}, {"firstvs": "44", "id": "02-44", "lastvs": "45"}, {"firstvs": "46", "id": "02-46", "lastvs": "47"}, {"firstvs": "48", "id": "02-48", "lastvs": "49"}, {"firstvs": "1", "id": "03-01", "lastvs": "2"}, {"firstvs": "3", "id": "03-03", "lastvs": "5"}, {"firstvs": "6", "id": "03-06", "lastvs": "7"}, {"firstvs": "8", "id": "03-08", "lastvs": "10"}, {"firstvs": "11", "id": "03-11", "lastvs": "12"}, {"firstvs": "13", "id": "03-13", "lastvs": "14"}, {"firstvs": "15", "id": "03-15", "lastvs": "15"}, {"firstvs": "16", "id": "03-16", "lastvs": "18"}, {"firstvs": "19", "id": "03-19", "lastvs": "20"}, {"firstvs": "21", "id": "03-21", "lastvs": "23"}, {"firstvs": "24", "id": "03-24", "lastvs": "25"}, {"firstvs": "26", "id": "03-26", "lastvs": "27"}, {"firstvs": "28", "id": "03-28", "lastvs": "28"}, {"firstvs": "29", "id": "03-29", "lastvs": "30"}, {"firstvs": "1", "id": "04-01", "lastvs": "3"}, {"firstvs": "4", "id": "04-04", "lastvs": "6"}, {"firstvs": "7", "id": "04-07", "lastvs": "9"}, {"firstvs": "10", "id": "04-10", "lastvs": "12"}, {"firstvs": "13", "id": "04-13", "lastvs": "14"}, {"firstvs": "15", "id": "04-15", "lastvs": "16"}, {"firstvs": "17", "id": "04-17", "lastvs": "18"}, {"firstvs": "19", "id": "04-19", "lastvs": "19"}, {"firstvs": "20", "id": "04-20", "lastvs": "22"}, {"firstvs": "23", "id": "04-23", "lastvs": "23"}, {"firstvs": "24", "id": "04-24", "lastvs": "25"}, {"firstvs": "26", "id": "04-26", "lastvs": "27"}, {"firstvs": "28", "id": "04-28", "lastvs": "30"}, {"firstvs": "31", "id": "04-31", "lastvs": "32"}, {"firstvs": "33", "id": "04-33", "lastvs": "33"}, {"firstvs": "34", "id": "04-34", "lastvs": "34"}, {"firstvs": "35", "id": "04-35", "lastvs": "35"}, {"firstvs": "36", "id": "04-36", "lastvs": "37"}, {"firstvs": "1", "id": "05-01", "lastvs": "2"}, {"firstvs": "3", "id": "05-03", "lastvs": "4"}, {"firstvs": "5", "id": "05-05", "lastvs": "6"}, {"firstvs": "7", "id": "05-07", "lastvs": "7"}, {"firstvs": "8", "id": "05-08", "lastvs": "9"}, {"firstvs": "10", "id": "05-10", "lastvs": "10"}, {"firstvs": "11", "id": "05-11", "lastvs": "12"}, {"firstvs": "13", "id": "05-13", "lastvs": "14"}, {"firstvs": "15", "id": "05-15", "lastvs": "16"}, {"firstvs": "17", "id": "05-17", "lastvs": "19"}, {"firstvs": "20", "id": "05-20", "lastvs": "21"}, {"firstvs": "22", "id": "05-22", "lastvs": "24"}, {"firstvs": "25", "id": "05-25", "lastvs": "28"}, {"firstvs": "29", "id": "05-29", "lastvs": "31"}, {"firstvs": "1", "id": "06-01", "lastvs": "3"}, {"firstvs": "4", "id": "06-04", "lastvs": "5"}, {"firstvs": "6", "id": "06-06", "lastvs": "7"}, {"firstvs": "8", "id": "06-08", "lastvs": "9"}, {"firstvs": "10", "id": "06-10", "lastvs": "11"}, {"firstvs": "12", "id": "06-12", "lastvs": "12"}, {"firstvs": "13", "id": "06-13", "lastvs": "14"}, {"firstvs": "15", "id": "06-15", "lastvs": "15"}, {"firstvs": "16", "id": "06-16", "lastvs": "16"}, {"firstvs": "17", "id": "06-17", "lastvs": "18"}, {"firstvs": "19", "id": "06-19", "lastvs": "20"}, {"firstvs": "21", "id": "06-21", "lastvs": "22"}, {"firstvs": "23", "id": "06-23", "lastvs": "23"}, {"firstvs": "24", "id": "06-24", "lastvs": "25"}, {"firstvs": "26", "id": "06-26", "lastvs": "27"}, {"firstvs": "28", "id": "06-28", "lastvs": "28"}, {"firstvs": "1", "id": "07-01", "lastvs": "3"}, {"firstvs": "4", "id": "07-04", "lastvs": "5"}, {"firstvs": "6", "id": "07-06", "lastvs": "7"}, {"firstvs": "8", "id": "07-08", "lastvs": "8"}, {"firstvs": "9", "id": "07-09", "lastvs": "9"}, {"firstvs": "10", "id": "07-10", "lastvs": "10"}, {"firstvs": "11", "id": "07-11", "lastvs": "12"}, {"firstvs": "13", "id": "07-13", "lastvs": "14"}, {"firstvs": "15", "id": "07-15", "lastvs": "16"}, {"firstvs": "17", "id": "07-17", "lastvs": "18"}, {"firstvs": "19", "id": "07-19", "lastvs": "20"}, {"firstvs": "21", "id": "07-21", "lastvs": "22"}, {"firstvs": "23", "id": "07-23", "lastvs": "24"}, {"firstvs": "25", "id": "07-25", "lastvs": "26"}, {"firstvs": "27", "id": "07-27", "lastvs": "28"}, {"firstvs": "1", "id": "08-01", "lastvs": "2"}, {"firstvs": "3", "id": "08-03", "lastvs": "4"}, {"firstvs": "5", "id": "08-05", "lastvs": "6"}, {"firstvs": "7", "id": "08-07", "lastvs": "8"}, {"firstvs": "9", "id": "08-09", "lastvs": "10"}, {"firstvs": "11", "id": "08-11", "lastvs": "12"}, {"firstvs": "13", "id": "08-13", "lastvs": "14"}, {"firstvs": "15", "id": "08-15", "lastvs": "17"}, {"firstvs": "18", "id": "08-18", "lastvs": "19"}, {"firstvs": "20", "id": "08-20", "lastvs": "21"}, {"firstvs": "22", "id": "08-22", "lastvs": "23"}, {"firstvs": "24", "id": "08-24", "lastvs": "25"}, {"firstvs": "26", "id": "08-26", "lastvs": "26"}, {"firstvs": "27", "id": "08-27", "lastvs": "27"}, {"firstvs": "1", "id": "09-01", "lastvs": "2"}, {"firstvs": "3", "id": "09-03", "lastvs": "4"}, {"firstvs": "5", "id": "09-05", "lastvs": "6"}, {"firstvs": "7", "id": "09-07", "lastvs": "8"}, {"firstvs": "9", "id": "09-09", "lastvs": "11"}, {"firstvs": "12", "id": "09-12", "lastvs": "14"}, {"firstvs": "15", "id": "09-15", "lastvs": "16"}, {"firstvs": "17", "id": "09-17", "lastvs": "19"}, {"firstvs": "20", "id": "09-20", "lastvs": "21"}, {"firstvs": "22", "id": "09-22", "lastvs": "23"}, {"firstvs": "24", "id": "09-24", "lastvs": "25"}, {"firstvs": "26", "id": "09-26", "lastvs": "26"}, {"firstvs": "27", "id": "09-27", "lastvs": "27"}, {"firstvs": "1", "id": "10-01", "lastvs": "1"}, {"firstvs": "2", "id": "10-02", "lastvs": "3"}, {"firstvs": "4", "id": "10-04", "lastvs": "6"}, {"firstvs": "7", "id": "10-07", "lastvs": "9"}, {"firstvs": "10", "id": "10-10", "lastvs": "11"}, {"firstvs": "12", "id": "10-12", "lastvs": "13"}, {"firstvs": "14", "id": "10-14", "lastvs": "15"}, {"firstvs": "16", "id": "10-16", "lastvs": "17"}, {"firstvs": "18", "id": "10-18", "lastvs": "19"}, {"firstvs": "20", "id": "10-20", "lastvs": "21"}, {"firstvs": "1", "id": "11-01", "lastvs": "2"}, {"firstvs": "3", "id": "11-03", "lastvs": "4"}, {"firstvs": "5", "id": "11-05", "lastvs": "6"}, {"firstvs": "7", "id": "11-07", "lastvs": "9"}, {"firstvs": "10", "id": "11-10", "lastvs": "10"}, {"firstvs": "11", "id": "11-11", "lastvs": "12"}, {"firstvs": "13", "id": "11-13", "lastvs": "13"}, {"firstvs": "14", "id": "11-14", "lastvs": "14"}, {"firstvs": "15", "id": "11-15", "lastvs": "16"}, {"firstvs": "17", "id": "11-17", "lastvs": "19"}, {"firstvs": "20", "id": "11-20", "lastvs": "22"}, {"firstvs": "23", "id": "11-23", "lastvs": "24"}, {"firstvs": "25", "id": "11-25", "lastvs": "27"}, {"firstvs": "28", "id": "11-28", "lastvs": "28"}, {"firstvs": "29", "id": "11-29", "lastvs": "30"}, {"firstvs": "31", "id": "11-31", "lastvs": "32"}, {"firstvs": "33", "id": "11-33", "lastvs": "35"}, {"firstvs": "36", "id": "11-36", "lastvs": "37"}, {"firstvs": "38", "id": "11-38", "lastvs": "39"}, {"firstvs": "40", "id": "11-40", "lastvs": "41"}, {"firstvs": "42", "id": "11-42", "lastvs": "43"}, {"firstvs": "44", "id": "11-44", "lastvs": "45"}, {"firstvs": "1", "id": "12-01", "lastvs": "2"}, {"firstvs": "3", "id": "12-03", "lastvs": "4"}, {"firstvs": "5", "id": "12-05", "lastvs": "6"}, {"firstvs": "7", "id": "12-07", "lastvs": "7"}, {"firstvs": "8", "id": "12-08", "lastvs": "9"}, {"firstvs": "10", "id": "12-10", "lastvs": "11"}, {"firstvs": "12", "id": "12-00", "lastvs": "13"}]