[{"id": "01", "tn": [{"ref": "strengthened in his rule", "text": "AT: \"Solomon exercised great power over Israel\""}, {"ref": "Yahweh", "text": "This is the name of God that he revealed to his people in the Old Testament. See the translationWord page about Yahweh concerning how to translate this."}, {"ref": "God was with him", "text": "AT: \"God supported him\" or \"God helped him\" (See: [[:en:ta:vol1:translate:figs_idiom]])"}]}, {"id": "02", "tn": [{"ref": "Kiriath Jearim", "text": "A little town about 9 miles west of Jersulem. (See: [[:en:ta:vol1:translate:translate_names]])"}, {"ref": "pitched a tent", "text": "AT: \"set up a tent\""}, {"ref": "Bezalel son of Uri son of Hur", "text": "(See: [[:en:ta:vol1:translate:translate_names]])"}]}, {"id": "06", "tn": [{"ref": "up there to the bronze altar", "text": "Solomon went to Gibeon where the altar was at the tent of meeting."}]}, {"id": "08", "tn": [{"ref": "carried out", "text": "AT: \"done\" or \"brought to completion\""}, {"ref": "a people as numerous as the dust of the earth", "text": "AT: \"countless people\" (See: [[:en:ta:vol1:translate:figs_simile]] and [[:en:ta:vol2:translate:figs_hyperbole]])"}, {"ref": "who can judge your people, who are so many in number?", "text": "AT: \"no one can judge all of your countless people\" (See: [[:en:ta:vol1:translate:figs_rquestion]])"}]}, {"id": "12", "tn": [{"ref": "from before the tent of meeting", "text": "AT: \"in front of the tabernacle\"."}]}, {"id": "14", "tn": [{"ref": "in the chariot cities", "text": "This is a reference to cities which stored his chariots."}, {"ref": "silver and gold as common in Jerusalem as the stones", "text": "AT: \"rare and valuable metals to be abundant\" (See: [[:en:ta:vol1:translate:figs_simile]])"}, {"ref": "cedar wood as common as the sycamore trees that are in the lowlands", "text": "AT: \"rare and valuable imported wood to be abundant\""}]}, {"id": "16", "tn": [{"ref": "importation", "text": "AT: \"brought in goods from outside the country\""}, {"ref": "Kue", "text": "Some think that Kue was in Cilicia, in Asia Minor. (See: [[:en:ta:vol1:translate:translate_names]])"}, {"ref": "at a price", "text": "AT: \"at a set price\" or \"for money\""}, {"ref": "shekel", "text": "(See: [[:en:ta:vol2:translate:translate_bmoney]])"}, {"ref": "exported them", "text": "They sold goods produced in Israel to other countries."}]}]