[{"firstvs": "1", "id": "01-01", "lastvs": "2"}, {"firstvs": "3", "id": "01-03", "lastvs": "5"}, {"firstvs": "6", "id": "01-06", "lastvs": "7"}, {"firstvs": "8", "id": "01-08", "lastvs": "10"}, {"firstvs": "11", "id": "01-11", "lastvs": "12"}, {"firstvs": "13", "id": "01-13", "lastvs": "14"}, {"firstvs": "15", "id": "01-15", "lastvs": "17"}, {"firstvs": "18", "id": "01-18", "lastvs": "19"}, {"firstvs": "20", "id": "01-20", "lastvs": "21"}, {"firstvs": "22", "id": "01-22", "lastvs": "23"}, {"firstvs": "24", "id": "01-24", "lastvs": "25"}, {"firstvs": "1", "id": "02-01", "lastvs": "3"}, {"firstvs": "4", "id": "02-04", "lastvs": "5"}, {"firstvs": "6", "id": "02-06", "lastvs": "6"}, {"firstvs": "7", "id": "02-07", "lastvs": "8"}, {"firstvs": "9", "id": "02-09", "lastvs": "10"}, {"firstvs": "11", "id": "02-11", "lastvs": "12"}, {"firstvs": "13", "id": "02-13", "lastvs": "17"}, {"firstvs": "18", "id": "02-18", "lastvs": "20"}, {"firstvs": "21", "id": "02-21", "lastvs": "23"}, {"firstvs": "24", "id": "02-24", "lastvs": "25"}, {"firstvs": "1", "id": "03-01", "lastvs": "2"}, {"firstvs": "3", "id": "03-03", "lastvs": "4"}, {"firstvs": "5", "id": "03-05", "lastvs": "6"}, {"firstvs": "7", "id": "03-07", "lastvs": "7"}, {"firstvs": "8", "id": "03-08", "lastvs": "9"}, {"firstvs": "10", "id": "03-10", "lastvs": "12"}, {"firstvs": "13", "id": "03-13", "lastvs": "14"}, {"firstvs": "15", "id": "03-15", "lastvs": "17"}, {"firstvs": "18", "id": "03-18", "lastvs": "20"}, {"firstvs": "21", "id": "03-21", "lastvs": "22"}, {"firstvs": "1", "id": "04-01", "lastvs": "2"}, {"firstvs": "3", "id": "04-03", "lastvs": "6"}, {"firstvs": "7", "id": "04-07", "lastvs": "9"}, {"firstvs": "10", "id": "04-10", "lastvs": "11"}, {"firstvs": "12", "id": "04-12", "lastvs": "14"}, {"firstvs": "15", "id": "04-15", "lastvs": "16"}, {"firstvs": "17", "id": "04-17", "lastvs": "19"}, {"firstvs": "1", "id": "05-01", "lastvs": "4"}, {"firstvs": "5", "id": "05-05", "lastvs": "7"}, {"firstvs": "8", "id": "05-08", "lastvs": "9"}, {"firstvs": "10", "id": "05-10", "lastvs": "11"}, {"firstvs": "12", "id": "05-00", "lastvs": "14"}]