[{"firstvs": "1", "id": "01-01", "lastvs": "2"}, {"firstvs": "3", "id": "01-03", "lastvs": "5"}, {"firstvs": "6", "id": "01-06", "lastvs": "7"}, {"firstvs": "8", "id": "01-08", "lastvs": "10"}, {"firstvs": "11", "id": "01-11", "lastvs": "13"}, {"firstvs": "14", "id": "01-14", "lastvs": "16"}, {"firstvs": "17", "id": "01-17", "lastvs": "20"}, {"firstvs": "21", "id": "01-21", "lastvs": "22"}, {"firstvs": "23", "id": "01-23", "lastvs": "24"}, {"firstvs": "25", "id": "01-25", "lastvs": "27"}, {"firstvs": "1", "id": "02-01", "lastvs": "3"}, {"firstvs": "4", "id": "02-04", "lastvs": "5"}, {"firstvs": "6", "id": "02-06", "lastvs": "7"}, {"firstvs": "8", "id": "02-08", "lastvs": "9"}, {"firstvs": "10", "id": "02-10", "lastvs": "11"}, {"firstvs": "12", "id": "02-12", "lastvs": "13"}, {"firstvs": "14", "id": "02-14", "lastvs": "15"}, {"firstvs": "16", "id": "02-16", "lastvs": "17"}, {"firstvs": "18", "id": "02-18", "lastvs": "19"}, {"firstvs": "20", "id": "02-20", "lastvs": "21"}, {"firstvs": "22", "id": "02-22", "lastvs": "23"}, {"firstvs": "24", "id": "02-24", "lastvs": "25"}, {"firstvs": "26", "id": "02-26", "lastvs": "27"}, {"firstvs": "28", "id": "02-28", "lastvs": "29"}, {"firstvs": "30", "id": "02-30", "lastvs": "32"}, {"firstvs": "1", "id": "03-01", "lastvs": "1"}, {"firstvs": "2", "id": "03-02", "lastvs": "3"}, {"firstvs": "4", "id": "03-04", "lastvs": "5"}, {"firstvs": "6", "id": "03-06", "lastvs": "7"}, {"firstvs": "8", "id": "03-08", "lastvs": "8"}, {"firstvs": "9", "id": "03-09", "lastvs": "11"}, {"firstvs": "12", "id": "03-12", "lastvs": "13"}, {"firstvs": "14", "id": "03-14", "lastvs": "16"}, {"firstvs": "17", "id": "03-17", "lastvs": "18"}, {"firstvs": "19", "id": "03-19", "lastvs": "20"}, {"firstvs": "21", "id": "03-21", "lastvs": "21"}, {"firstvs": "22", "id": "03-22", "lastvs": "23"}, {"firstvs": "24", "id": "03-24", "lastvs": "26"}, {"firstvs": "27", "id": "03-27", "lastvs": "27"}, {"firstvs": "28", "id": "03-28", "lastvs": "30"}, {"firstvs": "31", "id": "03-31", "lastvs": "32"}, {"firstvs": "33", "id": "03-33", "lastvs": "34"}, {"firstvs": "35", "id": "03-35", "lastvs": "36"}, {"firstvs": "37", "id": "03-37", "lastvs": "39"}, {"firstvs": "1", "id": "04-01", "lastvs": "3"}, {"firstvs": "4", "id": "04-04", "lastvs": "4"}, {"firstvs": "5", "id": "04-05", "lastvs": "7"}, {"firstvs": "8", "id": "04-08", "lastvs": "10"}, {"firstvs": "11", "id": "04-11", "lastvs": "12"}, {"firstvs": "1", "id": "05-01", "lastvs": "2"}, {"firstvs": "3", "id": "05-03", "lastvs": "5"}, {"firstvs": "6", "id": "05-06", "lastvs": "7"}, {"firstvs": "8", "id": "05-08", "lastvs": "10"}, {"firstvs": "11", "id": "05-11", "lastvs": "12"}, {"firstvs": "13", "id": "05-13", "lastvs": "16"}, {"firstvs": "17", "id": "05-17", "lastvs": "18"}, {"firstvs": "19", "id": "05-19", "lastvs": "21"}, {"firstvs": "22", "id": "05-22", "lastvs": "23"}, {"firstvs": "24", "id": "05-24", "lastvs": "25"}, {"firstvs": "1", "id": "06-01", "lastvs": "2"}, {"firstvs": "3", "id": "06-03", "lastvs": "5"}, {"firstvs": "6", "id": "06-06", "lastvs": "7"}, {"firstvs": "8", "id": "06-08", "lastvs": "9"}, {"firstvs": "10", "id": "06-10", "lastvs": "11"}, {"firstvs": "12", "id": "06-12", "lastvs": "13"}, {"firstvs": "14", "id": "06-14", "lastvs": "15"}, {"firstvs": "16", "id": "06-16", "lastvs": "17"}, {"firstvs": "18", "id": "06-18", "lastvs": "19"}, {"firstvs": "20", "id": "06-20", "lastvs": "20"}, {"firstvs": "21", "id": "06-21", "lastvs": "23"}, {"firstvs": "1", "id": "07-01", "lastvs": "2"}, {"firstvs": "3", "id": "07-03", "lastvs": "5"}, {"firstvs": "6", "id": "07-06", "lastvs": "7"}, {"firstvs": "8", "id": "07-08", "lastvs": "9"}, {"firstvs": "10", "id": "07-10", "lastvs": "11"}, {"firstvs": "12", "id": "07-12", "lastvs": "14"}, {"firstvs": "15", "id": "07-15", "lastvs": "17"}, {"firstvs": "18", "id": "07-18", "lastvs": "20"}, {"firstvs": "21", "id": "07-21", "lastvs": "23"}, {"firstvs": "24", "id": "07-24", "lastvs": "26"}, {"firstvs": "27", "id": "07-27", "lastvs": "29"}, {"firstvs": "1", "id": "08-01", "lastvs": "1"}, {"firstvs": "2", "id": "08-02", "lastvs": "2"}, {"firstvs": "3", "id": "08-03", "lastvs": "4"}, {"firstvs": "5", "id": "08-05", "lastvs": "6"}, {"firstvs": "7", "id": "08-07", "lastvs": "8"}, {"firstvs": "9", "id": "08-09", "lastvs": "10"}, {"firstvs": "11", "id": "08-11", "lastvs": "12"}, {"firstvs": "13", "id": "08-13", "lastvs": "14"}, {"firstvs": "15", "id": "08-15", "lastvs": "18"}, {"firstvs": "1", "id": "09-01", "lastvs": "2"}, {"firstvs": "3", "id": "09-03", "lastvs": "4"}, {"firstvs": "5", "id": "09-05", "lastvs": "6"}, {"firstvs": "7", "id": "09-07", "lastvs": "8"}, {"firstvs": "9", "id": "09-09", "lastvs": "10"}, {"firstvs": "11", "id": "09-11", "lastvs": "13"}, {"firstvs": "1", "id": "10-01", "lastvs": "3"}, {"firstvs": "4", "id": "10-04", "lastvs": "5"}, {"firstvs": "6", "id": "10-06", "lastvs": "8"}, {"firstvs": "9", "id": "10-09", "lastvs": "10"}, {"firstvs": "11", "id": "10-11", "lastvs": "12"}, {"firstvs": "13", "id": "10-13", "lastvs": "14"}, {"firstvs": "15", "id": "10-15", "lastvs": "16"}, {"firstvs": "17", "id": "10-17", "lastvs": "19"}, {"firstvs": "1", "id": "11-01", "lastvs": "1"}, {"firstvs": "2", "id": "11-02", "lastvs": "3"}, {"firstvs": "4", "id": "11-04", "lastvs": "5"}, {"firstvs": "6", "id": "11-06", "lastvs": "8"}, {"firstvs": "9", "id": "11-09", "lastvs": "11"}, {"firstvs": "12", "id": "11-12", "lastvs": "13"}, {"firstvs": "14", "id": "11-14", "lastvs": "15"}, {"firstvs": "16", "id": "11-16", "lastvs": "17"}, {"firstvs": "18", "id": "11-18", "lastvs": "20"}, {"firstvs": "21", "id": "11-21", "lastvs": "21"}, {"firstvs": "22", "id": "11-22", "lastvs": "23"}, {"firstvs": "24", "id": "11-24", "lastvs": "25"}, {"firstvs": "26", "id": "11-26", "lastvs": "27"}, {"firstvs": "1", "id": "12-01", "lastvs": "3"}, {"firstvs": "4", "id": "12-04", "lastvs": "6"}, {"firstvs": "7", "id": "12-07", "lastvs": "8"}, {"firstvs": "9", "id": "12-09", "lastvs": "10"}, {"firstvs": "11", "id": "12-11", "lastvs": "13"}, {"firstvs": "14", "id": "12-14", "lastvs": "15"}, {"firstvs": "16", "id": "12-16", "lastvs": "18"}, {"firstvs": "19", "id": "12-19", "lastvs": "20"}, {"firstvs": "21", "id": "12-21", "lastvs": "23"}, {"firstvs": "24", "id": "12-24", "lastvs": "25"}, {"firstvs": "26", "id": "12-26", "lastvs": "28"}, {"firstvs": "29", "id": "12-29", "lastvs": "30"}, {"firstvs": "31", "id": "12-31", "lastvs": "31"}, {"firstvs": "1", "id": "13-01", "lastvs": "2"}, {"firstvs": "3", "id": "13-03", "lastvs": "4"}, {"firstvs": "5", "id": "13-05", "lastvs": "6"}, {"firstvs": "7", "id": "13-07", "lastvs": "9"}, {"firstvs": "10", "id": "13-10", "lastvs": "12"}, {"firstvs": "13", "id": "13-13", "lastvs": "14"}, {"firstvs": "15", "id": "13-15", "lastvs": "17"}, {"firstvs": "18", "id": "13-18", "lastvs": "19"}, {"firstvs": "20", "id": "13-20", "lastvs": "22"}, {"firstvs": "23", "id": "13-23", "lastvs": "24"}, {"firstvs": "25", "id": "13-25", "lastvs": "26"}, {"firstvs": "27", "id": "13-27", "lastvs": "29"}, {"firstvs": "30", "id": "13-30", "lastvs": "31"}, {"firstvs": "32", "id": "13-32", "lastvs": "33"}, {"firstvs": "34", "id": "13-34", "lastvs": "36"}, {"firstvs": "37", "id": "13-37", "lastvs": "39"}, {"firstvs": "1", "id": "14-01", "lastvs": "3"}, {"firstvs": "4", "id": "14-04", "lastvs": "6"}, {"firstvs": "7", "id": "14-07", "lastvs": "7"}, {"firstvs": "8", "id": "14-08", "lastvs": "9"}, {"firstvs": "10", "id": "14-10", "lastvs": "11"}, {"firstvs": "12", "id": "14-12", "lastvs": "14"}, {"firstvs": "15", "id": "14-15", "lastvs": "17"}, {"firstvs": "18", "id": "14-18", "lastvs": "20"}, {"firstvs": "21", "id": "14-21", "lastvs": "22"}, {"firstvs": "23", "id": "14-23", "lastvs": "24"}, {"firstvs": "25", "id": "14-25", "lastvs": "27"}, {"firstvs": "28", "id": "14-28", "lastvs": "29"}, {"firstvs": "30", "id": "14-30", "lastvs": "31"}, {"firstvs": "32", "id": "14-32", "lastvs": "33"}, {"firstvs": "1", "id": "15-01", "lastvs": "2"}, {"firstvs": "3", "id": "15-03", "lastvs": "4"}, {"firstvs": "5", "id": "15-05", "lastvs": "6"}, {"firstvs": "7", "id": "15-07", "lastvs": "8"}, {"firstvs": "9", "id": "15-09", "lastvs": "10"}, {"firstvs": "11", "id": "15-11", "lastvs": "12"}, {"firstvs": "13", "id": "15-13", "lastvs": "15"}, {"firstvs": "16", "id": "15-16", "lastvs": "18"}, {"firstvs": "19", "id": "15-19", "lastvs": "20"}, {"firstvs": "21", "id": "15-21", "lastvs": "23"}, {"firstvs": "24", "id": "15-24", "lastvs": "26"}, {"firstvs": "27", "id": "15-27", "lastvs": "29"}, {"firstvs": "30", "id": "15-30", "lastvs": "31"}, {"firstvs": "32", "id": "15-32", "lastvs": "34"}, {"firstvs": "35", "id": "15-35", "lastvs": "37"}, {"firstvs": "1", "id": "16-01", "lastvs": "2"}, {"firstvs": "3", "id": "16-03", "lastvs": "4"}, {"firstvs": "5", "id": "16-05", "lastvs": "6"}, {"firstvs": "7", "id": "16-07", "lastvs": "8"}, {"firstvs": "9", "id": "16-09", "lastvs": "10"}, {"firstvs": "11", "id": "16-11", "lastvs": "12"}, {"firstvs": "13", "id": "16-13", "lastvs": "14"}, {"firstvs": "15", "id": "16-15", "lastvs": "16"}, {"firstvs": "17", "id": "16-17", "lastvs": "18"}, {"firstvs": "19", "id": "16-19", "lastvs": "19"}, {"firstvs": "20", "id": "16-20", "lastvs": "21"}, {"firstvs": "22", "id": "16-22", "lastvs": "23"}, {"firstvs": "1", "id": "17-01", "lastvs": "4"}, {"firstvs": "5", "id": "17-05", "lastvs": "7"}, {"firstvs": "8", "id": "17-08", "lastvs": "10"}, {"firstvs": "11", "id": "17-11", "lastvs": "12"}, {"firstvs": "13", "id": "17-13", "lastvs": "14"}, {"firstvs": "15", "id": "17-15", "lastvs": "16"}, {"firstvs": "17", "id": "17-17", "lastvs": "18"}, {"firstvs": "19", "id": "17-19", "lastvs": "20"}, {"firstvs": "21", "id": "17-21", "lastvs": "22"}, {"firstvs": "23", "id": "17-23", "lastvs": "23"}, {"firstvs": "24", "id": "17-24", "lastvs": "26"}, {"firstvs": "27", "id": "17-27", "lastvs": "29"}, {"firstvs": "1", "id": "18-01", "lastvs": "2"}, {"firstvs": "3", "id": "18-03", "lastvs": "4"}, {"firstvs": "5", "id": "18-05", "lastvs": "5"}, {"firstvs": "6", "id": "18-06", "lastvs": "8"}, {"firstvs": "9", "id": "18-09", "lastvs": "11"}, {"firstvs": "12", "id": "18-12", "lastvs": "13"}, {"firstvs": "14", "id": "18-14", "lastvs": "15"}, {"firstvs": "16", "id": "18-16", "lastvs": "17"}, {"firstvs": "18", "id": "18-18", "lastvs": "18"}, {"firstvs": "19", "id": "18-19", "lastvs": "20"}, {"firstvs": "21", "id": "18-21", "lastvs": "23"}, {"firstvs": "24", "id": "18-24", "lastvs": "25"}, {"firstvs": "26", "id": "18-26", "lastvs": "27"}, {"firstvs": "28", "id": "18-28", "lastvs": "30"}, {"firstvs": "31", "id": "18-31", "lastvs": "33"}, {"firstvs": "1", "id": "19-01", "lastvs": "2"}, {"firstvs": "3", "id": "19-03", "lastvs": "4"}, {"firstvs": "5", "id": "19-05", "lastvs": "6"}, {"firstvs": "7", "id": "19-07", "lastvs": "8"}, {"firstvs": "9", "id": "19-09", "lastvs": "10"}, {"firstvs": "11", "id": "19-11", "lastvs": "12"}, {"firstvs": "13", "id": "19-13", "lastvs": "15"}, {"firstvs": "16", "id": "19-16", "lastvs": "18"}, {"firstvs": "19", "id": "19-19", "lastvs": "20"}, {"firstvs": "21", "id": "19-21", "lastvs": "23"}, {"firstvs": "24", "id": "19-24", "lastvs": "25"}, {"firstvs": "26", "id": "19-26", "lastvs": "28"}, {"firstvs": "29", "id": "19-29", "lastvs": "30"}, {"firstvs": "31", "id": "19-31", "lastvs": "33"}, {"firstvs": "34", "id": "19-34", "lastvs": "36"}, {"firstvs": "37", "id": "19-37", "lastvs": "37"}, {"firstvs": "38", "id": "19-38", "lastvs": "39"}, {"firstvs": "40", "id": "19-40", "lastvs": "41"}, {"firstvs": "42", "id": "19-42", "lastvs": "43"}, {"firstvs": "1", "id": "20-01", "lastvs": "2"}, {"firstvs": "3", "id": "20-03", "lastvs": "3"}, {"firstvs": "4", "id": "20-04", "lastvs": "5"}, {"firstvs": "6", "id": "20-06", "lastvs": "7"}, {"firstvs": "8", "id": "20-08", "lastvs": "8"}, {"firstvs": "9", "id": "20-09", "lastvs": "10"}, {"firstvs": "11", "id": "20-11", "lastvs": "13"}, {"firstvs": "14", "id": "20-14", "lastvs": "16"}, {"firstvs": "17", "id": "20-17", "lastvs": "19"}, {"firstvs": "20", "id": "20-20", "lastvs": "22"}, {"firstvs": "23", "id": "20-23", "lastvs": "26"}, {"firstvs": "1", "id": "21-01", "lastvs": "1"}, {"firstvs": "2", "id": "21-02", "lastvs": "3"}, {"firstvs": "4", "id": "21-04", "lastvs": "4"}, {"firstvs": "5", "id": "21-05", "lastvs": "6"}, {"firstvs": "7", "id": "21-07", "lastvs": "9"}, {"firstvs": "10", "id": "21-10", "lastvs": "11"}, {"firstvs": "12", "id": "21-12", "lastvs": "13"}, {"firstvs": "14", "id": "21-14", "lastvs": "14"}, {"firstvs": "15", "id": "21-15", "lastvs": "17"}, {"firstvs": "18", "id": "21-18", "lastvs": "19"}, {"firstvs": "20", "id": "21-20", "lastvs": "22"}, {"firstvs": "1", "id": "22-01", "lastvs": "2"}, {"firstvs": "3", "id": "22-03", "lastvs": "4"}, {"firstvs": "5", "id": "22-05", "lastvs": "6"}, {"firstvs": "7", "id": "22-07", "lastvs": "7"}, {"firstvs": "8", "id": "22-08", "lastvs": "9"}, {"firstvs": "10", "id": "22-10", "lastvs": "12"}, {"firstvs": "13", "id": "22-13", "lastvs": "15"}, {"firstvs": "16", "id": "22-16", "lastvs": "16"}, {"firstvs": "17", "id": "22-17", "lastvs": "18"}, {"firstvs": "19", "id": "22-19", "lastvs": "21"}, {"firstvs": "22", "id": "22-22", "lastvs": "23"}, {"firstvs": "24", "id": "22-24", "lastvs": "25"}, {"firstvs": "26", "id": "22-26", "lastvs": "27"}, {"firstvs": "28", "id": "22-28", "lastvs": "29"}, {"firstvs": "30", "id": "22-30", "lastvs": "31"}, {"firstvs": "32", "id": "22-32", "lastvs": "33"}, {"firstvs": "34", "id": "22-34", "lastvs": "35"}, {"firstvs": "36", "id": "22-36", "lastvs": "37"}, {"firstvs": "38", "id": "22-38", "lastvs": "39"}, {"firstvs": "40", "id": "22-40", "lastvs": "41"}, {"firstvs": "42", "id": "22-42", "lastvs": "43"}, {"firstvs": "44", "id": "22-44", "lastvs": "46"}, {"firstvs": "47", "id": "22-47", "lastvs": "49"}, {"firstvs": "50", "id": "22-50", "lastvs": "51"}, {"firstvs": "1", "id": "23-01", "lastvs": "2"}, {"firstvs": "3", "id": "23-03", "lastvs": "4"}, {"firstvs": "5", "id": "23-05", "lastvs": "5"}, {"firstvs": "6", "id": "23-06", "lastvs": "7"}, {"firstvs": "8", "id": "23-08", "lastvs": "8"}, {"firstvs": "9", "id": "23-09", "lastvs": "10"}, {"firstvs": "11", "id": "23-11", "lastvs": "12"}, {"firstvs": "13", "id": "23-13", "lastvs": "14"}, {"firstvs": "15", "id": "23-15", "lastvs": "17"}, {"firstvs": "18", "id": "23-18", "lastvs": "19"}, {"firstvs": "20", "id": "23-20", "lastvs": "21"}, {"firstvs": "22", "id": "23-22", "lastvs": "23"}, {"firstvs": "24", "id": "23-24", "lastvs": "28"}, {"firstvs": "29", "id": "23-29", "lastvs": "32"}, {"firstvs": "33", "id": "23-33", "lastvs": "36"}, {"firstvs": "37", "id": "23-37", "lastvs": "39"}, {"firstvs": "1", "id": "24-01", "lastvs": "2"}, {"firstvs": "3", "id": "24-03", "lastvs": "4"}, {"firstvs": "5", "id": "24-05", "lastvs": "7"}, {"firstvs": "8", "id": "24-08", "lastvs": "9"}, {"firstvs": "10", "id": "24-10", "lastvs": "10"}, {"firstvs": "11", "id": "24-11", "lastvs": "12"}, {"firstvs": "13", "id": "24-13", "lastvs": "14"}, {"firstvs": "15", "id": "24-15", "lastvs": "16"}, {"firstvs": "17", "id": "24-17", "lastvs": "17"}, {"firstvs": "18", "id": "24-18", "lastvs": "20"}, {"firstvs": "21", "id": "24-21", "lastvs": "23"}, {"firstvs": "24", "id": "24-00", "lastvs": "25"}]