[{"id": "01", "tn": [{"ref": "David", "text": "David was a son of Jesse, who was a descendant of Judah. (See: [[:en:bible:notes:1ch:02:13|2:15]])"}, {"ref": "Ahinoam ... Abigail ... Maacah ... Haggith ... Abital ... Eglah", "text": "These are the names of women. (See: [[:en:ta:vol1:translate:translate_names]])"}, {"ref": "Talmai ... Shephatiah ... Ithream", "text": "These are the names of men. (See: [[:en:ta:vol1:translate:translate_names]])"}, {"ref": "Daniel", "text": "This man has the same name as an Israelite prophet but is a different person."}, {"ref": "Eglah his wife", "text": "\"Eglah, David's wife.\" David had more than one wife. AT: \"David's wife Eglah\""}]}, {"id": "04", "tn": [{"ref": "where he reigned seven years and six months", "text": "This can also be translated as a separate sentence: \"David reigned there seven years and six months.\""}, {"ref": "thirty-three years", "text": "three years** - \"33 years\" (See: [[:en:ta:vol2:translate:translate_numbers]])"}, {"ref": "Ammiel ... Shammua ... Shobab ... Nathan", "text": "These are names of men. (See: [[:en:ta:vol1:translate:translate_names]])"}]}, {"id": "06", "tn": [{"ref": "Ibhar ... Elishama ... Eliphelet ... Nogah ... Nepheg ... Japhia ... Eliada", "text": "These are names of men. (See: [[:en:ta:vol1:translate:translate_names]])"}, {"ref": "Elishama ... Eliphelet", "text": "These names are both used for two sons."}]}, {"id": "10", "tn": [{"ref": "General Information:", "text": "This is the beginning of the list of David's descendants who became king."}, {"ref": "Solomon's son was Rehoboam. Rehoboam's son was Abijah", "text": "Solomon had more than one son. The same is true of other men in the list. AT: \"Solomon was the father of Rehoboam. Rehoboam was the father of Abijah\""}, {"ref": "Azariah", "text": "This was another name for Uzziah, the better-known name for this king. Translators may decide to use \"Uzziah\" everywhere for this king."}]}, {"id": "13", "tn": [{"ref": "General Information:", "text": "This continues the list of David's descendants who became king. Form these sentences as you did starting in [[:en:bible:notes:1ch:03:10|3:10]]."}, {"ref": "Amon", "text": "This is the name of a man. (See: [[:en:ta:vol1:translate:translate_names]])"}]}, {"id": "15", "tn": [{"ref": "General Information:", "text": "This continues the list of David's descendants who became king. Form these sentences as you did starting in [[:en:bible:notes:1ch:03:10|3:10]]."}, {"ref": "Johanan ... Shallum ... Jehoiachin", "text": "These are the names of men. (See: [[:en:ta:vol1:translate:translate_names]])"}]}, {"id": "17", "tn": [{"ref": "Jehoiachin", "text": "Some versions have \"Jeconiah,\" which is a variation of \"Jehoiachin.\""}, {"ref": "the captive", "text": "This may be a title that was given to Jehoiachin because he was taken into captivity. However, some versions regard the word as \"Assir,\" the name of one of his sons."}, {"ref": "Jehoiachin ... Shealtiel, Malkiram, Pedaiah, Shenazzar, Jekamiah, Hoshama, and Nedabiah", "text": "These are the names of men. (See: [[:en:ta:vol1:translate:translate_names]])"}]}, {"id": "19", "tn": [{"ref": "Pedaiah ... Shimei ... Meshullam ... Hananiah ... Hashubah ... Ohel ... Berechiah ... Hasadiah ... Jushab Hesed ... Pelatiah ... Jeshaiah ... Rephaiah ... Arnan ... Shecaniah", "text": "These are the names of men. (See: [[:en:ta:vol1:translate:translate_names]])"}, {"ref": "Shelomith", "text": "This is the name of a woman. (See: [[:en:ta:vol1:translate:translate_names]])"}, {"ref": "Obadiah", "text": "This man has the same name as the prophet Obadiah but is a different person. (See: [[:en:ta:vol1:translate:translate_names]])"}, {"ref": "further descendants were Arnan, Obadiah, and Shecaniah", "text": "Different versions put these people into different relationships with each other, because the Hebrew is not very clear about them."}]}, {"id": "22", "tn": [{"ref": "Shemaiah ... Hattush ... Igal ... Bariah ... Neariah ... Shaphat ... Elioenai ... Hizkiah ... Azrikam ... Hodaviah ... Eliashib ... Pelaiah ... Akkub ... Johanan ... Delaiah ... Anani", "text": "These are the names of men. (See: [[:en:ta:vol1:translate:translate_names]])"}]}]