[{"firstvs": "1", "id": "01-01", "lastvs": "3"}, {"firstvs": "4", "id": "01-04", "lastvs": "6"}, {"firstvs": "7", "id": "01-07", "lastvs": "7"}, {"firstvs": "8", "id": "01-08", "lastvs": "10"}, {"firstvs": "11", "id": "01-11", "lastvs": "12"}, {"firstvs": "13", "id": "01-13", "lastvs": "15"}, {"firstvs": "16", "id": "01-16", "lastvs": "17"}, {"firstvs": "18", "id": "01-18", "lastvs": "19"}, {"firstvs": "20", "id": "01-20", "lastvs": "21"}, {"firstvs": "22", "id": "01-22", "lastvs": "23"}, {"firstvs": "24", "id": "01-24", "lastvs": "25"}, {"firstvs": "26", "id": "01-26", "lastvs": "27"}, {"firstvs": "28", "id": "01-28", "lastvs": "28"}, {"firstvs": "29", "id": "01-29", "lastvs": "31"}, {"firstvs": "32", "id": "01-32", "lastvs": "32"}, {"firstvs": "1", "id": "02-01", "lastvs": "2"}, {"firstvs": "3", "id": "02-03", "lastvs": "4"}, {"firstvs": "5", "id": "02-05", "lastvs": "7"}, {"firstvs": "8", "id": "02-08", "lastvs": "9"}, {"firstvs": "10", "id": "02-10", "lastvs": "12"}, {"firstvs": "13", "id": "02-13", "lastvs": "14"}, {"firstvs": "15", "id": "02-15", "lastvs": "16"}, {"firstvs": "17", "id": "02-17", "lastvs": "20"}, {"firstvs": "21", "id": "02-21", "lastvs": "22"}, {"firstvs": "23", "id": "02-23", "lastvs": "24"}, {"firstvs": "25", "id": "02-25", "lastvs": "27"}, {"firstvs": "28", "id": "02-28", "lastvs": "29"}, {"firstvs": "1", "id": "03-01", "lastvs": "2"}, {"firstvs": "3", "id": "03-03", "lastvs": "4"}, {"firstvs": "5", "id": "03-05", "lastvs": "6"}, {"firstvs": "7", "id": "03-07", "lastvs": "8"}, {"firstvs": "9", "id": "03-09", "lastvs": "10"}, {"firstvs": "11", "id": "03-11", "lastvs": "12"}, {"firstvs": "13", "id": "03-13", "lastvs": "14"}, {"firstvs": "15", "id": "03-15", "lastvs": "18"}, {"firstvs": "19", "id": "03-19", "lastvs": "20"}, {"firstvs": "21", "id": "03-21", "lastvs": "22"}, {"firstvs": "23", "id": "03-23", "lastvs": "24"}, {"firstvs": "25", "id": "03-25", "lastvs": "26"}, {"firstvs": "27", "id": "03-27", "lastvs": "28"}, {"firstvs": "29", "id": "03-29", "lastvs": "30"}, {"firstvs": "31", "id": "03-31", "lastvs": "31"}, {"firstvs": "1", "id": "04-01", "lastvs": "3"}, {"firstvs": "4", "id": "04-04", "lastvs": "5"}, {"firstvs": "6", "id": "04-06", "lastvs": "8"}, {"firstvs": "9", "id": "04-09", "lastvs": "10"}, {"firstvs": "11", "id": "04-11", "lastvs": "12"}, {"firstvs": "13", "id": "04-13", "lastvs": "15"}, {"firstvs": "16", "id": "04-16", "lastvs": "17"}, {"firstvs": "18", "id": "04-18", "lastvs": "19"}, {"firstvs": "20", "id": "04-20", "lastvs": "22"}, {"firstvs": "23", "id": "04-23", "lastvs": "25"}, {"firstvs": "1", "id": "05-01", "lastvs": "2"}, {"firstvs": "3", "id": "05-03", "lastvs": "5"}, {"firstvs": "6", "id": "05-06", "lastvs": "7"}, {"firstvs": "8", "id": "05-08", "lastvs": "9"}, {"firstvs": "10", "id": "05-10", "lastvs": "11"}, {"firstvs": "12", "id": "05-12", "lastvs": "13"}, {"firstvs": "14", "id": "05-14", "lastvs": "15"}, {"firstvs": "16", "id": "05-16", "lastvs": "17"}, {"firstvs": "18", "id": "05-18", "lastvs": "19"}, {"firstvs": "20", "id": "05-20", "lastvs": "21"}, {"firstvs": "1", "id": "06-01", "lastvs": "3"}, {"firstvs": "4", "id": "06-04", "lastvs": "5"}, {"firstvs": "6", "id": "06-06", "lastvs": "7"}, {"firstvs": "8", "id": "06-08", "lastvs": "9"}, {"firstvs": "10", "id": "06-10", "lastvs": "11"}, {"firstvs": "12", "id": "06-12", "lastvs": "14"}, {"firstvs": "15", "id": "06-15", "lastvs": "16"}, {"firstvs": "17", "id": "06-17", "lastvs": "18"}, {"firstvs": "19", "id": "06-19", "lastvs": "21"}, {"firstvs": "22", "id": "06-22", "lastvs": "23"}, {"firstvs": "1", "id": "07-01", "lastvs": "1"}, {"firstvs": "2", "id": "07-02", "lastvs": "3"}, {"firstvs": "4", "id": "07-04", "lastvs": "5"}, {"firstvs": "6", "id": "07-06", "lastvs": "6"}, {"firstvs": "7", "id": "07-07", "lastvs": "8"}, {"firstvs": "9", "id": "07-09", "lastvs": "10"}, {"firstvs": "11", "id": "07-11", "lastvs": "12"}, {"firstvs": "13", "id": "07-13", "lastvs": "14"}, {"firstvs": "15", "id": "07-15", "lastvs": "16"}, {"firstvs": "17", "id": "07-17", "lastvs": "18"}, {"firstvs": "19", "id": "07-19", "lastvs": "21"}, {"firstvs": "22", "id": "07-22", "lastvs": "23"}, {"firstvs": "24", "id": "07-24", "lastvs": "25"}, {"firstvs": "1", "id": "08-01", "lastvs": "2"}, {"firstvs": "3", "id": "08-03", "lastvs": "5"}, {"firstvs": "6", "id": "08-06", "lastvs": "8"}, {"firstvs": "9", "id": "08-09", "lastvs": "10"}, {"firstvs": "11", "id": "08-11", "lastvs": "11"}, {"firstvs": "12", "id": "08-12", "lastvs": "13"}, {"firstvs": "14", "id": "08-14", "lastvs": "15"}, {"firstvs": "16", "id": "08-16", "lastvs": "17"}, {"firstvs": "18", "id": "08-18", "lastvs": "19"}, {"firstvs": "20", "id": "08-20", "lastvs": "22"}, {"firstvs": "23", "id": "08-23", "lastvs": "25"}, {"firstvs": "26", "id": "08-26", "lastvs": "27"}, {"firstvs": "28", "id": "08-28", "lastvs": "30"}, {"firstvs": "31", "id": "08-31", "lastvs": "32"}, {"firstvs": "33", "id": "08-33", "lastvs": "34"}, {"firstvs": "35", "id": "08-35", "lastvs": "36"}, {"firstvs": "37", "id": "08-37", "lastvs": "39"}, {"firstvs": "1", "id": "09-01", "lastvs": "2"}, {"firstvs": "3", "id": "09-03", "lastvs": "5"}, {"firstvs": "6", "id": "09-06", "lastvs": "7"}, {"firstvs": "8", "id": "09-08", "lastvs": "9"}, {"firstvs": "10", "id": "09-10", "lastvs": "13"}, {"firstvs": "14", "id": "09-14", "lastvs": "16"}, {"firstvs": "17", "id": "09-17", "lastvs": "18"}, {"firstvs": "19", "id": "09-19", "lastvs": "21"}, {"firstvs": "22", "id": "09-22", "lastvs": "24"}, {"firstvs": "25", "id": "09-25", "lastvs": "26"}, {"firstvs": "27", "id": "09-27", "lastvs": "29"}, {"firstvs": "30", "id": "09-30", "lastvs": "31"}, {"firstvs": "32", "id": "09-32", "lastvs": "33"}, {"firstvs": "1", "id": "10-01", "lastvs": "3"}, {"firstvs": "4", "id": "10-04", "lastvs": "5"}, {"firstvs": "6", "id": "10-06", "lastvs": "7"}, {"firstvs": "8", "id": "10-08", "lastvs": "10"}, {"firstvs": "11", "id": "10-11", "lastvs": "13"}, {"firstvs": "14", "id": "10-14", "lastvs": "15"}, {"firstvs": "16", "id": "10-16", "lastvs": "17"}, {"firstvs": "18", "id": "10-18", "lastvs": "18"}, {"firstvs": "19", "id": "10-19", "lastvs": "19"}, {"firstvs": "20", "id": "10-20", "lastvs": "21"}, {"firstvs": "1", "id": "11-01", "lastvs": "3"}, {"firstvs": "4", "id": "11-04", "lastvs": "5"}, {"firstvs": "6", "id": "11-06", "lastvs": "8"}, {"firstvs": "9", "id": "11-09", "lastvs": "10"}, {"firstvs": "11", "id": "11-11", "lastvs": "12"}, {"firstvs": "13", "id": "11-13", "lastvs": "14"}, {"firstvs": "15", "id": "11-15", "lastvs": "16"}, {"firstvs": "17", "id": "11-17", "lastvs": "18"}, {"firstvs": "19", "id": "11-19", "lastvs": "21"}, {"firstvs": "22", "id": "11-22", "lastvs": "22"}, {"firstvs": "23", "id": "11-23", "lastvs": "24"}, {"firstvs": "25", "id": "11-25", "lastvs": "25"}, {"firstvs": "26", "id": "11-26", "lastvs": "27"}, {"firstvs": "28", "id": "11-28", "lastvs": "29"}, {"firstvs": "30", "id": "11-30", "lastvs": "32"}, {"firstvs": "33", "id": "11-33", "lastvs": "34"}, {"firstvs": "35", "id": "11-35", "lastvs": "36"}, {"firstvs": "1", "id": "12-01", "lastvs": "2"}, {"firstvs": "3", "id": "12-03", "lastvs": "3"}, {"firstvs": "4", "id": "12-04", "lastvs": "5"}, {"firstvs": "6", "id": "12-06", "lastvs": "8"}, {"firstvs": "9", "id": "12-09", "lastvs": "10"}, {"firstvs": "11", "id": "12-11", "lastvs": "13"}, {"firstvs": "14", "id": "12-14", "lastvs": "16"}, {"firstvs": "17", "id": "12-17", "lastvs": "18"}, {"firstvs": "19", "id": "12-19", "lastvs": "21"}, {"firstvs": "1", "id": "13-01", "lastvs": "2"}, {"firstvs": "3", "id": "13-03", "lastvs": "5"}, {"firstvs": "6", "id": "13-06", "lastvs": "7"}, {"firstvs": "8", "id": "13-08", "lastvs": "10"}, {"firstvs": "11", "id": "13-11", "lastvs": "12"}, {"firstvs": "13", "id": "13-13", "lastvs": "14"}, {"firstvs": "1", "id": "14-01", "lastvs": "2"}, {"firstvs": "3", "id": "14-03", "lastvs": "4"}, {"firstvs": "5", "id": "14-05", "lastvs": "6"}, {"firstvs": "7", "id": "14-07", "lastvs": "9"}, {"firstvs": "10", "id": "14-10", "lastvs": "11"}, {"firstvs": "12", "id": "14-12", "lastvs": "13"}, {"firstvs": "14", "id": "14-14", "lastvs": "15"}, {"firstvs": "16", "id": "14-16", "lastvs": "17"}, {"firstvs": "18", "id": "14-18", "lastvs": "19"}, {"firstvs": "20", "id": "14-20", "lastvs": "21"}, {"firstvs": "22", "id": "14-22", "lastvs": "23"}, {"firstvs": "1", "id": "15-01", "lastvs": "2"}, {"firstvs": "3", "id": "15-03", "lastvs": "4"}, {"firstvs": "5", "id": "15-05", "lastvs": "7"}, {"firstvs": "8", "id": "15-08", "lastvs": "9"}, {"firstvs": "10", "id": "15-10", "lastvs": "11"}, {"firstvs": "12", "id": "15-12", "lastvs": "12"}, {"firstvs": "13", "id": "15-13", "lastvs": "13"}, {"firstvs": "14", "id": "15-14", "lastvs": "14"}, {"firstvs": "15", "id": "15-15", "lastvs": "16"}, {"firstvs": "17", "id": "15-17", "lastvs": "19"}, {"firstvs": "20", "id": "15-20", "lastvs": "21"}, {"firstvs": "22", "id": "15-22", "lastvs": "23"}, {"firstvs": "24", "id": "15-24", "lastvs": "25"}, {"firstvs": "26", "id": "15-26", "lastvs": "27"}, {"firstvs": "28", "id": "15-28", "lastvs": "29"}, {"firstvs": "30", "id": "15-30", "lastvs": "32"}, {"firstvs": "33", "id": "15-33", "lastvs": "33"}, {"firstvs": "1", "id": "16-01", "lastvs": "2"}, {"firstvs": "3", "id": "16-03", "lastvs": "5"}, {"firstvs": "6", "id": "16-06", "lastvs": "8"}, {"firstvs": "9", "id": "16-09", "lastvs": "11"}, {"firstvs": "12", "id": "16-12", "lastvs": "14"}, {"firstvs": "15", "id": "16-15", "lastvs": "16"}, {"firstvs": "17", "id": "16-17", "lastvs": "18"}, {"firstvs": "19", "id": "16-19", "lastvs": "20"}, {"firstvs": "21", "id": "16-21", "lastvs": "22"}, {"firstvs": "23", "id": "16-23", "lastvs": "24"}, {"firstvs": "25", "id": "16-25", "lastvs": "26"}, {"firstvs": "27", "id": "16-00", "lastvs": "27"}]