[{"id": "01", "tn": [{"ref": "Maacah, the daughter of Uriel of Gibeah", "text": "(See: [[:en:ta:vol1:translate:translate_names]])"}]}, {"id": "04", "tn": [{"ref": "Mount Zemaraim", "text": "(See: [[:en:ta:vol1:translate:translate_names]])"}, {"ref": "Do you not know ... covenant?", "text": "AT: \"You know very well ... covenant.\" (See: [[:en:ta:vol1:translate:figs_rquestion]])"}]}, {"id": "06", "tn": [{"ref": "son of Nebat", "text": "(See: [[:en:ta:vol1:translate:translate_names]])"}, {"ref": "base fellows", "text": "AT: \"corrupt, immoral men\""}, {"ref": "gathered to him", "text": "AT: \"joined with Jeroboam\""}]}, {"id": "08", "tn": [{"ref": "the golden calves that Jeroboam made as gods", "text": "This is a reference to idols."}, {"ref": "Have you not driven ... Levites?", "text": "AT: \"You have driven ... Levites.\" (See: [[:en:ta:vol1:translate:figs_rquestion]])"}, {"ref": "Have you not made ... lands?", "text": "AT: \"You have made ... lands.\" (See: [[:en:ta:vol1:translate:figs_rquestion]])"}, {"ref": "Whoever comes to consecrate himself with a young bullock and seven rams may become a priest of what are no gods", "text": "AT: \"Anyone who offers a young bull and seven rams may become a priest of these golden calves that are not gods.\""}]}, {"id": "10", "tn": [{"ref": "who are at their work", "text": "AT: \"who are working\""}, {"ref": "the bread of the presence", "text": "The \"bread of the presence\" was a special kind of bread that was made as a symbol of God's presence and of his fellowship with his people."}, {"ref": "they also tend the lampstand", "text": "AT: \"they also take care of the lampstand\""}]}, {"id": "12", "tn": [{"ref": "do not fight against Yahweh", "text": "AT: \"do not rebel against Yahweh\" (See: [[:en:ta:vol1:translate:figs_metaphor]])"}]}, {"id": "13", "tn": [{"ref": "ambush behind them", "text": "AT: \"a surprise attack behind the army of Judah\""}, {"ref": "the ambush was behind them", "text": "AT: \"the surprise attack was behind the army of Judah\""}, {"ref": "cried out to Yahweh", "text": "AT: \"called out loudly to Yahweh\""}, {"ref": "it came about that God struck", "text": "AT: \"God struck\" (See: [[:en:ta:vol1:translate:figs_idiom]])"}]}, {"id": "16", "tn": [{"ref": "500,000", "text": "See: [[:en:ta:vol2:translate:translate_numbers]]"}]}, {"id": "19", "tn": [{"ref": "pursued", "text": "AT: \"chased after\""}, {"ref": "Jeshanah with its villages, and Ephron with its villages", "text": "Jeshanah and Ephron were villages that belonged to the kingdom of Israel. (See: [[:en:ta:vol1:translate:translate_names]])"}]}]