[{"firstvs": "1", "id": "01-01", "lastvs": "2"}, {"firstvs": "3", "id": "01-03", "lastvs": "4"}, {"firstvs": "5", "id": "01-05", "lastvs": "7"}, {"firstvs": "8", "id": "01-08", "lastvs": "10"}, {"firstvs": "11", "id": "01-11", "lastvs": "11"}, {"firstvs": "12", "id": "01-12", "lastvs": "14"}, {"firstvs": "15", "id": "01-15", "lastvs": "16"}, {"firstvs": "17", "id": "01-17", "lastvs": "18"}, {"firstvs": "19", "id": "01-19", "lastvs": "20"}, {"firstvs": "21", "id": "01-21", "lastvs": "22"}, {"firstvs": "23", "id": "01-23", "lastvs": "24"}, {"firstvs": "1", "id": "02-01", "lastvs": "2"}, {"firstvs": "3", "id": "02-03", "lastvs": "4"}, {"firstvs": "5", "id": "02-05", "lastvs": "7"}, {"firstvs": "8", "id": "02-08", "lastvs": "9"}, {"firstvs": "10", "id": "02-10", "lastvs": "11"}, {"firstvs": "12", "id": "02-12", "lastvs": "13"}, {"firstvs": "14", "id": "02-14", "lastvs": "15"}, {"firstvs": "16", "id": "02-16", "lastvs": "17"}, {"firstvs": "1", "id": "03-01", "lastvs": "3"}, {"firstvs": "4", "id": "03-04", "lastvs": "6"}, {"firstvs": "7", "id": "03-07", "lastvs": "8"}, {"firstvs": "9", "id": "03-09", "lastvs": "11"}, {"firstvs": "12", "id": "03-12", "lastvs": "13"}, {"firstvs": "14", "id": "03-14", "lastvs": "16"}, {"firstvs": "17", "id": "03-17", "lastvs": "18"}, {"firstvs": "1", "id": "04-01", "lastvs": "2"}, {"firstvs": "3", "id": "04-03", "lastvs": "4"}, {"firstvs": "5", "id": "04-05", "lastvs": "6"}, {"firstvs": "7", "id": "04-07", "lastvs": "10"}, {"firstvs": "11", "id": "04-11", "lastvs": "12"}, {"firstvs": "13", "id": "04-13", "lastvs": "15"}, {"firstvs": "16", "id": "04-16", "lastvs": "18"}, {"firstvs": "1", "id": "05-01", "lastvs": "3"}, {"firstvs": "4", "id": "05-04", "lastvs": "5"}, {"firstvs": "6", "id": "05-06", "lastvs": "8"}, {"firstvs": "9", "id": "05-09", "lastvs": "10"}, {"firstvs": "11", "id": "05-11", "lastvs": "12"}, {"firstvs": "13", "id": "05-13", "lastvs": "15"}, {"firstvs": "16", "id": "05-16", "lastvs": "17"}, {"firstvs": "18", "id": "05-18", "lastvs": "19"}, {"firstvs": "20", "id": "05-20", "lastvs": "21"}, {"firstvs": "1", "id": "06-01", "lastvs": "3"}, {"firstvs": "4", "id": "06-04", "lastvs": "7"}, {"firstvs": "8", "id": "06-08", "lastvs": "10"}, {"firstvs": "11", "id": "06-11", "lastvs": "13"}, {"firstvs": "14", "id": "06-14", "lastvs": "16"}, {"firstvs": "17", "id": "06-17", "lastvs": "18"}, {"firstvs": "1", "id": "07-01", "lastvs": "1"}, {"firstvs": "2", "id": "07-02", "lastvs": "4"}, {"firstvs": "5", "id": "07-05", "lastvs": "7"}, {"firstvs": "8", "id": "07-08", "lastvs": "10"}, {"firstvs": "11", "id": "07-11", "lastvs": "12"}, {"firstvs": "13", "id": "07-13", "lastvs": "14"}, {"firstvs": "15", "id": "07-15", "lastvs": "16"}, {"firstvs": "1", "id": "08-01", "lastvs": "2"}, {"firstvs": "3", "id": "08-03", "lastvs": "5"}, {"firstvs": "6", "id": "08-06", "lastvs": "7"}, {"firstvs": "8", "id": "08-08", "lastvs": "9"}, {"firstvs": "10", "id": "08-10", "lastvs": "12"}, {"firstvs": "13", "id": "08-13", "lastvs": "15"}, {"firstvs": "16", "id": "08-16", "lastvs": "17"}, {"firstvs": "18", "id": "08-18", "lastvs": "19"}, {"firstvs": "20", "id": "08-20", "lastvs": "21"}, {"firstvs": "22", "id": "08-22", "lastvs": "24"}, {"firstvs": "1", "id": "09-01", "lastvs": "2"}, {"firstvs": "3", "id": "09-03", "lastvs": "5"}, {"firstvs": "6", "id": "09-06", "lastvs": "7"}, {"firstvs": "8", "id": "09-08", "lastvs": "9"}, {"firstvs": "10", "id": "09-10", "lastvs": "11"}, {"firstvs": "12", "id": "09-12", "lastvs": "15"}, {"firstvs": "1", "id": "10-01", "lastvs": "2"}, {"firstvs": "3", "id": "10-03", "lastvs": "4"}, {"firstvs": "5", "id": "10-05", "lastvs": "6"}, {"firstvs": "7", "id": "10-07", "lastvs": "8"}, {"firstvs": "9", "id": "10-09", "lastvs": "10"}, {"firstvs": "11", "id": "10-11", "lastvs": "12"}, {"firstvs": "13", "id": "10-13", "lastvs": "14"}, {"firstvs": "15", "id": "10-15", "lastvs": "16"}, {"firstvs": "17", "id": "10-17", "lastvs": "18"}, {"firstvs": "1", "id": "11-01", "lastvs": "2"}, {"firstvs": "3", "id": "11-03", "lastvs": "4"}, {"firstvs": "5", "id": "11-05", "lastvs": "6"}, {"firstvs": "7", "id": "11-07", "lastvs": "9"}, {"firstvs": "10", "id": "11-10", "lastvs": "11"}, {"firstvs": "12", "id": "11-12", "lastvs": "13"}, {"firstvs": "14", "id": "11-14", "lastvs": "15"}, {"firstvs": "16", "id": "11-16", "lastvs": "18"}, {"firstvs": "19", "id": "11-19", "lastvs": "21"}, {"firstvs": "22", "id": "11-22", "lastvs": "23"}, {"firstvs": "24", "id": "11-24", "lastvs": "26"}, {"firstvs": "27", "id": "11-27", "lastvs": "29"}, {"firstvs": "30", "id": "11-30", "lastvs": "31"}, {"firstvs": "32", "id": "11-32", "lastvs": "33"}, {"firstvs": "1", "id": "12-01", "lastvs": "2"}, {"firstvs": "3", "id": "12-03", "lastvs": "5"}, {"firstvs": "6", "id": "12-06", "lastvs": "7"}, {"firstvs": "8", "id": "12-08", "lastvs": "10"}, {"firstvs": "11", "id": "12-11", "lastvs": "13"}, {"firstvs": "14", "id": "12-14", "lastvs": "15"}, {"firstvs": "16", "id": "12-16", "lastvs": "18"}, {"firstvs": "19", "id": "12-19", "lastvs": "19"}, {"firstvs": "20", "id": "12-20", "lastvs": "21"}, {"firstvs": "1", "id": "13-01", "lastvs": "2"}, {"firstvs": "3", "id": "13-03", "lastvs": "4"}, {"firstvs": "5", "id": "13-05", "lastvs": "6"}, {"firstvs": "7", "id": "13-07", "lastvs": "8"}, {"firstvs": "9", "id": "13-09", "lastvs": "10"}, {"firstvs": "11", "id": "13-11", "lastvs": "12"}, {"firstvs": "13", "id": "13-00", "lastvs": "14"}]