[{"id": "01", "tn": [{"ref": "Athaliah", "text": "(See: [[:en:ta:vol1:translate:translate_names]])"}, {"ref": "He also walked in the ways", "text": "See how you translated this in [[:en:bible:notes:2ch:20:31|20:32]]"}]}, {"id": "04", "tn": [{"ref": "in the sight of Yahweh", "text": "AT: \"in Yahweh's opinion\" (See: [[:en:ta:vol1:translate:figs_idiom]])"}, {"ref": "Hazael", "text": "(See: [[:en:ta:vol1:translate:translate_names]])"}]}, {"id": "07", "tn": [{"ref": "Nimshi", "text": "(See: [[:en:ta:vol1:translate:translate_names]])"}]}, {"id": "10", "tn": [{"ref": "Jehoshaba ... Jehoiada", "text": "men's names (See: [[:en:ta:vol1:translate:translate_names]])"}]}]