[{"id": "01", "tn": [{"ref": "cymbals", "text": "See how you translated this in [[:en:bible:notes:1ch:13:07|13:8]]."}, {"ref": "Heman ... Jeduthun", "text": "See how you translated these names in [[:en:bible:notes:1ch:16:40|1 Chronicles 16:41]]."}, {"ref": "Zaccur ... Mattithiah", "text": "These are the names of men. (See: [[:en:ta:vol1:translate:translate_names]])"}, {"ref": "six in all", "text": "\"6 in all\" (See: [[:en:ta:vol2:translate:translate_numbers]])"}]}, {"id": "04", "tn": [{"ref": "General Information:", "text": "This continues the list of leaders of the tabernacle work started in [[:en:bible:notes:1ch:25:01|1 Chronicles 25:2]]."}, {"ref": "Bukkiah ... Mahazioth", "text": "These are names of men. (See: [[:en:ta:vol1:translate:translate_names]])"}, {"ref": "Heman", "text": "See how you translated this in [[:en:bible:notes:1ch:16:40|1 Chronicles 16:41]]."}, {"ref": "fourteen sons and three daughters", "text": "\"14 sons and 3 daughters\" (See: [[:en:ta:vol2:translate:translate_numbers]])"}]}, {"id": "06", "tn": [{"ref": "cymbals", "text": "See how you translated this in [[:en:bible:notes:1ch:13:07|13:8]]."}, {"ref": "Jeduthun ... Heman", "text": "See how you translated these in [[:en:bible:notes:1ch:16:40|16:41]]."}, {"ref": "numbered 288", "text": "\"were two hundred eighty-eight men\" (See: [[:en:ta:vol2:translate:translate_numbers]])"}, {"ref": "all alike, the same for the young as well as the old, the teacher as well as the student", "text": "This is describing the extremes. AT: \"all of them\" (See: [[:en:ta:vol2:translate:figs_merism]])"}]}, {"id": "09", "tn": [{"ref": "General Information:", "text": "This begins the list of 24 lots that were cast to choose the order in which families would serve. This list ends in [[:en:bible:notes:1ch:25:29|1 Chronicles 25:31]]."}, {"ref": "the first ... fifth", "text": "This shows the order in which the families were chosen. AT: \"number 1 ... number 2 ... number 3 ... number 4 ... number 5\" or use \"the initial\" for \"the first\" and \"the next\" for all of the following ones. (See: [[:en:ta:vol2:translate:translate_ordinal]] and [[:en:ta:vol2:translate:translate_numbers]])"}, {"ref": "the first lot fell to Joseph's family", "text": "For all of the other people in the list, the text specifies that there were \"twelve persons in number.\" Since this is implied, you may want to add this the statement about Joseph, as the UDB does. AT: \"the first lot fell to Joseph's family, twelve persons in number\" (See: [[:en:ta:vol1:translate:figs_explicit]])"}, {"ref": "Joseph ... Zaccur ... Nethaniah", "text": "See how you translated these names in [[:en:bible:notes:1ch:25:01|1 Chronicles 25:2]]."}, {"ref": "Gedaliah", "text": "See how you translated these names in [[:en:bible:notes:1ch:25:01|1 Chronicles 25:3]]."}, {"ref": "twelve persons", "text": "\"12 people\" (See: [[:en:ta:vol2:translate:translate_numbers]])"}, {"ref": "Izri", "text": "This name is spelled Zeri in [[:en:bible:notes:1ch:25:01|1 Chronicles 25:3]]."}]}, {"id": "13", "tn": [{"ref": "General Information:", "text": "This continues the list begun in [[:en:bible:notes:1ch:25:09|1 Chronicles 25:9]]."}, {"ref": "sixth ... ninth", "text": "This shows the order in which the families were chosen. AT: \"number 6 ... number 7 ... number 8 ... number 9\" (See: [[:en:ta:vol2:translate:translate_ordinal]] and [[:en:ta:vol2:translate:translate_numbers]])"}, {"ref": "Bukkiah", "text": "See how you translated this in [[:en:bible:notes:1ch:25:04|1 Chronicles 25:4]]."}, {"ref": "twelve persons", "text": "\"12 people\" (See: [[:en:ta:vol2:translate:translate_numbers]])"}, {"ref": "Jesharelah", "text": "This is another spelling for \"Asharelah\" in [[:en:bible:notes:1ch:25:01|1 Chronicles 25:2]]."}, {"ref": "Jeshaiah", "text": "See how you translated this in [[:en:bible:notes:1ch:25:01|1 Chronicles 25:3]]."}, {"ref": "Mattaniah", "text": "See how you translated this in [[:en:bible:notes:1ch:25:04|1 Chronicles 25:4]]."}]}, {"id": "17", "tn": [{"ref": "General Information:", "text": "This continues the list begun in [[:en:bible:notes:1ch:25:09|1 Chronicles 25:9]]."}, {"ref": "tenth ... thirteenth", "text": "This shows the order in which the families were chosen. AT: \"number 10 ... number 11 ... number 12 ... number 13\" (See: [[:en:ta:vol2:translate:translate_ordinal]] and [[:en:ta:vol2:translate:translate_numbers]])"}, {"ref": "Shimei", "text": "See how you translated this in [[:en:bible:notes:1ch:25:01|1 Chronicles 25:3]]."}, {"ref": "twelve persons", "text": "\"12 people\" (See: [[:en:ta:vol2:translate:translate_numbers]])"}, {"ref": "Azarel", "text": "This is another spelling for \"Uzziel\" in [[:en:bible:notes:1ch:25:04|1 Chronicles 25:4]]."}, {"ref": "Hashabiah", "text": "See how you translated this in [[:en:bible:notes:1ch:25:01|1 Chronicles 25:3]]."}, {"ref": "Shubael", "text": "See how you translated this in [[:en:bible:notes:1ch:25:04|1 Chronicles 25:4]]."}]}, {"id": "21", "tn": [{"ref": "General Information:", "text": "This continues the list begun in [[:en:bible:notes:1ch:25:09|1 Chronicles 25:9]]."}, {"ref": "fourteenth ... seventeenth", "text": "This shows the order in which the families were chosen. AT: \"number 14 ... number 15 ... number 16 ... number 17\" (See: [[:en:ta:vol2:translate:translate_ordinal]] and [[:en:ta:vol2:translate:translate_numbers]])"}, {"ref": "Mattithiah", "text": "See how you translated this in [[:en:bible:notes:1ch:25:01|1 Chronicles 25:3]]."}, {"ref": "twelve persons", "text": "\"12 people\" (See: [[:en:ta:vol2:translate:translate_numbers]])"}, {"ref": "Jeremoth", "text": "This is another spelling for \"Uzziel\" in [[:en:bible:notes:1ch:25:04|1 Chronicles 25:4]]."}, {"ref": "Hananiah", "text": "See how you translated this in [[:en:bible:notes:1ch:25:04|1 Chronicles 25:4]]."}, {"ref": "Joshbekashah", "text": "See how you translated this in [[:en:bible:notes:1ch:25:04|1 Chronicles 25:4]]."}]}, {"id": "25", "tn": [{"ref": "General Information:", "text": "This continues the list begun in [[:en:bible:notes:1ch:25:09|1 Chronicles 25:9]]."}, {"ref": "eighteenth ... twenty-first", "text": "first** - This shows the order in which the families were chosen. \"number 18 ... number 19 ... number 20 ... number 21\" (See: [[:en:ta:vol2:translate:translate_ordinal]] and [[:en:ta:vol2:translate:translate_numbers]])"}, {"ref": "Hanani", "text": "See how you translated this in [[:en:bible:notes:1ch:25:04|1 Chronicles 25:4]]."}, {"ref": "twelve persons", "text": "\"12 people\" (See: [[:en:ta:vol2:translate:translate_numbers]])"}, {"ref": "Mallothi", "text": "See how you translated this in [[:en:bible:notes:1ch:25:04|1 Chronicles 25:4]]."}, {"ref": "Eliathah", "text": "See how you translated this in [[:en:bible:notes:1ch:25:04|1 Chronicles 25:4]]."}, {"ref": "Hothir", "text": "See how you translated this in [[:en:bible:notes:1ch:25:04|1 Chronicles 25:4]]."}]}, {"id": "29", "tn": [{"ref": "General Information:", "text": "This concludes the list begun in [[:en:bible:notes:1ch:25:09|1 Chronicles 25:9]]."}, {"ref": "twenty-second ... twenty-fourth", "text": "second ... twenty-fourth** - This shows the order in which the families were chosen. \"number 22 ... number 23 ... number 24\" (See: [[:en:ta:vol2:translate:translate_ordinal]] and [[:en:ta:vol2:translate:translate_numbers]])"}, {"ref": "Giddalti", "text": "See how you translated this in [[:en:bible:notes:1ch:25:04|1 Chronicles 25:4]]."}, {"ref": "twelve persons", "text": "\"12 people\" (See: [[:en:ta:vol2:translate:translate_numbers]])"}, {"ref": "Mahazioth", "text": "See how you translated this in [[:en:bible:notes:1ch:25:04|1 Chronicles 25:4]]."}, {"ref": "Romamti Ezer", "text": "See how you translated this in [[:en:bible:notes:1ch:25:04|1 Chronicles 25:4]]."}]}]