[{"firstvs": "1", "id": "01-01", "lastvs": "3"}, {"firstvs": "4", "id": "01-04", "lastvs": "5"}, {"firstvs": "6", "id": "01-06", "lastvs": "8"}, {"firstvs": "9", "id": "01-09", "lastvs": "11"}, {"firstvs": "12", "id": "01-12", "lastvs": "13"}, {"firstvs": "14", "id": "01-14", "lastvs": "16"}, {"firstvs": "17", "id": "01-17", "lastvs": "18"}, {"firstvs": "19", "id": "01-19", "lastvs": "21"}, {"firstvs": "22", "id": "01-22", "lastvs": "25"}, {"firstvs": "26", "id": "01-26", "lastvs": "27"}, {"firstvs": "1", "id": "02-01", "lastvs": "4"}, {"firstvs": "5", "id": "02-05", "lastvs": "7"}, {"firstvs": "8", "id": "02-08", "lastvs": "9"}, {"firstvs": "10", "id": "02-10", "lastvs": "11"}, {"firstvs": "12", "id": "02-12", "lastvs": "13"}, {"firstvs": "14", "id": "02-14", "lastvs": "17"}, {"firstvs": "18", "id": "02-18", "lastvs": "20"}, {"firstvs": "21", "id": "02-21", "lastvs": "24"}, {"firstvs": "25", "id": "02-25", "lastvs": "26"}, {"firstvs": "1", "id": "03-01", "lastvs": "2"}, {"firstvs": "3", "id": "03-03", "lastvs": "4"}, {"firstvs": "5", "id": "03-05", "lastvs": "6"}, {"firstvs": "7", "id": "03-07", "lastvs": "8"}, {"firstvs": "9", "id": "03-09", "lastvs": "10"}, {"firstvs": "11", "id": "03-11", "lastvs": "12"}, {"firstvs": "13", "id": "03-13", "lastvs": "14"}, {"firstvs": "15", "id": "03-15", "lastvs": "18"}, {"firstvs": "1", "id": "04-01", "lastvs": "3"}, {"firstvs": "4", "id": "04-04", "lastvs": "5"}, {"firstvs": "6", "id": "04-06", "lastvs": "7"}, {"firstvs": "8", "id": "04-08", "lastvs": "10"}, {"firstvs": "11", "id": "04-11", "lastvs": "12"}, {"firstvs": "13", "id": "04-13", "lastvs": "14"}, {"firstvs": "15", "id": "04-15", "lastvs": "17"}, {"firstvs": "1", "id": "05-01", "lastvs": "3"}, {"firstvs": "4", "id": "05-04", "lastvs": "6"}, {"firstvs": "7", "id": "05-07", "lastvs": "8"}, {"firstvs": "9", "id": "05-09", "lastvs": "11"}, {"firstvs": "12", "id": "05-12", "lastvs": "12"}, {"firstvs": "13", "id": "05-13", "lastvs": "15"}, {"firstvs": "16", "id": "05-16", "lastvs": "18"}, {"firstvs": "19", "id": "05-00", "lastvs": "20"}]