[{"id": "01", "tn": [{"ref": "Abijah", "text": "This is a woman's name. (See: [[:en:ta:vol1:translate:translate_names]])"}, {"ref": "He did what was right in the eyes of Yahweh", "text": "See how you translated this in [[:en:bible:notes:2ch:14:01|14:1]]."}]}, {"id": "03", "tn": [{"ref": "in the first month", "text": "This is the first month of the Hebrew calendar. It is during the last part of March and the first part April on Western calendars. (See: [[:en:ta:vol2:translate:translate_hebrewmonths]] and [[:en:ta:vol2:translate:translate_ordinal]])"}, {"ref": "carry away the filthiness", "text": "AT: \"remove uncleanliness\" or \"remove the dirtiness\""}]}, {"id": "06", "tn": [{"ref": "did what was evil in the sight of Yahweh", "text": "See how you translated this in [[:en:bible:notes:2ch:21:06|21:6]]"}, {"ref": "where Yahweh lives", "text": "See how you translated this in [[:en:bible:notes:2ch:18:12|18:13]]"}]}, {"id": "08", "tn": [{"ref": "terror, of horror, and of scorn", "text": "(See: [[:en:ta:vol2:translate:figs_parallelism]])"}, {"ref": "as you can see with your own eyes", "text": "AT: \"as you can see for yourselves\" (See: [[:en:ta:vol2:translate:figs_metonymy]])"}, {"ref": "This is why our fathers have fallen by the sword", "text": "AT: \"This is why our fathers have been killed in war.\" (See: [[:en:ta:vol2:translate:figs_euphemism]])"}]}, {"id": "10", "tn": [{"ref": "his fierce anger may turn away from us", "text": "AT: \"he may not act on his anger toward us\" (See: [[:en:ta:vol2:translate:figs_personification]])"}]}, {"id": "12", "tn": [{"ref": "General Information:", "text": "See: [[:en:ta:vol1:translate:translate_names]]"}]}, {"id": "15", "tn": [{"ref": "brook Kidron", "text": "A smallbody of water that flows on the east side of Jerusalem. At times it was used as a trash dump. (See: [[:en:ta:vol1:translate:translate_names]])"}, {"ref": "the first day of the first month", "text": "This is the first month of the Hebrew calendar. The first day marks the day when Yahweh brought the people out of Egypt. This is near the middle of March on Western calendars. (See: [[:en:ta:vol2:translate:translate_hebrewmonths]] and [[:en:ta:vol2:translate:translate_ordinal]])"}, {"ref": "the eighth day of the month", "text": "This is near the end of March on Western calendars. (See: [[:en:ta:vol2:translate:translate_hebrewmonths]] and [[:en:ta:vol2:translate:translate_ordinal]])"}, {"ref": "sixteenth day of the first month", "text": "This is near the beginning of April on Western calendars. (See: [[:en:ta:vol2:translate:translate_hebrewmonths]] and [[:en:ta:vol2:translate:translate_ordinal]])"}]}, {"id": "18", "tn": [{"ref": "during his reign", "text": "AT: \"during the time when he reigned\""}]}, {"id": "25", "tn": [{"ref": "cymbals", "text": "See how you translated this in [[:en:bible:notes:2ch:05:11|5:12]]."}]}, {"id": "31", "tn": [{"ref": "thank offerings", "text": "These were offerings of thanksgiving."}, {"ref": "who had a willing heart", "text": "AT: \"who desired\""}]}, {"id": "32", "tn": [{"ref": "General Information:", "text": "See: [[:en:ta:vol2:translate:translate_numbers]]"}]}, {"id": "34", "tn": [{"ref": "had been more careful to consecrate themselves", "text": "AT: \"had been more careful to follow the rules for purifying themselves\" (See: [[:en:ta:vol2:translate:figs_ellipsis]])"}]}, {"id": "35", "tn": [{"ref": "they were performed with the fat of the fellowship offerings", "text": "AT: \"the priests burned the fat of the accompanying animals that were sacrificed to maintain good fellowship with Yahweh; \" (UDB)"}, {"ref": "set in order", "text": "AT: \"reestablished by the priests according to the rules \""}]}]