[{"firstvs": "1", "id": "01-01", "lastvs": "3"}, {"firstvs": "4", "id": "01-04", "lastvs": "5"}, {"firstvs": "6", "id": "01-06", "lastvs": "7"}, {"firstvs": "8", "id": "01-08", "lastvs": "10"}, {"firstvs": "11", "id": "01-11", "lastvs": "13"}, {"firstvs": "14", "id": "01-14", "lastvs": "15"}, {"firstvs": "16", "id": "01-16", "lastvs": "17"}, {"firstvs": "18", "id": "01-18", "lastvs": "19"}, {"firstvs": "20", "id": "01-20", "lastvs": "21"}, {"firstvs": "22", "id": "01-22", "lastvs": "24"}, {"firstvs": "25", "id": "01-25", "lastvs": "26"}, {"firstvs": "27", "id": "01-27", "lastvs": "28"}, {"firstvs": "29", "id": "01-29", "lastvs": "29"}, {"firstvs": "30", "id": "01-30", "lastvs": "30"}, {"firstvs": "31", "id": "01-31", "lastvs": "32"}, {"firstvs": "33", "id": "01-33", "lastvs": "33"}, {"firstvs": "34", "id": "01-34", "lastvs": "36"}, {"firstvs": "1", "id": "02-01", "lastvs": "2"}, {"firstvs": "3", "id": "02-03", "lastvs": "5"}, {"firstvs": "6", "id": "02-06", "lastvs": "8"}, {"firstvs": "9", "id": "02-09", "lastvs": "10"}, {"firstvs": "11", "id": "02-11", "lastvs": "13"}, {"firstvs": "14", "id": "02-14", "lastvs": "15"}, {"firstvs": "16", "id": "02-16", "lastvs": "17"}, {"firstvs": "18", "id": "02-18", "lastvs": "19"}, {"firstvs": "20", "id": "02-20", "lastvs": "23"}, {"firstvs": "1", "id": "03-01", "lastvs": "3"}, {"firstvs": "4", "id": "03-04", "lastvs": "6"}, {"firstvs": "7", "id": "03-07", "lastvs": "8"}, {"firstvs": "9", "id": "03-09", "lastvs": "11"}, {"firstvs": "12", "id": "03-12", "lastvs": "14"}, {"firstvs": "15", "id": "03-15", "lastvs": "15"}, {"firstvs": "16", "id": "03-16", "lastvs": "18"}, {"firstvs": "19", "id": "03-19", "lastvs": "20"}, {"firstvs": "21", "id": "03-21", "lastvs": "23"}, {"firstvs": "24", "id": "03-24", "lastvs": "25"}, {"firstvs": "26", "id": "03-26", "lastvs": "27"}, {"firstvs": "28", "id": "03-28", "lastvs": "30"}, {"firstvs": "31", "id": "03-31", "lastvs": "31"}, {"firstvs": "1", "id": "04-01", "lastvs": "3"}, {"firstvs": "4", "id": "04-04", "lastvs": "5"}, {"firstvs": "6", "id": "04-06", "lastvs": "7"}, {"firstvs": "8", "id": "04-08", "lastvs": "9"}, {"firstvs": "10", "id": "04-10", "lastvs": "10"}, {"firstvs": "11", "id": "04-11", "lastvs": "11"}, {"firstvs": "12", "id": "04-12", "lastvs": "13"}, {"firstvs": "14", "id": "04-14", "lastvs": "14"}, {"firstvs": "15", "id": "04-15", "lastvs": "16"}, {"firstvs": "17", "id": "04-17", "lastvs": "18"}, {"firstvs": "19", "id": "04-19", "lastvs": "20"}, {"firstvs": "21", "id": "04-21", "lastvs": "22"}, {"firstvs": "23", "id": "04-23", "lastvs": "24"}, {"firstvs": "1", "id": "05-01", "lastvs": "2"}, {"firstvs": "3", "id": "05-03", "lastvs": "4"}, {"firstvs": "5", "id": "05-05", "lastvs": "6"}, {"firstvs": "7", "id": "05-07", "lastvs": "8"}, {"firstvs": "9", "id": "05-09", "lastvs": "10"}, {"firstvs": "11", "id": "05-11", "lastvs": "11"}, {"firstvs": "12", "id": "05-12", "lastvs": "13"}, {"firstvs": "14", "id": "05-14", "lastvs": "14"}, {"firstvs": "15", "id": "05-15", "lastvs": "15"}, {"firstvs": "16", "id": "05-16", "lastvs": "16"}, {"firstvs": "17", "id": "05-17", "lastvs": "18"}, {"firstvs": "19", "id": "05-19", "lastvs": "20"}, {"firstvs": "21", "id": "05-21", "lastvs": "22"}, {"firstvs": "23", "id": "05-23", "lastvs": "23"}, {"firstvs": "24", "id": "05-24", "lastvs": "25"}, {"firstvs": "26", "id": "05-26", "lastvs": "27"}, {"firstvs": "28", "id": "05-28", "lastvs": "28"}, {"firstvs": "29", "id": "05-29", "lastvs": "30"}, {"firstvs": "31", "id": "05-31", "lastvs": "31"}, {"firstvs": "1", "id": "06-01", "lastvs": "2"}, {"firstvs": "3", "id": "06-03", "lastvs": "4"}, {"firstvs": "5", "id": "06-05", "lastvs": "6"}, {"firstvs": "7", "id": "06-07", "lastvs": "8"}, {"firstvs": "9", "id": "06-09", "lastvs": "10"}, {"firstvs": "11", "id": "06-11", "lastvs": "12"}, {"firstvs": "13", "id": "06-13", "lastvs": "13"}, {"firstvs": "14", "id": "06-14", "lastvs": "15"}, {"firstvs": "16", "id": "06-16", "lastvs": "18"}, {"firstvs": "19", "id": "06-19", "lastvs": "20"}, {"firstvs": "21", "id": "06-21", "lastvs": "21"}, {"firstvs": "22", "id": "06-22", "lastvs": "24"}, {"firstvs": "25", "id": "06-25", "lastvs": "26"}, {"firstvs": "27", "id": "06-27", "lastvs": "27"}, {"firstvs": "28", "id": "06-28", "lastvs": "29"}, {"firstvs": "30", "id": "06-30", "lastvs": "30"}, {"firstvs": "31", "id": "06-31", "lastvs": "32"}, {"firstvs": "33", "id": "06-33", "lastvs": "33"}, {"firstvs": "34", "id": "06-34", "lastvs": "35"}, {"firstvs": "36", "id": "06-36", "lastvs": "37"}, {"firstvs": "38", "id": "06-38", "lastvs": "38"}, {"firstvs": "39", "id": "06-39", "lastvs": "40"}, {"firstvs": "1", "id": "07-01", "lastvs": "1"}, {"firstvs": "2", "id": "07-02", "lastvs": "3"}, {"firstvs": "4", "id": "07-04", "lastvs": "4"}, {"firstvs": "5", "id": "07-05", "lastvs": "6"}, {"firstvs": "7", "id": "07-07", "lastvs": "8"}, {"firstvs": "9", "id": "07-09", "lastvs": "11"}, {"firstvs": "12", "id": "07-12", "lastvs": "12"}, {"firstvs": "13", "id": "07-13", "lastvs": "14"}, {"firstvs": "15", "id": "07-15", "lastvs": "16"}, {"firstvs": "17", "id": "07-17", "lastvs": "18"}, {"firstvs": "19", "id": "07-19", "lastvs": "19"}, {"firstvs": "20", "id": "07-20", "lastvs": "21"}, {"firstvs": "22", "id": "07-22", "lastvs": "23"}, {"firstvs": "24", "id": "07-24", "lastvs": "25"}, {"firstvs": "1", "id": "08-01", "lastvs": "1"}, {"firstvs": "2", "id": "08-02", "lastvs": "3"}, {"firstvs": "4", "id": "08-04", "lastvs": "5"}, {"firstvs": "6", "id": "08-06", "lastvs": "7"}, {"firstvs": "8", "id": "08-08", "lastvs": "9"}, {"firstvs": "10", "id": "08-10", "lastvs": "10"}, {"firstvs": "11", "id": "08-11", "lastvs": "12"}, {"firstvs": "13", "id": "08-13", "lastvs": "14"}, {"firstvs": "15", "id": "08-15", "lastvs": "17"}, {"firstvs": "18", "id": "08-18", "lastvs": "19"}, {"firstvs": "20", "id": "08-20", "lastvs": "21"}, {"firstvs": "22", "id": "08-22", "lastvs": "23"}, {"firstvs": "24", "id": "08-24", "lastvs": "25"}, {"firstvs": "26", "id": "08-26", "lastvs": "26"}, {"firstvs": "27", "id": "08-27", "lastvs": "28"}, {"firstvs": "29", "id": "08-29", "lastvs": "31"}, {"firstvs": "32", "id": "08-32", "lastvs": "33"}, {"firstvs": "34", "id": "08-34", "lastvs": "35"}, {"firstvs": "1", "id": "09-01", "lastvs": "2"}, {"firstvs": "3", "id": "09-03", "lastvs": "4"}, {"firstvs": "5", "id": "09-05", "lastvs": "6"}, {"firstvs": "7", "id": "09-07", "lastvs": "8"}, {"firstvs": "9", "id": "09-09", "lastvs": "11"}, {"firstvs": "12", "id": "09-12", "lastvs": "14"}, {"firstvs": "15", "id": "09-15", "lastvs": "16"}, {"firstvs": "17", "id": "09-17", "lastvs": "18"}, {"firstvs": "19", "id": "09-19", "lastvs": "21"}, {"firstvs": "22", "id": "09-22", "lastvs": "24"}, {"firstvs": "25", "id": "09-25", "lastvs": "25"}, {"firstvs": "26", "id": "09-26", "lastvs": "27"}, {"firstvs": "28", "id": "09-28", "lastvs": "29"}, {"firstvs": "30", "id": "09-30", "lastvs": "31"}, {"firstvs": "32", "id": "09-32", "lastvs": "33"}, {"firstvs": "34", "id": "09-34", "lastvs": "35"}, {"firstvs": "36", "id": "09-36", "lastvs": "37"}, {"firstvs": "38", "id": "09-38", "lastvs": "40"}, {"firstvs": "41", "id": "09-41", "lastvs": "43"}, {"firstvs": "44", "id": "09-44", "lastvs": "45"}, {"firstvs": "46", "id": "09-46", "lastvs": "47"}, {"firstvs": "48", "id": "09-48", "lastvs": "49"}, {"firstvs": "50", "id": "09-50", "lastvs": "51"}, {"firstvs": "52", "id": "09-52", "lastvs": "54"}, {"firstvs": "55", "id": "09-55", "lastvs": "57"}, {"firstvs": "1", "id": "10-01", "lastvs": "2"}, {"firstvs": "3", "id": "10-03", "lastvs": "5"}, {"firstvs": "6", "id": "10-06", "lastvs": "7"}, {"firstvs": "8", "id": "10-08", "lastvs": "9"}, {"firstvs": "10", "id": "10-10", "lastvs": "12"}, {"firstvs": "13", "id": "10-13", "lastvs": "14"}, {"firstvs": "15", "id": "10-15", "lastvs": "16"}, {"firstvs": "17", "id": "10-17", "lastvs": "18"}, {"firstvs": "1", "id": "11-01", "lastvs": "3"}, {"firstvs": "4", "id": "11-04", "lastvs": "6"}, {"firstvs": "7", "id": "11-07", "lastvs": "8"}, {"firstvs": "9", "id": "11-09", "lastvs": "11"}, {"firstvs": "12", "id": "11-12", "lastvs": "13"}, {"firstvs": "14", "id": "11-14", "lastvs": "16"}, {"firstvs": "17", "id": "11-17", "lastvs": "18"}, {"firstvs": "19", "id": "11-19", "lastvs": "20"}, {"firstvs": "21", "id": "11-21", "lastvs": "22"}, {"firstvs": "23", "id": "11-23", "lastvs": "25"}, {"firstvs": "26", "id": "11-26", "lastvs": "28"}, {"firstvs": "29", "id": "11-29", "lastvs": "31"}, {"firstvs": "32", "id": "11-32", "lastvs": "33"}, {"firstvs": "34", "id": "11-34", "lastvs": "35"}, {"firstvs": "36", "id": "11-36", "lastvs": "37"}, {"firstvs": "38", "id": "11-38", "lastvs": "40"}, {"firstvs": "1", "id": "12-01", "lastvs": "2"}, {"firstvs": "3", "id": "12-03", "lastvs": "4"}, {"firstvs": "5", "id": "12-05", "lastvs": "6"}, {"firstvs": "7", "id": "12-07", "lastvs": "7"}, {"firstvs": "8", "id": "12-08", "lastvs": "9"}, {"firstvs": "10", "id": "12-10", "lastvs": "12"}, {"firstvs": "13", "id": "12-13", "lastvs": "15"}, {"firstvs": "1", "id": "13-01", "lastvs": "2"}, {"firstvs": "3", "id": "13-03", "lastvs": "5"}, {"firstvs": "6", "id": "13-06", "lastvs": "7"}, {"firstvs": "8", "id": "13-08", "lastvs": "9"}, {"firstvs": "10", "id": "13-10", "lastvs": "11"}, {"firstvs": "12", "id": "13-12", "lastvs": "14"}, {"firstvs": "15", "id": "13-15", "lastvs": "16"}, {"firstvs": "17", "id": "13-17", "lastvs": "18"}, {"firstvs": "19", "id": "13-19", "lastvs": "20"}, {"firstvs": "21", "id": "13-21", "lastvs": "22"}, {"firstvs": "23", "id": "13-23", "lastvs": "23"}, {"firstvs": "24", "id": "13-24", "lastvs": "25"}, {"firstvs": "1", "id": "14-01", "lastvs": "2"}, {"firstvs": "3", "id": "14-03", "lastvs": "4"}, {"firstvs": "5", "id": "14-05", "lastvs": "6"}, {"firstvs": "7", "id": "14-07", "lastvs": "9"}, {"firstvs": "10", "id": "14-10", "lastvs": "11"}, {"firstvs": "12", "id": "14-12", "lastvs": "13"}, {"firstvs": "14", "id": "14-14", "lastvs": "14"}, {"firstvs": "15", "id": "14-15", "lastvs": "15"}, {"firstvs": "16", "id": "14-16", "lastvs": "17"}, {"firstvs": "18", "id": "14-18", "lastvs": "18"}, {"firstvs": "19", "id": "14-19", "lastvs": "20"}, {"firstvs": "1", "id": "15-01", "lastvs": "2"}, {"firstvs": "3", "id": "15-03", "lastvs": "4"}, {"firstvs": "5", "id": "15-05", "lastvs": "6"}, {"firstvs": "7", "id": "15-07", "lastvs": "8"}, {"firstvs": "9", "id": "15-09", "lastvs": "10"}, {"firstvs": "11", "id": "15-11", "lastvs": "11"}, {"firstvs": "12", "id": "15-12", "lastvs": "13"}, {"firstvs": "14", "id": "15-14", "lastvs": "14"}, {"firstvs": "15", "id": "15-15", "lastvs": "16"}, {"firstvs": "17", "id": "15-17", "lastvs": "18"}, {"firstvs": "19", "id": "15-19", "lastvs": "20"}, {"firstvs": "1", "id": "16-01", "lastvs": "2"}, {"firstvs": "3", "id": "16-03", "lastvs": "3"}, {"firstvs": "4", "id": "16-04", "lastvs": "5"}, {"firstvs": "6", "id": "16-06", "lastvs": "7"}, {"firstvs": "8", "id": "16-08", "lastvs": "9"}, {"firstvs": "10", "id": "16-10", "lastvs": "12"}, {"firstvs": "13", "id": "16-13", "lastvs": "14"}, {"firstvs": "15", "id": "16-15", "lastvs": "16"}, {"firstvs": "17", "id": "16-17", "lastvs": "17"}, {"firstvs": "18", "id": "16-18", "lastvs": "19"}, {"firstvs": "20", "id": "16-20", "lastvs": "22"}, {"firstvs": "23", "id": "16-23", "lastvs": "24"}, {"firstvs": "25", "id": "16-25", "lastvs": "26"}, {"firstvs": "27", "id": "16-27", "lastvs": "27"}, {"firstvs": "28", "id": "16-28", "lastvs": "29"}, {"firstvs": "30", "id": "16-30", "lastvs": "31"}, {"firstvs": "1", "id": "17-01", "lastvs": "2"}, {"firstvs": "3", "id": "17-03", "lastvs": "4"}, {"firstvs": "5", "id": "17-05", "lastvs": "6"}, {"firstvs": "7", "id": "17-07", "lastvs": "9"}, {"firstvs": "10", "id": "17-10", "lastvs": "11"}, {"firstvs": "12", "id": "17-12", "lastvs": "13"}, {"firstvs": "1", "id": "18-01", "lastvs": "2"}, {"firstvs": "3", "id": "18-03", "lastvs": "4"}, {"firstvs": "5", "id": "18-05", "lastvs": "6"}, {"firstvs": "7", "id": "18-07", "lastvs": "8"}, {"firstvs": "9", "id": "18-09", "lastvs": "10"}, {"firstvs": "11", "id": "18-11", "lastvs": "12"}, {"firstvs": "13", "id": "18-13", "lastvs": "14"}, {"firstvs": "15", "id": "18-15", "lastvs": "16"}, {"firstvs": "17", "id": "18-17", "lastvs": "18"}, {"firstvs": "19", "id": "18-19", "lastvs": "20"}, {"firstvs": "21", "id": "18-21", "lastvs": "23"}, {"firstvs": "24", "id": "18-24", "lastvs": "26"}, {"firstvs": "27", "id": "18-27", "lastvs": "29"}, {"firstvs": "30", "id": "18-30", "lastvs": "31"}, {"firstvs": "1", "id": "19-01", "lastvs": "2"}, {"firstvs": "3", "id": "19-03", "lastvs": "4"}, {"firstvs": "5", "id": "19-05", "lastvs": "6"}, {"firstvs": "7", "id": "19-07", "lastvs": "8"}, {"firstvs": "9", "id": "19-09", "lastvs": "9"}, {"firstvs": "10", "id": "19-10", "lastvs": "11"}, {"firstvs": "12", "id": "19-12", "lastvs": "13"}, {"firstvs": "14", "id": "19-14", "lastvs": "15"}, {"firstvs": "16", "id": "19-16", "lastvs": "17"}, {"firstvs": "18", "id": "19-18", "lastvs": "19"}, {"firstvs": "20", "id": "19-20", "lastvs": "21"}, {"firstvs": "22", "id": "19-22", "lastvs": "23"}, {"firstvs": "24", "id": "19-24", "lastvs": "26"}, {"firstvs": "27", "id": "19-27", "lastvs": "28"}, {"firstvs": "29", "id": "19-29", "lastvs": "30"}, {"firstvs": "1", "id": "20-01", "lastvs": "2"}, {"firstvs": "3", "id": "20-03", "lastvs": "4"}, {"firstvs": "5", "id": "20-05", "lastvs": "7"}, {"firstvs": "8", "id": "20-08", "lastvs": "9"}, {"firstvs": "10", "id": "20-10", "lastvs": "11"}, {"firstvs": "12", "id": "20-12", "lastvs": "14"}, {"firstvs": "15", "id": "20-15", "lastvs": "16"}, {"firstvs": "17", "id": "20-17", "lastvs": "18"}, {"firstvs": "19", "id": "20-19", "lastvs": "21"}, {"firstvs": "22", "id": "20-22", "lastvs": "23"}, {"firstvs": "24", "id": "20-24", "lastvs": "25"}, {"firstvs": "26", "id": "20-26", "lastvs": "26"}, {"firstvs": "27", "id": "20-27", "lastvs": "28"}, {"firstvs": "29", "id": "20-29", "lastvs": "30"}, {"firstvs": "31", "id": "20-31", "lastvs": "31"}, {"firstvs": "32", "id": "20-32", "lastvs": "33"}, {"firstvs": "34", "id": "20-34", "lastvs": "35"}, {"firstvs": "36", "id": "20-36", "lastvs": "38"}, {"firstvs": "39", "id": "20-39", "lastvs": "39"}, {"firstvs": "40", "id": "20-40", "lastvs": "41"}, {"firstvs": "42", "id": "20-42", "lastvs": "42"}, {"firstvs": "43", "id": "20-43", "lastvs": "44"}, {"firstvs": "45", "id": "20-45", "lastvs": "46"}, {"firstvs": "47", "id": "20-47", "lastvs": "48"}, {"firstvs": "1", "id": "21-01", "lastvs": "3"}, {"firstvs": "4", "id": "21-04", "lastvs": "5"}, {"firstvs": "6", "id": "21-06", "lastvs": "7"}, {"firstvs": "8", "id": "21-08", "lastvs": "10"}, {"firstvs": "11", "id": "21-11", "lastvs": "12"}, {"firstvs": "13", "id": "21-13", "lastvs": "15"}, {"firstvs": "16", "id": "21-16", "lastvs": "17"}, {"firstvs": "18", "id": "21-18", "lastvs": "19"}, {"firstvs": "20", "id": "21-20", "lastvs": "21"}, {"firstvs": "22", "id": "21-22", "lastvs": "22"}, {"firstvs": "23", "id": "21-23", "lastvs": "24"}, {"firstvs": "25", "id": "21-00", "lastvs": "25"}]