[{"id": "01", "tn": [{"ref": "Moabites, Ammonites, Edomites, Sidonians, and Hittites", "text": "These are names of people groups. (See: [[:en:ta:vol1:translate:translate_names]])"}, {"ref": "Now King Solomon", "text": "The word \"Now\" is used here to mark a break in the main storyline where the narrator starts to tell a new part of the story."}, {"ref": "turn your heart to their gods", "text": "To \"turn someone's heart\" is to convince that person to change his affection. AT: \"persuade you to worship the gods that they worship\" (UDB) (See: [[:en:ta:vol2:translate:figs_metonymy]] and [[:en:ta:vol1:translate:figs_idiom]])"}]}, {"id": "03", "tn": [{"ref": "seven hundred royal wives and three hundred concubines", "text": "\"700 royal wives and 300 concubines\" (See: [[:en:ta:vol2:translate:translate_numbers]])"}, {"ref": "turned his heart away", "text": "To \"turn someone's heart\" is to convince that person to change his affection. AT: \"turned his heart away from Yahweh\" or \"persuaded him to stop worshiping Yahweh\" (See: [[:en:ta:vol1:translate:figs_explicit]] and [[:en:ta:vol2:translate:figs_metonymy]])"}, {"ref": "his heart was not fully surrendered ... as was the heart of David", "text": "To \"surrender\" your heart refers to giving total allegiance and affection. AT: \"he was not fully devoted ... as was David\" (See: [[:en:ta:vol2:translate:figs_metonymy]])"}]}, {"id": "05", "tn": [{"ref": "Ashtoreth ... Milcom", "text": "These are the names of false gods. (See: [[:en:ta:vol1:translate:translate_names]])"}, {"ref": "Sidonians", "text": "This is the name of a people group. (See: [[:en:ta:vol1:translate:translate_names]])"}, {"ref": "what was evil in the sight of Yahweh", "text": "The phrase, \"in the sight of\" refers to someone's opinion. AT: \"what Yahweh considered to be evil\" (See: [[:en:ta:vol1:translate:figs_metaphor]])"}, {"ref": "he followed Milcom", "text": "\"Milcom\" is perhaps another name for the idol \"Molech.\" (See: [[:en:ta:vol1:translate:translate_names]])"}]}, {"id": "07", "tn": [{"ref": "Chemosh ... Molech", "text": "These are the names of false gods. (See: [[:en:ta:vol1:translate:translate_names]])"}, {"ref": "sacrificed to their gods at them", "text": "Here the words \"at them\" refer to the shrines that Solomon built."}]}, {"id": "09", "tn": [{"ref": "his heart had turned away from him", "text": "The words \"his heart had turned\" refer to his having changed allegiance and affection. AT: \"Solomon had stopped worshiping Yahweh\" (See: [[:en:ta:vol1:translate:figs_idiom]] and [[:en:ta:vol2:translate:figs_metonymy]])"}, {"ref": "he had appeared to him twice", "text": "\"Yahweh had appeared to Solomon twice\""}]}, {"id": "11", "tn": [{"ref": "tear the kingdom from you", "text": "To \"tear from\" is to forcefully remove. This is like a person tears apart a piece of cloth. AT: \"forcefully take the kingdom from you\" (See: [[:en:ta:vol1:translate:figs_metaphor]])"}, {"ref": "the hand of your son", "text": "The word \"hand\" refers to control, authority and power. AT: \"your son's control\" (See: [[:en:ta:vol2:translate:figs_metonymy]])"}]}, {"id": "14", "tn": [{"ref": "Hadad", "text": "This is the name of a man. (See: [[:en:ta:vol1:translate:translate_names]])"}, {"ref": "When David was in Edom ... since Hadad was still a little child", "text": "This is background material that happened long before."}, {"ref": "Joab and all Israel", "text": "The words \"all Israel\" refer to the army of Israel. AT: \"Joab and all of the Israelite army\" (See: [[:en:ta:vol2:translate:figs_synecdoche]])"}, {"ref": "But Hadad was taken with other Edomites by his father's servants", "text": "This can be stated in active form. \"But the servants of Hadad's father took him with other Edomites\" (See: [[:en:ta:vol2:translate:figs_activepassive]])"}]}, {"id": "18", "tn": [{"ref": "General Information:", "text": "This section continues the background information that began in [[:en:bible:notes:1ki:11:14|11:15]]."}, {"ref": "They left Midian", "text": "Here the word \"They\" refers to Hadad and the other Edomites mentioned in [[:en:bible:notes:1ki:11:14|11:17]]."}, {"ref": "Midian ... Paran ... Egypt", "text": "These are the names of places. (See: [[:en:ta:vol1:translate:translate_names]])"}, {"ref": "Tahpenes", "text": "This is the name of a woman. (See: [[:en:ta:vol1:translate:translate_names]])"}]}, {"id": "20", "tn": [{"ref": "Tahpenes", "text": "This is the name of a woman. (See: [[:en:ta:vol1:translate:translate_names]])"}, {"ref": "Genubath ... Hadad", "text": "These are the names of men. (See: [[:en:ta:vol1:translate:translate_names]])"}, {"ref": "David laid down with his ancestors", "text": "This is a polite way of saying David was dead. AT: \"David died\" (See: [[:en:ta:vol2:translate:figs_euphemism]])"}]}, {"id": "23", "tn": [{"ref": "Rezon ... Eliada ... Hadadezer", "text": "These are the names of men. (See: [[:en:ta:vol1:translate:translate_names]])"}, {"ref": "Zobah ... Damascus ... Aram", "text": "These are the name of locations. (See: [[:en:ta:vol1:translate:translate_names]])"}, {"ref": "when David defeated", "text": "\"David\" refers to all of David's forces. AT: \"when David's army overcame\" (See: [[:en:ta:vol2:translate:figs_synecdoche]])"}, {"ref": "all the days of Solomon", "text": "Here the word \"days\" refers to a period of time and \"Solomon\" refers to everything under his control. AT: \"all the time when Solomon had control\" (See: [[:en:ta:vol2:translate:figs_synecdoche]])"}, {"ref": "Rezon abhorred Israel", "text": "\"Rezon hated Israel very much\""}]}, {"id": "26", "tn": [{"ref": "Jeroboam ... Nebat", "text": "These are the names of men. (See: [[:en:ta:vol1:translate:translate_names]])"}, {"ref": "Zeredah ... Millo", "text": "These are the names of locations. (See: [[:en:ta:vol1:translate:translate_names]])"}, {"ref": "Zeruah", "text": "This is the name of a woman. (See: [[:en:ta:vol1:translate:translate_names]])"}, {"ref": "lifted up his hand against the king", "text": "The word \"hand\" refers to authority, power and control. The phrase \"lifted up against\" refers to having opposed someone by using authority, power and control. This is a metonymy used as a common idiom. AT: \"rebelled against the king\" (See: [[:en:ta:vol2:translate:figs_metonymy]] and [[:en:ta:vol1:translate:figs_idiom]])"}, {"ref": "Solomon built up the place at Millo", "text": "Translate \"Millo\" as in [[:en:bible:notes:1ki:09:15|9:15]]."}]}, {"id": "28", "tn": [{"ref": "a mighty man of valor", "text": "Possible meanings are 1) \"a great warrior\" or 2) \"a very capable man\" (UDB) or 3) \"a wealthy and influential man\""}, {"ref": "he gave him command", "text": "\"he made him commander\""}, {"ref": "all the labor", "text": "The word \"labor\" refers to the work that Solomon commanded the people to do for his government. This is a metonymy. (See: [[:en:ta:vol2:translate:figs_metonymy]])"}, {"ref": "the house of Joseph", "text": "This refers to the descendants of Joseph who were the people groups of Ephraim and Manasseh. This is a metonymy. (See: [[:en:ta:vol2:translate:figs_metonymy]])"}, {"ref": "Ahijah", "text": "This is the name of a man. (See: [[:en:ta:vol1:translate:translate_names]])"}, {"ref": "Shilonite", "text": "The Shilonites are a people group. (See: [[:en:ta:vol1:translate:translate_names]])"}]}, {"id": "31", "tn": [{"ref": "He said", "text": "Here the word \"He\" refers to Ahijah."}, {"ref": "tear the kingdom out", "text": "Here \"tear ... out\" is a metaphor that refers to the action of forcefully removing. This is like a person tears apart a piece of cloth. AT: \"forcefully take the kingdom out\" See how you translated this phrase in [[:en:bible:notes:1ki:11:11|11:11]]. (See: [[:en:ta:vol1:translate:figs_metaphor]])"}, {"ref": "the hand of Solomon", "text": "Here \"hand\" is a metonym that refers to a person's authority, control and power. AT: \"Solomon's control\" (See: [[:en:ta:vol2:translate:figs_metonymy]])"}, {"ref": "Solomon will have", "text": "The name \"Solomon\" here is a metonym referring to his descendants. AT: \"Solomon's sons will have\" or \"Solomon's descendants will have\" (See: [[:en:ta:vol2:translate:figs_metonymy]])"}, {"ref": "what is right in my eyes", "text": "\"Eyes\" here is a metonym for someone's opinion or idea. This is a commonly used idiom. AT: \"what I consider to be right\" (See: [[:en:ta:vol2:translate:figs_metonymy]] and [[:en:ta:vol1:translate:figs_idiom]])"}, {"ref": "Ashtoreth ... Chemosh ... Milcom", "text": "These are the names of false gods. (See: [[:en:ta:vol1:translate:translate_names]])"}]}, {"id": "34", "tn": [{"ref": "General Information:", "text": "Ahijah continues to tell Jeroboam what Yahweh has said."}, {"ref": "I will not take", "text": "Here the word \"I\" refers to Yahweh."}, {"ref": "out of Solomon's hand", "text": "Here the word \"hand\" is a metonym that refers to a person's authority, control and power. AT: \"out of Solomon's control\" (See: [[:en:ta:vol2:translate:figs_metonymy]])"}, {"ref": "I will give it to you", "text": "Here the word \"you\" refers to Jeroboam."}, {"ref": "may always have a lamp before me", "text": "The word \"lamp\" is a metonym that refers to a person's influence and guidance. AT: \"will always have a descendant to rule as an influence and a guide for obeying my covenant with David's family\" (See: [[:en:ta:vol2:translate:figs_metonymy]])"}]}, {"id": "37", "tn": [{"ref": "General Information:", "text": "Ahijah continues to tell Jeroboam what Yahweh has said."}, {"ref": "I will take you", "text": "Here the word \"I\" refers to Yahweh and the word \"you\" refers to Jeroboam."}, {"ref": "what is right in my eyes", "text": "The word \"eyes\" here is a metonym for someone's opinion or idea. This is a commonly used idiom. See how you translated this phrase in [[:en:bible:notes:1ki:11:31|11:33]]. (See: [[:en:ta:vol2:translate:figs_metonymy]] and [[:en:ta:vol1:translate:figs_idiom]])"}, {"ref": "build you a sure house", "text": "The clause \"build a house\" is a metaphor for establishing descendants from that time on. AT: \"establish for you a lasting kingdom\" (See: [[:en:ta:vol1:translate:figs_metaphor]])"}]}, {"id": "40", "tn": [{"ref": "Shishak", "text": "This is the name of a man. (See: [[:en:ta:vol1:translate:translate_names]])"}]}, {"id": "41", "tn": [{"ref": "are they not written in The Book of the Events of Solomon?", "text": "This can be expressed in active form and assumes that the answer is positive. The question is rhetorical and is used for emphasis. AT: \"you can find them in The Book of the Events of Solomon.\" (See: [[:en:ta:vol2:translate:figs_activepassive]] and [[:en:ta:vol1:translate:figs_rquestion]])"}, {"ref": "The Book of the Events of Solomon", "text": "This book no longer exists."}, {"ref": "He slept with his ancestors and he was buried", "text": "The clause \"slept with his ancestors\" is a metaphor that expresses as a euphemism the death of a person in more gentle words. AT: \"He died and he was buried with his ancestors\" (See: [[:en:ta:vol1:translate:figs_metaphor]] and [[:en:ta:vol2:translate:figs_euphemism]])"}, {"ref": "he was buried", "text": "This can be expressed in active form. AT: \"people buried him\" (See: [[:en:ta:vol2:translate:figs_activepassive]])"}]}]