[{"slug": "zec-ch-1", "anth": "tn", "num": 3801, "name": "zec-ch-1"}, {"slug": "zec-ch-2", "anth": "tn", "num": 3802, "name": "zec-ch-2"}, {"slug": "zec-ch-3", "anth": "tn", "num": 3803, "name": "zec-ch-3"}, {"slug": "zec-ch-4", "anth": "tn", "num": 3804, "name": "zec-ch-4"}, {"slug": "zec-ch-5", "anth": "tn", "num": 3805, "name": "zec-ch-5"}, {"slug": "zec-ch-6", "anth": "tn", "num": 3806, "name": "zec-ch-6"}, {"slug": "zec-ch-7", "anth": "tn", "num": 3807, "name": "zec-ch-7"}, {"slug": "zec-ch-8", "anth": "tn", "num": 3808, "name": "zec-ch-8"}, {"slug": "zec-ch-9", "anth": "tn", "num": 3809, "name": "zec-ch-9"}, {"slug": "zec-ch-10", "anth": "tn", "num": 3810, "name": "zec-ch-10"}, {"slug": "zec-ch-11", "anth": "tn", "num": 3811, "name": "zec-ch-11"}, {"slug": "zec-ch-12", "anth": "tn", "num": 3812, "name": "zec-ch-12"}, {"slug": "zec-ch-13", "anth": "tn", "num": 3813, "name": "zec-ch-13"}, {"slug": "zec-ch-14", "anth": "tn", "num": 3814, "name": "zec-ch-14"}, {"slug": "1sa-ch-1", "anth": "tn", "num": 901, "name": "1sa-ch-1"}, {"slug": "1sa-ch-2", "anth": "tn", "num": 902, "name": "1sa-ch-2"}, {"slug": "1sa-ch-3", "anth": "tn", "num": 903, "name": "1sa-ch-3"}, {"slug": "1sa-ch-4", "anth": "tn", "num": 904, "name": "1sa-ch-4"}, {"slug": "1sa-ch-5", "anth": "tn", "num": 905, "name": "1sa-ch-5"}, {"slug": "1sa-ch-6", "anth": "tn", "num": 906, "name": "1sa-ch-6"}, {"slug": "1sa-ch-7", "anth": "tn", "num": 907, "name": "1sa-ch-7"}, {"slug": "1sa-ch-8", "anth": "tn", "num": 908, "name": "1sa-ch-8"}, {"slug": "1sa-ch-9", "anth": "tn", "num": 909, "name": "1sa-ch-9"}, {"slug": "1sa-ch-10", "anth": "tn", "num": 910, "name": "1sa-ch-10"}, {"slug": "1sa-ch-11", "anth": "tn", "num": 911, "name": "1sa-ch-11"}, {"slug": "1sa-ch-12", "anth": "tn", "num": 912, "name": "1sa-ch-12"}, {"slug": "1sa-ch-13", "anth": "tn", "num": 913, "name": "1sa-ch-13"}, {"slug": "1sa-ch-14", "anth": "tn", "num": 914, "name": "1sa-ch-14"}, {"slug": "1sa-ch-15", "anth": "tn", "num": 915, "name": "1sa-ch-15"}, {"slug": "1sa-ch-16", "anth": "tn", "num": 916, "name": "1sa-ch-16"}, {"slug": "1sa-ch-17", "anth": "tn", "num": 917, "name": "1sa-ch-17"}, {"slug": "1sa-ch-18", "anth": "tn", "num": 918, "name": "1sa-ch-18"}, {"slug": "1sa-ch-19", "anth": "tn", "num": 919, "name": "1sa-ch-19"}, {"slug": "1sa-ch-20", "anth": "tn", "num": 920, "name": "1sa-ch-20"}, {"slug": "1sa-ch-21", "anth": "tn", "num": 921, "name": "1sa-ch-21"}, {"slug": "1sa-ch-22", "anth": "tn", "num": 922, "name": "1sa-ch-22"}, {"slug": "1sa-ch-23", "anth": "tn", "num": 923, "name": "1sa-ch-23"}, {"slug": "1sa-ch-24", "anth": "tn", "num": 924, "name": "1sa-ch-24"}, {"slug": "1sa-ch-25", "anth": "tn", "num": 925, "name": "1sa-ch-25"}, {"slug": "1sa-ch-26", "anth": "tn", "num": 926, "name": "1sa-ch-26"}, {"slug": "1sa-ch-27", "anth": "tn", "num": 927, "name": "1sa-ch-27"}, {"slug": "1sa-ch-28", "anth": "tn", "num": 928, "name": "1sa-ch-28"}, {"slug": "1sa-ch-29", "anth": "tn", "num": 929, "name": "1sa-ch-29"}, {"slug": "1sa-ch-30", "anth": "tn", "num": 930, "name": "1sa-ch-30"}, {"slug": "1sa-ch-31", "anth": "tn", "num": 931, "name": "1sa-ch-31"}, {"slug": "rom-ch-1", "anth": "tn", "num": 4501, "name": "rom-ch-1"}, {"slug": "rom-ch-2", "anth": "tn", "num": 4502, "name": "rom-ch-2"}, {"slug": "rom-ch-3", "anth": "tn", "num": 4503, "name": "rom-ch-3"}, {"slug": "rom-ch-4", "anth": "tn", "num": 4504, "name": "rom-ch-4"}, {"slug": "rom-ch-5", "anth": "tn", "num": 4505, "name": "rom-ch-5"}, {"slug": "rom-ch-6", "anth": "tn", "num": 4506, "name": "rom-ch-6"}, {"slug": "rom-ch-7", "anth": "tn", "num": 4507, "name": "rom-ch-7"}, {"slug": "rom-ch-8", "anth": "tn", "num": 4508, "name": "rom-ch-8"}, {"slug": "rom-ch-9", "anth": "tn", "num": 4509, "name": "rom-ch-9"}, {"slug": "rom-ch-10", "anth": "tn", "num": 4510, "name": "rom-ch-10"}, {"slug": "rom-ch-11", "anth": "tn", "num": 4511, "name": "rom-ch-11"}, {"slug": "rom-ch-12", "anth": "tn", "num": 4512, "name": "rom-ch-12"}, {"slug": "rom-ch-13", "anth": "tn", "num": 4513, "name": "rom-ch-13"}, {"slug": "rom-ch-14", "anth": "tn", "num": 4514, "name": "rom-ch-14"}, {"slug": "rom-ch-15", "anth": "tn", "num": 4515, "name": "rom-ch-15"}, {"slug": "rom-ch-16", "anth": "tn", "num": 4516, "name": "rom-ch-16"}, {"slug": "1jn-ch-1", "anth": "tn", "num": 6201, "name": "1jn-ch-1"}, {"slug": "1jn-ch-2", "anth": "tn", "num": 6202, "name": "1jn-ch-2"}, {"slug": "1jn-ch-3", "anth": "tn", "num": 6203, "name": "1jn-ch-3"}, {"slug": "1jn-ch-4", "anth": "tn", "num": 6204, "name": "1jn-ch-4"}, {"slug": "1jn-ch-5", "anth": "tn", "num": 6205, "name": "1jn-ch-5"}, {"slug": "lam-ch-1", "anth": "tn", "num": 2501, "name": "lam-ch-1"}, {"slug": "lam-ch-2", "anth": "tn", "num": 2502, "name": "lam-ch-2"}, {"slug": "lam-ch-3", "anth": "tn", "num": 2503, "name": "lam-ch-3"}, {"slug": "lam-ch-4", "anth": "tn", "num": 2504, "name": "lam-ch-4"}, {"slug": "lam-ch-5", "anth": "tn", "num": 2505, "name": "lam-ch-5"}, {"slug": "pro-ch-1", "anth": "tn", "num": 2001, "name": "pro-ch-1"}, {"slug": "pro-ch-2", "anth": "tn", "num": 2002, "name": "pro-ch-2"}, {"slug": "pro-ch-3", "anth": "tn", "num": 2003, "name": "pro-ch-3"}, {"slug": "pro-ch-4", "anth": "tn", "num": 2004, "name": "pro-ch-4"}, {"slug": "pro-ch-5", "anth": "tn", "num": 2005, "name": "pro-ch-5"}, {"slug": "pro-ch-6", "anth": "tn", "num": 2006, "name": "pro-ch-6"}, {"slug": "pro-ch-7", "anth": "tn", "num": 2007, "name": "pro-ch-7"}, {"slug": "pro-ch-8", "anth": "tn", "num": 2008, "name": "pro-ch-8"}, {"slug": "pro-ch-9", "anth": "tn", "num": 2009, "name": "pro-ch-9"}, {"slug": "pro-ch-10", "anth": "tn", "num": 2010, "name": "pro-ch-10"}, {"slug": "pro-ch-11", "anth": "tn", "num": 2011, "name": "pro-ch-11"}, {"slug": "pro-ch-12", "anth": "tn", "num": 2012, "name": "pro-ch-12"}, {"slug": "pro-ch-13", "anth": "tn", "num": 2013, "name": "pro-ch-13"}, {"slug": "pro-ch-14", "anth": "tn", "num": 2014, "name": "pro-ch-14"}, {"slug": "pro-ch-15", "anth": "tn", "num": 2015, "name": "pro-ch-15"}, {"slug": "pro-ch-16", "anth": "tn", "num": 2016, "name": "pro-ch-16"}, {"slug": "pro-ch-17", "anth": "tn", "num": 2017, "name": "pro-ch-17"}, {"slug": "pro-ch-18", "anth": "tn", "num": 2018, "name": "pro-ch-18"}, {"slug": "pro-ch-19", "anth": "tn", "num": 2019, "name": "pro-ch-19"}, {"slug": "pro-ch-20", "anth": "tn", "num": 2020, "name": "pro-ch-20"}, {"slug": "pro-ch-21", "anth": "tn", "num": 2021, "name": "pro-ch-21"}, {"slug": "pro-ch-22", "anth": "tn", "num": 2022, "name": "pro-ch-22"}, {"slug": "pro-ch-23", "anth": "tn", "num": 2023, "name": "pro-ch-23"}, {"slug": "pro-ch-24", "anth": "tn", "num": 2024, "name": "pro-ch-24"}, {"slug": "pro-ch-25", "anth": "tn", "num": 2025, "name": "pro-ch-25"}, {"slug": "pro-ch-26", "anth": "tn", "num": 2026, "name": "pro-ch-26"}, {"slug": "pro-ch-27", "anth": "tn", "num": 2027, "name": "pro-ch-27"}, {"slug": "pro-ch-28", "anth": "tn", "num": 2028, "name": "pro-ch-28"}, {"slug": "pro-ch-29", "anth": "tn", "num": 2029, "name": "pro-ch-29"}, {"slug": "pro-ch-30", "anth": "tn", "num": 2030, "name": "pro-ch-30"}, {"slug": "pro-ch-31", "anth": "tn", "num": 2031, "name": "pro-ch-31"}, {"slug": "2sa-ch-1", "anth": "tn", "num": 1001, "name": "2sa-ch-1"}, {"slug": "2sa-ch-2", "anth": "tn", "num": 1002, "name": "2sa-ch-2"}, {"slug": "2sa-ch-3", "anth": "tn", "num": 1003, "name": "2sa-ch-3"}, {"slug": "2sa-ch-4", "anth": "tn", "num": 1004, "name": "2sa-ch-4"}, {"slug": "2sa-ch-5", "anth": "tn", "num": 1005, "name": "2sa-ch-5"}, {"slug": "2sa-ch-6", "anth": "tn", "num": 1006, "name": "2sa-ch-6"}, {"slug": "2sa-ch-7", "anth": "tn", "num": 1007, "name": "2sa-ch-7"}, {"slug": "2sa-ch-8", "anth": "tn", "num": 1008, "name": "2sa-ch-8"}, {"slug": "2sa-ch-9", "anth": "tn", "num": 1009, "name": "2sa-ch-9"}, {"slug": "2sa-ch-10", "anth": "tn", "num": 1010, "name": "2sa-ch-10"}, {"slug": "2sa-ch-11", "anth": "tn", "num": 1011, "name": "2sa-ch-11"}, {"slug": "2sa-ch-12", "anth": "tn", "num": 1012, "name": "2sa-ch-12"}, {"slug": "2sa-ch-13", "anth": "tn", "num": 1013, "name": "2sa-ch-13"}, {"slug": "2sa-ch-14", "anth": "tn", "num": 1014, "name": "2sa-ch-14"}, {"slug": "2sa-ch-15", "anth": "tn", "num": 1015, "name": "2sa-ch-15"}, {"slug": "2sa-ch-16", "anth": "tn", "num": 1016, "name": "2sa-ch-16"}, {"slug": "2sa-ch-17", "anth": "tn", "num": 1017, "name": "2sa-ch-17"}, {"slug": "2sa-ch-18", "anth": "tn", "num": 1018, "name": "2sa-ch-18"}, {"slug": "2sa-ch-19", "anth": "tn", "num": 1019, "name": "2sa-ch-19"}, {"slug": "2sa-ch-20", "anth": "tn", "num": 1020, "name": "2sa-ch-20"}, {"slug": "2sa-ch-21", "anth": "tn", "num": 1021, "name": "2sa-ch-21"}, {"slug": "2sa-ch-22", "anth": "tn", "num": 1022, "name": "2sa-ch-22"}, {"slug": "2sa-ch-23", "anth": "tn", "num": 1023, "name": "2sa-ch-23"}, {"slug": "2sa-ch-24", "anth": "tn", "num": 1024, "name": "2sa-ch-24"}, {"slug": "ezr-ch-1", "anth": "tn", "num": 1501, "name": "ezr-ch-1"}, {"slug": "ezr-ch-2", "anth": "tn", "num": 1502, "name": "ezr-ch-2"}, {"slug": "ezr-ch-3", "anth": "tn", "num": 1503, "name": "ezr-ch-3"}, {"slug": "ezr-ch-4", "anth": "tn", "num": 1504, "name": "ezr-ch-4"}, {"slug": "ezr-ch-5", "anth": "tn", "num": 1505, "name": "ezr-ch-5"}, {"slug": "ezr-ch-6", "anth": "tn", "num": 1506, "name": "ezr-ch-6"}, {"slug": "ezr-ch-7", "anth": "tn", "num": 1507, "name": "ezr-ch-7"}, {"slug": "ezr-ch-8", "anth": "tn", "num": 1508, "name": "ezr-ch-8"}, {"slug": "ezr-ch-9", "anth": "tn", "num": 1509, "name": "ezr-ch-9"}, {"slug": "ezr-ch-10", "anth": "tn", "num": 1510, "name": "ezr-ch-10"}, {"slug": "zep-ch-1", "anth": "tn", "num": 3601, "name": "zep-ch-1"}, {"slug": "zep-ch-2", "anth": "tn", "num": 3602, "name": "zep-ch-2"}, {"slug": "zep-ch-3", "anth": "tn", "num": 3603, "name": "zep-ch-3"}, {"slug": "num-ch-1", "anth": "tn", "num": 401, "name": "num-ch-1"}, {"slug": "num-ch-2", "anth": "tn", "num": 402, "name": "num-ch-2"}, {"slug": "num-ch-3", "anth": "tn", "num": 403, "name": "num-ch-3"}, {"slug": "num-ch-4", "anth": "tn", "num": 404, "name": "num-ch-4"}, {"slug": "num-ch-5", "anth": "tn", "num": 405, "name": "num-ch-5"}, {"slug": "num-ch-6", "anth": "tn", "num": 406, "name": "num-ch-6"}, {"slug": "num-ch-7", "anth": "tn", "num": 407, "name": "num-ch-7"}, {"slug": "num-ch-8", "anth": "tn", "num": 408, "name": "num-ch-8"}, {"slug": "num-ch-9", "anth": "tn", "num": 409, "name": "num-ch-9"}, {"slug": "num-ch-10", "anth": "tn", "num": 410, "name": "num-ch-10"}, {"slug": "num-ch-11", "anth": "tn", "num": 411, "name": "num-ch-11"}, {"slug": "num-ch-12", "anth": "tn", "num": 412, "name": "num-ch-12"}, {"slug": "num-ch-13", "anth": "tn", "num": 413, "name": "num-ch-13"}, {"slug": "num-ch-14", "anth": "tn", "num": 414, "name": "num-ch-14"}, {"slug": "num-ch-15", "anth": "tn", "num": 415, "name": "num-ch-15"}, {"slug": "num-ch-16", "anth": "tn", "num": 416, "name": "num-ch-16"}, {"slug": "num-ch-17", "anth": "tn", "num": 417, "name": "num-ch-17"}, {"slug": "num-ch-18", "anth": "tn", "num": 418, "name": "num-ch-18"}, {"slug": "num-ch-19", "anth": "tn", "num": 419, "name": "num-ch-19"}, {"slug": "num-ch-20", "anth": "tn", "num": 420, "name": "num-ch-20"}, {"slug": "num-ch-21", "anth": "tn", "num": 421, "name": "num-ch-21"}, {"slug": "num-ch-22", "anth": "tn", "num": 422, "name": "num-ch-22"}, {"slug": "num-ch-23", "anth": "tn", "num": 423, "name": "num-ch-23"}, {"slug": "num-ch-24", "anth": "tn", "num": 424, "name": "num-ch-24"}, {"slug": "num-ch-25", "anth": "tn", "num": 425, "name": "num-ch-25"}, {"slug": "num-ch-26", "anth": "tn", "num": 426, "name": "num-ch-26"}, {"slug": "num-ch-27", "anth": "tn", "num": 427, "name": "num-ch-27"}, {"slug": "num-ch-28", "anth": "tn", "num": 428, "name": "num-ch-28"}, {"slug": "num-ch-29", "anth": "tn", "num": 429, "name": "num-ch-29"}, {"slug": "num-ch-30", "anth": "tn", "num": 430, "name": "num-ch-30"}, {"slug": "num-ch-31", "anth": "tn", "num": 431, "name": "num-ch-31"}, {"slug": "num-ch-32", "anth": "tn", "num": 432, "name": "num-ch-32"}, {"slug": "num-ch-33", "anth": "tn", "num": 433, "name": "num-ch-33"}, {"slug": "num-ch-34", "anth": "tn", "num": 434, "name": "num-ch-34"}, {"slug": "num-ch-35", "anth": "tn", "num": 435, "name": "num-ch-35"}, {"slug": "num-ch-36", "anth": "tn", "num": 436, "name": "num-ch-36"}, {"slug": "ezk-ch-1", "anth": "tn", "num": 2601, "name": "ezk-ch-1"}, {"slug": "ezk-ch-2", "anth": "tn", "num": 2602, "name": "ezk-ch-2"}, {"slug": "ezk-ch-3", "anth": "tn", "num": 2603, "name": "ezk-ch-3"}, {"slug": "ezk-ch-4", "anth": "tn", "num": 2604, "name": "ezk-ch-4"}, {"slug": "ezk-ch-5", "anth": "tn", "num": 2605, "name": "ezk-ch-5"}, {"slug": "ezk-ch-6", "anth": "tn", "num": 2606, "name": "ezk-ch-6"}, {"slug": "ezk-ch-7", "anth": "tn", "num": 2607, "name": "ezk-ch-7"}, {"slug": "ezk-ch-8", "anth": "tn", "num": 2608, "name": "ezk-ch-8"}, {"slug": "ezk-ch-9", "anth": "tn", "num": 2609, "name": "ezk-ch-9"}, {"slug": "ezk-ch-10", "anth": "tn", "num": 2610, "name": "ezk-ch-10"}, {"slug": "ezk-ch-11", "anth": "tn", "num": 2611, "name": "ezk-ch-11"}, {"slug": "ezk-ch-12", "anth": "tn", "num": 2612, "name": "ezk-ch-12"}, {"slug": "ezk-ch-13", "anth": "tn", "num": 2613, "name": "ezk-ch-13"}, {"slug": "ezk-ch-14", "anth": "tn", "num": 2614, "name": "ezk-ch-14"}, {"slug": "ezk-ch-15", "anth": "tn", "num": 2615, "name": "ezk-ch-15"}, {"slug": "ezk-ch-16", "anth": "tn", "num": 2616, "name": "ezk-ch-16"}, {"slug": "ezk-ch-17", "anth": "tn", "num": 2617, "name": "ezk-ch-17"}, {"slug": "ezk-ch-18", "anth": "tn", "num": 2618, "name": "ezk-ch-18"}, {"slug": "ezk-ch-19", "anth": "tn", "num": 2619, "name": "ezk-ch-19"}, {"slug": "ezk-ch-20", "anth": "tn", "num": 2620, "name": "ezk-ch-20"}, {"slug": "ezk-ch-21", "anth": "tn", "num": 2621, "name": "ezk-ch-21"}, {"slug": "ezk-ch-22", "anth": "tn", "num": 2622, "name": "ezk-ch-22"}, {"slug": "ezk-ch-23", "anth": "tn", "num": 2623, "name": "ezk-ch-23"}, {"slug": "ezk-ch-24", "anth": "tn", "num": 2624, "name": "ezk-ch-24"}, {"slug": "ezk-ch-25", "anth": "tn", "num": 2625, "name": "ezk-ch-25"}, {"slug": "ezk-ch-26", "anth": "tn", "num": 2626, "name": "ezk-ch-26"}, {"slug": "ezk-ch-27", "anth": "tn", "num": 2627, "name": "ezk-ch-27"}, {"slug": "ezk-ch-28", "anth": "tn", "num": 2628, "name": "ezk-ch-28"}, {"slug": "ezk-ch-29", "anth": "tn", "num": 2629, "name": "ezk-ch-29"}, {"slug": "ezk-ch-30", "anth": "tn", "num": 2630, "name": "ezk-ch-30"}, {"slug": "ezk-ch-31", "anth": "tn", "num": 2631, "name": "ezk-ch-31"}, {"slug": "ezk-ch-32", "anth": "tn", "num": 2632, "name": "ezk-ch-32"}, {"slug": "ezk-ch-33", "anth": "tn", "num": 2633, "name": "ezk-ch-33"}, {"slug": "ezk-ch-34", "anth": "tn", "num": 2634, "name": "ezk-ch-34"}, {"slug": "ezk-ch-35", "anth": "tn", "num": 2635, "name": "ezk-ch-35"}, {"slug": "ezk-ch-36", "anth": "tn", "num": 2636, "name": "ezk-ch-36"}, {"slug": "ezk-ch-37", "anth": "tn", "num": 2637, "name": "ezk-ch-37"}, {"slug": "ezk-ch-38", "anth": "tn", "num": 2638, "name": "ezk-ch-38"}, {"slug": "ezk-ch-39", "anth": "tn", "num": 2639, "name": "ezk-ch-39"}, {"slug": "ezk-ch-40", "anth": "tn", "num": 2640, "name": "ezk-ch-40"}, {"slug": "ezk-ch-41", "anth": "tn", "num": 2641, "name": "ezk-ch-41"}, {"slug": "ezk-ch-42", "anth": "tn", "num": 2642, "name": "ezk-ch-42"}, {"slug": "ezk-ch-43", "anth": "tn", "num": 2643, "name": "ezk-ch-43"}, {"slug": "ezk-ch-44", "anth": "tn", "num": 2644, "name": "ezk-ch-44"}, {"slug": "ezk-ch-45", "anth": "tn", "num": 2645, "name": "ezk-ch-45"}, {"slug": "ezk-ch-46", "anth": "tn", "num": 2646, "name": "ezk-ch-46"}, {"slug": "ezk-ch-47", "anth": "tn", "num": 2647, "name": "ezk-ch-47"}, {"slug": "ezk-ch-48", "anth": "tn", "num": 2648, "name": "ezk-ch-48"}, {"slug": "2jn-ch-1", "anth": "tn", "num": 6301, "name": "2jn-ch-1"}, {"slug": "oba-ch-1", "anth": "tn", "num": 3101, "name": "oba-ch-1"}, {"slug": "jer-ch-1", "anth": "tn", "num": 2401, "name": "jer-ch-1"}, {"slug": "jer-ch-2", "anth": "tn", "num": 2402, "name": "jer-ch-2"}, {"slug": "jer-ch-3", "anth": "tn", "num": 2403, "name": "jer-ch-3"}, {"slug": "jer-ch-4", "anth": "tn", "num": 2404, "name": "jer-ch-4"}, {"slug": "jer-ch-5", "anth": "tn", "num": 2405, "name": "jer-ch-5"}, {"slug": "jer-ch-6", "anth": "tn", "num": 2406, "name": "jer-ch-6"}, {"slug": "jer-ch-7", "anth": "tn", "num": 2407, "name": "jer-ch-7"}, {"slug": "jer-ch-8", "anth": "tn", "num": 2408, "name": "jer-ch-8"}, {"slug": "jer-ch-9", "anth": "tn", "num": 2409, "name": "jer-ch-9"}, {"slug": "jer-ch-10", "anth": "tn", "num": 2410, "name": "jer-ch-10"}, {"slug": "jer-ch-11", "anth": "tn", "num": 2411, "name": "jer-ch-11"}, {"slug": "jer-ch-12", "anth": "tn", "num": 2412, "name": "jer-ch-12"}, {"slug": "jer-ch-13", "anth": "tn", "num": 2413, "name": "jer-ch-13"}, {"slug": "jer-ch-14", "anth": "tn", "num": 2414, "name": "jer-ch-14"}, {"slug": "jer-ch-15", "anth": "tn", "num": 2415, "name": "jer-ch-15"}, {"slug": "jer-ch-16", "anth": "tn", "num": 2416, "name": "jer-ch-16"}, {"slug": "jer-ch-17", "anth": "tn", "num": 2417, "name": "jer-ch-17"}, {"slug": "jer-ch-18", "anth": "tn", "num": 2418, "name": "jer-ch-18"}, {"slug": "jer-ch-19", "anth": "tn", "num": 2419, "name": "jer-ch-19"}, {"slug": "jer-ch-20", "anth": "tn", "num": 2420, "name": "jer-ch-20"}, {"slug": "jer-ch-21", "anth": "tn", "num": 2421, "name": "jer-ch-21"}, {"slug": "jer-ch-22", "anth": "tn", "num": 2422, "name": "jer-ch-22"}, {"slug": "jer-ch-23", "anth": "tn", "num": 2423, "name": "jer-ch-23"}, {"slug": "jer-ch-24", "anth": "tn", "num": 2424, "name": "jer-ch-24"}, {"slug": "jer-ch-25", "anth": "tn", "num": 2425, "name": "jer-ch-25"}, {"slug": "jer-ch-26", "anth": "tn", "num": 2426, "name": "jer-ch-26"}, {"slug": "jer-ch-27", "anth": "tn", "num": 2427, "name": "jer-ch-27"}, {"slug": "jer-ch-28", "anth": "tn", "num": 2428, "name": "jer-ch-28"}, {"slug": "jer-ch-29", "anth": "tn", "num": 2429, "name": "jer-ch-29"}, {"slug": "jer-ch-30", "anth": "tn", "num": 2430, "name": "jer-ch-30"}, {"slug": "jer-ch-31", "anth": "tn", "num": 2431, "name": "jer-ch-31"}, {"slug": "jer-ch-32", "anth": "tn", "num": 2432, "name": "jer-ch-32"}, {"slug": "jer-ch-33", "anth": "tn", "num": 2433, "name": "jer-ch-33"}, {"slug": "jer-ch-34", "anth": "tn", "num": 2434, "name": "jer-ch-34"}, {"slug": "jer-ch-35", "anth": "tn", "num": 2435, "name": "jer-ch-35"}, {"slug": "jer-ch-36", "anth": "tn", "num": 2436, "name": "jer-ch-36"}, {"slug": "jer-ch-37", "anth": "tn", "num": 2437, "name": "jer-ch-37"}, {"slug": "jer-ch-38", "anth": "tn", "num": 2438, "name": "jer-ch-38"}, {"slug": "jer-ch-39", "anth": "tn", "num": 2439, "name": "jer-ch-39"}, {"slug": "jer-ch-40", "anth": "tn", "num": 2440, "name": "jer-ch-40"}, {"slug": "jer-ch-41", "anth": "tn", "num": 2441, "name": "jer-ch-41"}, {"slug": "jer-ch-42", "anth": "tn", "num": 2442, "name": "jer-ch-42"}, {"slug": "jer-ch-43", "anth": "tn", "num": 2443, "name": "jer-ch-43"}, {"slug": "jer-ch-44", "anth": "tn", "num": 2444, "name": "jer-ch-44"}, {"slug": "jer-ch-45", "anth": "tn", "num": 2445, "name": "jer-ch-45"}, {"slug": "jer-ch-46", "anth": "tn", "num": 2446, "name": "jer-ch-46"}, {"slug": "jer-ch-47", "anth": "tn", "num": 2447, "name": "jer-ch-47"}, {"slug": "jer-ch-48", "anth": "tn", "num": 2448, "name": "jer-ch-48"}, {"slug": "jer-ch-49", "anth": "tn", "num": 2449, "name": "jer-ch-49"}, {"slug": "jer-ch-50", "anth": "tn", "num": 2450, "name": "jer-ch-50"}, {"slug": "jer-ch-51", "anth": "tn", "num": 2451, "name": "jer-ch-51"}, {"slug": "jer-ch-52", "anth": "tn", "num": 2452, "name": "jer-ch-52"}, {"slug": "est-ch-1", "anth": "tn", "num": 1701, "name": "est-ch-1"}, {"slug": "est-ch-2", "anth": "tn", "num": 1702, "name": "est-ch-2"}, {"slug": "est-ch-3", "anth": "tn", "num": 1703, "name": "est-ch-3"}, {"slug": "est-ch-4", "anth": "tn", "num": 1704, "name": "est-ch-4"}, {"slug": "est-ch-5", "anth": "tn", "num": 1705, "name": "est-ch-5"}, {"slug": "est-ch-6", "anth": "tn", "num": 1706, "name": "est-ch-6"}, {"slug": "est-ch-7", "anth": "tn", "num": 1707, "name": "est-ch-7"}, {"slug": "est-ch-8", "anth": "tn", "num": 1708, "name": "est-ch-8"}, {"slug": "est-ch-9", "anth": "tn", "num": 1709, "name": "est-ch-9"}, {"slug": "est-ch-10", "anth": "tn", "num": 1710, "name": "est-ch-10"}, {"slug": "jud-ch-1", "anth": "tn", "num": 6501, "name": "jud-ch-1"}, {"slug": "neh-ch-1", "anth": "tn", "num": 1601, "name": "neh-ch-1"}, {"slug": "neh-ch-2", "anth": "tn", "num": 1602, "name": "neh-ch-2"}, {"slug": "neh-ch-3", "anth": "tn", "num": 1603, "name": "neh-ch-3"}, {"slug": "neh-ch-4", "anth": "tn", "num": 1604, "name": "neh-ch-4"}, {"slug": "neh-ch-5", "anth": "tn", "num": 1605, "name": "neh-ch-5"}, {"slug": "neh-ch-6", "anth": "tn", "num": 1606, "name": "neh-ch-6"}, {"slug": "neh-ch-7", "anth": "tn", "num": 1607, "name": "neh-ch-7"}, {"slug": "neh-ch-8", "anth": "tn", "num": 1608, "name": "neh-ch-8"}, {"slug": "neh-ch-9", "anth": "tn", "num": 1609, "name": "neh-ch-9"}, {"slug": "neh-ch-10", "anth": "tn", "num": 1610, "name": "neh-ch-10"}, {"slug": "neh-ch-11", "anth": "tn", "num": 1611, "name": "neh-ch-11"}, {"slug": "neh-ch-12", "anth": "tn", "num": 1612, "name": "neh-ch-12"}, {"slug": "neh-ch-13", "anth": "tn", "num": 1613, "name": "neh-ch-13"}, {"slug": "tit-ch-1", "anth": "tn", "num": 5601, "name": "tit-ch-1"}, {"slug": "tit-ch-2", "anth": "tn", "num": 5602, "name": "tit-ch-2"}, {"slug": "tit-ch-3", "anth": "tn", "num": 5603, "name": "tit-ch-3"}, {"slug": "mic-ch-1", "anth": "tn", "num": 3301, "name": "mic-ch-1"}, {"slug": "mic-ch-2", "anth": "tn", "num": 3302, "name": "mic-ch-2"}, {"slug": "mic-ch-3", "anth": "tn", "num": 3303, "name": "mic-ch-3"}, {"slug": "mic-ch-4", "anth": "tn", "num": 3304, "name": "mic-ch-4"}, {"slug": "mic-ch-5", "anth": "tn", "num": 3305, "name": "mic-ch-5"}, {"slug": "mic-ch-6", "anth": "tn", "num": 3306, "name": "mic-ch-6"}, {"slug": "mic-ch-7", "anth": "tn", "num": 3307, "name": "mic-ch-7"}, {"slug": "rev-ch-1", "anth": "tn", "num": 6601, "name": "rev-ch-1"}, {"slug": "rev-ch-2", "anth": "tn", "num": 6602, "name": "rev-ch-2"}, {"slug": "rev-ch-3", "anth": "tn", "num": 6603, "name": "rev-ch-3"}, {"slug": "rev-ch-4", "anth": "tn", "num": 6604, "name": "rev-ch-4"}, {"slug": "rev-ch-5", "anth": "tn", "num": 6605, "name": "rev-ch-5"}, {"slug": "rev-ch-6", "anth": "tn", "num": 6606, "name": "rev-ch-6"}, {"slug": "rev-ch-7", "anth": "tn", "num": 6607, "name": "rev-ch-7"}, {"slug": "rev-ch-8", "anth": "tn", "num": 6608, "name": "rev-ch-8"}, {"slug": "rev-ch-9", "anth": "tn", "num": 6609, "name": "rev-ch-9"}, {"slug": "rev-ch-10", "anth": "tn", "num": 6610, "name": "rev-ch-10"}, {"slug": "rev-ch-11", "anth": "tn", "num": 6611, "name": "rev-ch-11"}, {"slug": "rev-ch-12", "anth": "tn", "num": 6612, "name": "rev-ch-12"}, {"slug": "rev-ch-13", "anth": "tn", "num": 6613, "name": "rev-ch-13"}, {"slug": "rev-ch-14", "anth": "tn", "num": 6614, "name": "rev-ch-14"}, {"slug": "rev-ch-15", "anth": "tn", "num": 6615, "name": "rev-ch-15"}, {"slug": "rev-ch-16", "anth": "tn", "num": 6616, "name": "rev-ch-16"}, {"slug": "rev-ch-17", "anth": "tn", "num": 6617, "name": "rev-ch-17"}, {"slug": "rev-ch-18", "anth": "tn", "num": 6618, "name": "rev-ch-18"}, {"slug": "rev-ch-19", "anth": "tn", "num": 6619, "name": "rev-ch-19"}, {"slug": "rev-ch-20", "anth": "tn", "num": 6620, "name": "rev-ch-20"}, {"slug": "rev-ch-21", "anth": "tn", "num": 6621, "name": "rev-ch-21"}, {"slug": "rev-ch-22", "anth": "tn", "num": 6622, "name": "rev-ch-22"}, {"slug": "jas-ch-1", "anth": "tn", "num": 5901, "name": "jas-ch-1"}, {"slug": "jas-ch-2", "anth": "tn", "num": 5902, "name": "jas-ch-2"}, {"slug": "jas-ch-3", "anth": "tn", "num": 5903, "name": "jas-ch-3"}, {"slug": "jas-ch-4", "anth": "tn", "num": 5904, "name": "jas-ch-4"}, {"slug": "jas-ch-5", "anth": "tn", "num": 5905, "name": "jas-ch-5"}, {"slug": "psa-ch-1", "anth": "tn", "num": 1901, "name": "psa-ch-1"}, {"slug": "psa-ch-2", "anth": "tn", "num": 1902, "name": "psa-ch-2"}, {"slug": "psa-ch-3", "anth": "tn", "num": 1903, "name": "psa-ch-3"}, {"slug": "psa-ch-4", "anth": "tn", "num": 1904, "name": "psa-ch-4"}, {"slug": "psa-ch-5", "anth": "tn", "num": 1905, "name": "psa-ch-5"}, {"slug": "psa-ch-6", "anth": "tn", "num": 1906, "name": "psa-ch-6"}, {"slug": "psa-ch-7", "anth": "tn", "num": 1907, "name": "psa-ch-7"}, {"slug": "psa-ch-8", "anth": "tn", "num": 1908, "name": "psa-ch-8"}, {"slug": "psa-ch-9", "anth": "tn", "num": 1909, "name": "psa-ch-9"}, {"slug": "psa-ch-10", "anth": "tn", "num": 1910, "name": "psa-ch-10"}, {"slug": "psa-ch-11", "anth": "tn", "num": 1911, "name": "psa-ch-11"}, {"slug": "psa-ch-12", "anth": "tn", "num": 1912, "name": "psa-ch-12"}, {"slug": "psa-ch-13", "anth": "tn", "num": 1913, "name": "psa-ch-13"}, {"slug": "psa-ch-14", "anth": "tn", "num": 1914, "name": "psa-ch-14"}, {"slug": "psa-ch-15", "anth": "tn", "num": 1915, "name": "psa-ch-15"}, {"slug": "psa-ch-16", "anth": "tn", "num": 1916, "name": "psa-ch-16"}, {"slug": "psa-ch-17", "anth": "tn", "num": 1917, "name": "psa-ch-17"}, {"slug": "psa-ch-18", "anth": "tn", "num": 1918, "name": "psa-ch-18"}, {"slug": "psa-ch-19", "anth": "tn", "num": 1919, "name": "psa-ch-19"}, {"slug": "psa-ch-20", "anth": "tn", "num": 1920, "name": "psa-ch-20"}, {"slug": "psa-ch-21", "anth": "tn", "num": 1921, "name": "psa-ch-21"}, {"slug": "psa-ch-22", "anth": "tn", "num": 1922, "name": "psa-ch-22"}, {"slug": "psa-ch-23", "anth": "tn", "num": 1923, "name": "psa-ch-23"}, {"slug": "psa-ch-24", "anth": "tn", "num": 1924, "name": "psa-ch-24"}, {"slug": "psa-ch-25", "anth": "tn", "num": 1925, "name": "psa-ch-25"}, {"slug": "psa-ch-26", "anth": "tn", "num": 1926, "name": "psa-ch-26"}, {"slug": "psa-ch-27", "anth": "tn", "num": 1927, "name": "psa-ch-27"}, {"slug": "psa-ch-28", "anth": "tn", "num": 1928, "name": "psa-ch-28"}, {"slug": "psa-ch-29", "anth": "tn", "num": 1929, "name": "psa-ch-29"}, {"slug": "psa-ch-30", "anth": "tn", "num": 1930, "name": "psa-ch-30"}, {"slug": "psa-ch-31", "anth": "tn", "num": 1931, "name": "psa-ch-31"}, {"slug": "psa-ch-32", "anth": "tn", "num": 1932, "name": "psa-ch-32"}, {"slug": "psa-ch-33", "anth": "tn", "num": 1933, "name": "psa-ch-33"}, {"slug": "psa-ch-34", "anth": "tn", "num": 1934, "name": "psa-ch-34"}, {"slug": "psa-ch-35", "anth": "tn", "num": 1935, "name": "psa-ch-35"}, {"slug": "psa-ch-36", "anth": "tn", "num": 1936, "name": "psa-ch-36"}, {"slug": "psa-ch-37", "anth": "tn", "num": 1937, "name": "psa-ch-37"}, {"slug": "psa-ch-38", "anth": "tn", "num": 1938, "name": "psa-ch-38"}, {"slug": "psa-ch-39", "anth": "tn", "num": 1939, "name": "psa-ch-39"}, {"slug": "psa-ch-40", "anth": "tn", "num": 1940, "name": "psa-ch-40"}, {"slug": "psa-ch-41", "anth": "tn", "num": 1941, "name": "psa-ch-41"}, {"slug": "psa-ch-42", "anth": "tn", "num": 1942, "name": "psa-ch-42"}, {"slug": "psa-ch-43", "anth": "tn", "num": 1943, "name": "psa-ch-43"}, {"slug": "psa-ch-44", "anth": "tn", "num": 1944, "name": "psa-ch-44"}, {"slug": "psa-ch-45", "anth": "tn", "num": 1945, "name": "psa-ch-45"}, {"slug": "psa-ch-46", "anth": "tn", "num": 1946, "name": "psa-ch-46"}, {"slug": "psa-ch-47", "anth": "tn", "num": 1947, "name": "psa-ch-47"}, {"slug": "psa-ch-48", "anth": "tn", "num": 1948, "name": "psa-ch-48"}, {"slug": "psa-ch-49", "anth": "tn", "num": 1949, "name": "psa-ch-49"}, {"slug": "psa-ch-50", "anth": "tn", "num": 1950, "name": "psa-ch-50"}, {"slug": "psa-ch-51", "anth": "tn", "num": 1951, "name": "psa-ch-51"}, {"slug": "psa-ch-52", "anth": "tn", "num": 1952, "name": "psa-ch-52"}, {"slug": "psa-ch-53", "anth": "tn", "num": 1953, "name": "psa-ch-53"}, {"slug": "psa-ch-54", "anth": "tn", "num": 1954, "name": "psa-ch-54"}, {"slug": "psa-ch-55", "anth": "tn", "num": 1955, "name": "psa-ch-55"}, {"slug": "psa-ch-56", "anth": "tn", "num": 1956, "name": "psa-ch-56"}, {"slug": "psa-ch-57", "anth": "tn", "num": 1957, "name": "psa-ch-57"}, {"slug": "psa-ch-58", "anth": "tn", "num": 1958, "name": "psa-ch-58"}, {"slug": "psa-ch-59", "anth": "tn", "num": 1959, "name": "psa-ch-59"}, {"slug": "psa-ch-60", "anth": "tn", "num": 1960, "name": "psa-ch-60"}, {"slug": "psa-ch-61", "anth": "tn", "num": 1961, "name": "psa-ch-61"}, {"slug": "psa-ch-62", "anth": "tn", "num": 1962, "name": "psa-ch-62"}, {"slug": "psa-ch-63", "anth": "tn", "num": 1963, "name": "psa-ch-63"}, {"slug": "psa-ch-64", "anth": "tn", "num": 1964, "name": "psa-ch-64"}, {"slug": "psa-ch-65", "anth": "tn", "num": 1965, "name": "psa-ch-65"}, {"slug": "psa-ch-66", "anth": "tn", "num": 1966, "name": "psa-ch-66"}, {"slug": "psa-ch-67", "anth": "tn", "num": 1967, "name": "psa-ch-67"}, {"slug": "psa-ch-68", "anth": "tn", "num": 1968, "name": "psa-ch-68"}, {"slug": "psa-ch-69", "anth": "tn", "num": 1969, "name": "psa-ch-69"}, {"slug": "psa-ch-70", "anth": "tn", "num": 1970, "name": "psa-ch-70"}, {"slug": "psa-ch-71", "anth": "tn", "num": 1971, "name": "psa-ch-71"}, {"slug": "psa-ch-72", "anth": "tn", "num": 1972, "name": "psa-ch-72"}, {"slug": "psa-ch-73", "anth": "tn", "num": 1973, "name": "psa-ch-73"}, {"slug": "psa-ch-74", "anth": "tn", "num": 1974, "name": "psa-ch-74"}, {"slug": "psa-ch-75", "anth": "tn", "num": 1975, "name": "psa-ch-75"}, {"slug": "psa-ch-76", "anth": "tn", "num": 1976, "name": "psa-ch-76"}, {"slug": "psa-ch-77", "anth": "tn", "num": 1977, "name": "psa-ch-77"}, {"slug": "psa-ch-78", "anth": "tn", "num": 1978, "name": "psa-ch-78"}, {"slug": "psa-ch-79", "anth": "tn", "num": 1979, "name": "psa-ch-79"}, {"slug": "psa-ch-80", "anth": "tn", "num": 1980, "name": "psa-ch-80"}, {"slug": "psa-ch-81", "anth": "tn", "num": 1981, "name": "psa-ch-81"}, {"slug": "psa-ch-82", "anth": "tn", "num": 1982, "name": "psa-ch-82"}, {"slug": "psa-ch-83", "anth": "tn", "num": 1983, "name": "psa-ch-83"}, {"slug": "psa-ch-84", "anth": "tn", "num": 1984, "name": "psa-ch-84"}, {"slug": "psa-ch-85", "anth": "tn", "num": 1985, "name": "psa-ch-85"}, {"slug": "psa-ch-86", "anth": "tn", "num": 1986, "name": "psa-ch-86"}, {"slug": "psa-ch-87", "anth": "tn", "num": 1987, "name": "psa-ch-87"}, {"slug": "psa-ch-88", "anth": "tn", "num": 1988, "name": "psa-ch-88"}, {"slug": "psa-ch-89", "anth": "tn", "num": 1989, "name": "psa-ch-89"}, {"slug": "psa-ch-90", "anth": "tn", "num": 1990, "name": "psa-ch-90"}, {"slug": "psa-ch-91", "anth": "tn", "num": 1991, "name": "psa-ch-91"}, {"slug": "psa-ch-92", "anth": "tn", "num": 1992, "name": "psa-ch-92"}, {"slug": "psa-ch-93", "anth": "tn", "num": 1993, "name": "psa-ch-93"}, {"slug": "psa-ch-94", "anth": "tn", "num": 1994, "name": "psa-ch-94"}, {"slug": "psa-ch-95", "anth": "tn", "num": 1995, "name": "psa-ch-95"}, {"slug": "psa-ch-96", "anth": "tn", "num": 1996, "name": "psa-ch-96"}, {"slug": "psa-ch-97", "anth": "tn", "num": 1997, "name": "psa-ch-97"}, {"slug": "psa-ch-98", "anth": "tn", "num": 1998, "name": "psa-ch-98"}, {"slug": "psa-ch-99", "anth": "tn", "num": 1999, "name": "psa-ch-99"}, {"slug": "psa-ch-100", "anth": "tn", "num": 2000, "name": "psa-ch-100"}, {"slug": "psa-ch-101", "anth": "tn", "num": 2001, "name": "psa-ch-101"}, {"slug": "psa-ch-102", "anth": "tn", "num": 2002, "name": "psa-ch-102"}, {"slug": "psa-ch-103", "anth": "tn", "num": 2003, "name": "psa-ch-103"}, {"slug": "psa-ch-104", "anth": "tn", "num": 2004, "name": "psa-ch-104"}, {"slug": "psa-ch-105", "anth": "tn", "num": 2005, "name": "psa-ch-105"}, {"slug": "psa-ch-106", "anth": "tn", "num": 2006, "name": "psa-ch-106"}, {"slug": "psa-ch-107", "anth": "tn", "num": 2007, "name": "psa-ch-107"}, {"slug": "psa-ch-108", "anth": "tn", "num": 2008, "name": "psa-ch-108"}, {"slug": "psa-ch-109", "anth": "tn", "num": 2009, "name": "psa-ch-109"}, {"slug": "psa-ch-110", "anth": "tn", "num": 2010, "name": "psa-ch-110"}, {"slug": "psa-ch-111", "anth": "tn", "num": 2011, "name": "psa-ch-111"}, {"slug": "psa-ch-112", "anth": "tn", "num": 2012, "name": "psa-ch-112"}, {"slug": "psa-ch-113", "anth": "tn", "num": 2013, "name": "psa-ch-113"}, {"slug": "psa-ch-114", "anth": "tn", "num": 2014, "name": "psa-ch-114"}, {"slug": "psa-ch-115", "anth": "tn", "num": 2015, "name": "psa-ch-115"}, {"slug": "psa-ch-116", "anth": "tn", "num": 2016, "name": "psa-ch-116"}, {"slug": "psa-ch-117", "anth": "tn", "num": 2017, "name": "psa-ch-117"}, {"slug": "psa-ch-118", "anth": "tn", "num": 2018, "name": "psa-ch-118"}, {"slug": "psa-ch-119", "anth": "tn", "num": 2019, "name": "psa-ch-119"}, {"slug": "psa-ch-120", "anth": "tn", "num": 2020, "name": "psa-ch-120"}, {"slug": "psa-ch-121", "anth": "tn", "num": 2021, "name": "psa-ch-121"}, {"slug": "psa-ch-122", "anth": "tn", "num": 2022, "name": "psa-ch-122"}, {"slug": "psa-ch-123", "anth": "tn", "num": 2023, "name": "psa-ch-123"}, {"slug": "psa-ch-124", "anth": "tn", "num": 2024, "name": "psa-ch-124"}, {"slug": "psa-ch-125", "anth": "tn", "num": 2025, "name": "psa-ch-125"}, {"slug": "psa-ch-126", "anth": "tn", "num": 2026, "name": "psa-ch-126"}, {"slug": "psa-ch-127", "anth": "tn", "num": 2027, "name": "psa-ch-127"}, {"slug": "psa-ch-128", "anth": "tn", "num": 2028, "name": "psa-ch-128"}, {"slug": "psa-ch-129", "anth": "tn", "num": 2029, "name": "psa-ch-129"}, {"slug": "psa-ch-130", "anth": "tn", "num": 2030, "name": "psa-ch-130"}, {"slug": "psa-ch-131", "anth": "tn", "num": 2031, "name": "psa-ch-131"}, {"slug": "psa-ch-132", "anth": "tn", "num": 2032, "name": "psa-ch-132"}, {"slug": "psa-ch-133", "anth": "tn", "num": 2033, "name": "psa-ch-133"}, {"slug": "psa-ch-134", "anth": "tn", "num": 2034, "name": "psa-ch-134"}, {"slug": "psa-ch-135", "anth": "tn", "num": 2035, "name": "psa-ch-135"}, {"slug": "psa-ch-136", "anth": "tn", "num": 2036, "name": "psa-ch-136"}, {"slug": "psa-ch-137", "anth": "tn", "num": 2037, "name": "psa-ch-137"}, {"slug": "psa-ch-138", "anth": "tn", "num": 2038, "name": "psa-ch-138"}, {"slug": "psa-ch-139", "anth": "tn", "num": 2039, "name": "psa-ch-139"}, {"slug": "psa-ch-140", "anth": "tn", "num": 2040, "name": "psa-ch-140"}, {"slug": "psa-ch-141", "anth": "tn", "num": 2041, "name": "psa-ch-141"}, {"slug": "psa-ch-142", "anth": "tn", "num": 2042, "name": "psa-ch-142"}, {"slug": "psa-ch-143", "anth": "tn", "num": 2043, "name": "psa-ch-143"}, {"slug": "psa-ch-144", "anth": "tn", "num": 2044, "name": "psa-ch-144"}, {"slug": "psa-ch-145", "anth": "tn", "num": 2045, "name": "psa-ch-145"}, {"slug": "psa-ch-146", "anth": "tn", "num": 2046, "name": "psa-ch-146"}, {"slug": "psa-ch-147", "anth": "tn", "num": 2047, "name": "psa-ch-147"}, {"slug": "psa-ch-148", "anth": "tn", "num": 2048, "name": "psa-ch-148"}, {"slug": "psa-ch-149", "anth": "tn", "num": 2049, "name": "psa-ch-149"}, {"slug": "psa-ch-150", "anth": "tn", "num": 2050, "name": "psa-ch-150"}, {"slug": "2ki-ch-1", "anth": "tn", "num": 1201, "name": "2ki-ch-1"}, {"slug": "2ki-ch-2", "anth": "tn", "num": 1202, "name": "2ki-ch-2"}, {"slug": "2ki-ch-3", "anth": "tn", "num": 1203, "name": "2ki-ch-3"}, {"slug": "2ki-ch-4", "anth": "tn", "num": 1204, "name": "2ki-ch-4"}, {"slug": "2ki-ch-5", "anth": "tn", "num": 1205, "name": "2ki-ch-5"}, {"slug": "2ki-ch-6", "anth": "tn", "num": 1206, "name": "2ki-ch-6"}, {"slug": "2ki-ch-7", "anth": "tn", "num": 1207, "name": "2ki-ch-7"}, {"slug": "2ki-ch-8", "anth": "tn", "num": 1208, "name": "2ki-ch-8"}, {"slug": "2ki-ch-9", "anth": "tn", "num": 1209, "name": "2ki-ch-9"}, {"slug": "2ki-ch-10", "anth": "tn", "num": 1210, "name": "2ki-ch-10"}, {"slug": "2ki-ch-11", "anth": "tn", "num": 1211, "name": "2ki-ch-11"}, {"slug": "2ki-ch-12", "anth": "tn", "num": 1212, "name": "2ki-ch-12"}, {"slug": "2ki-ch-13", "anth": "tn", "num": 1213, "name": "2ki-ch-13"}, {"slug": "2ki-ch-14", "anth": "tn", "num": 1214, "name": "2ki-ch-14"}, {"slug": "2ki-ch-15", "anth": "tn", "num": 1215, "name": "2ki-ch-15"}, {"slug": "2ki-ch-16", "anth": "tn", "num": 1216, "name": "2ki-ch-16"}, {"slug": "2ki-ch-17", "anth": "tn", "num": 1217, "name": "2ki-ch-17"}, {"slug": "2ki-ch-18", "anth": "tn", "num": 1218, "name": "2ki-ch-18"}, {"slug": "2ki-ch-19", "anth": "tn", "num": 1219, "name": "2ki-ch-19"}, {"slug": "2ki-ch-20", "anth": "tn", "num": 1220, "name": "2ki-ch-20"}, {"slug": "2ki-ch-21", "anth": "tn", "num": 1221, "name": "2ki-ch-21"}, {"slug": "2ki-ch-22", "anth": "tn", "num": 1222, "name": "2ki-ch-22"}, {"slug": "2ki-ch-23", "anth": "tn", "num": 1223, "name": "2ki-ch-23"}, {"slug": "2ki-ch-24", "anth": "tn", "num": 1224, "name": "2ki-ch-24"}, {"slug": "2ki-ch-25", "anth": "tn", "num": 1225, "name": "2ki-ch-25"}, {"slug": "hab-ch-1", "anth": "tn", "num": 3501, "name": "hab-ch-1"}, {"slug": "hab-ch-2", "anth": "tn", "num": 3502, "name": "hab-ch-2"}, {"slug": "hab-ch-3", "anth": "tn", "num": 3503, "name": "hab-ch-3"}, {"slug": "3jn-ch-1", "anth": "tn", "num": 6401, "name": "3jn-ch-1"}, {"slug": "rut-ch-1", "anth": "tn", "num": 801, "name": "rut-ch-1"}, {"slug": "rut-ch-2", "anth": "tn", "num": 802, "name": "rut-ch-2"}, {"slug": "rut-ch-3", "anth": "tn", "num": 803, "name": "rut-ch-3"}, {"slug": "rut-ch-4", "anth": "tn", "num": 804, "name": "rut-ch-4"}, {"slug": "heb-ch-1", "anth": "tn", "num": 5801, "name": "heb-ch-1"}, {"slug": "heb-ch-2", "anth": "tn", "num": 5802, "name": "heb-ch-2"}, {"slug": "heb-ch-3", "anth": "tn", "num": 5803, "name": "heb-ch-3"}, {"slug": "heb-ch-4", "anth": "tn", "num": 5804, "name": "heb-ch-4"}, {"slug": "heb-ch-5", "anth": "tn", "num": 5805, "name": "heb-ch-5"}, {"slug": "heb-ch-6", "anth": "tn", "num": 5806, "name": "heb-ch-6"}, {"slug": "heb-ch-7", "anth": "tn", "num": 5807, "name": "heb-ch-7"}, {"slug": "heb-ch-8", "anth": "tn", "num": 5808, "name": "heb-ch-8"}, {"slug": "heb-ch-9", "anth": "tn", "num": 5809, "name": "heb-ch-9"}, {"slug": "heb-ch-10", "anth": "tn", "num": 5810, "name": "heb-ch-10"}, {"slug": "heb-ch-11", "anth": "tn", "num": 5811, "name": "heb-ch-11"}, {"slug": "heb-ch-12", "anth": "tn", "num": 5812, "name": "heb-ch-12"}, {"slug": "heb-ch-13", "anth": "tn", "num": 5813, "name": "heb-ch-13"}, {"slug": "hag-ch-1", "anth": "tn", "num": 3701, "name": "hag-ch-1"}, {"slug": "hag-ch-2", "anth": "tn", "num": 3702, "name": "hag-ch-2"}, {"slug": "mal-ch-1", "anth": "tn", "num": 3901, "name": "mal-ch-1"}, {"slug": "mal-ch-2", "anth": "tn", "num": 3902, "name": "mal-ch-2"}, {"slug": "mal-ch-3", "anth": "tn", "num": 3903, "name": "mal-ch-3"}, {"slug": "mal-ch-4", "anth": "tn", "num": 3904, "name": "mal-ch-4"}, {"slug": "luk-ch-1", "anth": "tn", "num": 4201, "name": "luk-ch-1"}, {"slug": "luk-ch-2", "anth": "tn", "num": 4202, "name": "luk-ch-2"}, {"slug": "luk-ch-3", "anth": "tn", "num": 4203, "name": "luk-ch-3"}, {"slug": "luk-ch-4", "anth": "tn", "num": 4204, "name": "luk-ch-4"}, {"slug": "luk-ch-5", "anth": "tn", "num": 4205, "name": "luk-ch-5"}, {"slug": "luk-ch-6", "anth": "tn", "num": 4206, "name": "luk-ch-6"}, {"slug": "luk-ch-7", "anth": "tn", "num": 4207, "name": "luk-ch-7"}, {"slug": "luk-ch-8", "anth": "tn", "num": 4208, "name": "luk-ch-8"}, {"slug": "luk-ch-9", "anth": "tn", "num": 4209, "name": "luk-ch-9"}, {"slug": "luk-ch-10", "anth": "tn", "num": 4210, "name": "luk-ch-10"}, {"slug": "luk-ch-11", "anth": "tn", "num": 4211, "name": "luk-ch-11"}, {"slug": "luk-ch-12", "anth": "tn", "num": 4212, "name": "luk-ch-12"}, {"slug": "luk-ch-13", "anth": "tn", "num": 4213, "name": "luk-ch-13"}, {"slug": "luk-ch-14", "anth": "tn", "num": 4214, "name": "luk-ch-14"}, {"slug": "luk-ch-15", "anth": "tn", "num": 4215, "name": "luk-ch-15"}, {"slug": "luk-ch-16", "anth": "tn", "num": 4216, "name": "luk-ch-16"}, {"slug": "luk-ch-17", "anth": "tn", "num": 4217, "name": "luk-ch-17"}, {"slug": "luk-ch-18", "anth": "tn", "num": 4218, "name": "luk-ch-18"}, {"slug": "luk-ch-19", "anth": "tn", "num": 4219, "name": "luk-ch-19"}, {"slug": "luk-ch-20", "anth": "tn", "num": 4220, "name": "luk-ch-20"}, {"slug": "luk-ch-21", "anth": "tn", "num": 4221, "name": "luk-ch-21"}, {"slug": "luk-ch-22", "anth": "tn", "num": 4222, "name": "luk-ch-22"}, {"slug": "luk-ch-23", "anth": "tn", "num": 4223, "name": "luk-ch-23"}, {"slug": "luk-ch-24", "anth": "tn", "num": 4224, "name": "luk-ch-24"}, {"slug": "hos-ch-1", "anth": "tn", "num": 2801, "name": "hos-ch-1"}, {"slug": "hos-ch-2", "anth": "tn", "num": 2802, "name": "hos-ch-2"}, {"slug": "hos-ch-3", "anth": "tn", "num": 2803, "name": "hos-ch-3"}, {"slug": "hos-ch-4", "anth": "tn", "num": 2804, "name": "hos-ch-4"}, {"slug": "hos-ch-5", "anth": "tn", "num": 2805, "name": "hos-ch-5"}, {"slug": "hos-ch-6", "anth": "tn", "num": 2806, "name": "hos-ch-6"}, {"slug": "hos-ch-7", "anth": "tn", "num": 2807, "name": "hos-ch-7"}, {"slug": "hos-ch-8", "anth": "tn", "num": 2808, "name": "hos-ch-8"}, {"slug": "hos-ch-9", "anth": "tn", "num": 2809, "name": "hos-ch-9"}, {"slug": "hos-ch-10", "anth": "tn", "num": 2810, "name": "hos-ch-10"}, {"slug": "hos-ch-11", "anth": "tn", "num": 2811, "name": "hos-ch-11"}, {"slug": "hos-ch-12", "anth": "tn", "num": 2812, "name": "hos-ch-12"}, {"slug": "hos-ch-13", "anth": "tn", "num": 2813, "name": "hos-ch-13"}, {"slug": "hos-ch-14", "anth": "tn", "num": 2814, "name": "hos-ch-14"}, {"slug": "sng-ch-1", "anth": "tn", "num": 2201, "name": "sng-ch-1"}, {"slug": "sng-ch-2", "anth": "tn", "num": 2202, "name": "sng-ch-2"}, {"slug": "sng-ch-3", "anth": "tn", "num": 2203, "name": "sng-ch-3"}, {"slug": "sng-ch-4", "anth": "tn", "num": 2204, "name": "sng-ch-4"}, {"slug": "sng-ch-5", "anth": "tn", "num": 2205, "name": "sng-ch-5"}, {"slug": "sng-ch-6", "anth": "tn", "num": 2206, "name": "sng-ch-6"}, {"slug": "sng-ch-7", "anth": "tn", "num": 2207, "name": "sng-ch-7"}, {"slug": "sng-ch-8", "anth": "tn", "num": 2208, "name": "sng-ch-8"}, {"slug": "1ki-ch-1", "anth": "tn", "num": 1101, "name": "1ki-ch-1"}, {"slug": "1ki-ch-2", "anth": "tn", "num": 1102, "name": "1ki-ch-2"}, {"slug": "1ki-ch-3", "anth": "tn", "num": 1103, "name": "1ki-ch-3"}, {"slug": "1ki-ch-4", "anth": "tn", "num": 1104, "name": "1ki-ch-4"}, {"slug": "1ki-ch-5", "anth": "tn", "num": 1105, "name": "1ki-ch-5"}, {"slug": "1ki-ch-6", "anth": "tn", "num": 1106, "name": "1ki-ch-6"}, {"slug": "1ki-ch-7", "anth": "tn", "num": 1107, "name": "1ki-ch-7"}, {"slug": "1ki-ch-8", "anth": "tn", "num": 1108, "name": "1ki-ch-8"}, {"slug": "1ki-ch-9", "anth": "tn", "num": 1109, "name": "1ki-ch-9"}, {"slug": "1ki-ch-10", "anth": "tn", "num": 1110, "name": "1ki-ch-10"}, {"slug": "1ki-ch-11", "anth": "tn", "num": 1111, "name": "1ki-ch-11"}, {"slug": "1ki-ch-12", "anth": "tn", "num": 1112, "name": "1ki-ch-12"}, {"slug": "1ki-ch-13", "anth": "tn", "num": 1113, "name": "1ki-ch-13"}, {"slug": "1ki-ch-14", "anth": "tn", "num": 1114, "name": "1ki-ch-14"}, {"slug": "1ki-ch-15", "anth": "tn", "num": 1115, "name": "1ki-ch-15"}, {"slug": "1ki-ch-16", "anth": "tn", "num": 1116, "name": "1ki-ch-16"}, {"slug": "1ki-ch-17", "anth": "tn", "num": 1117, "name": "1ki-ch-17"}, {"slug": "1ki-ch-18", "anth": "tn", "num": 1118, "name": "1ki-ch-18"}, {"slug": "1ki-ch-19", "anth": "tn", "num": 1119, "name": "1ki-ch-19"}, {"slug": "1ki-ch-20", "anth": "tn", "num": 1120, "name": "1ki-ch-20"}, {"slug": "1ki-ch-21", "anth": "tn", "num": 1121, "name": "1ki-ch-21"}, {"slug": "1ki-ch-22", "anth": "tn", "num": 1122, "name": "1ki-ch-22"}, {"slug": "jos-ch-1", "anth": "tn", "num": 601, "name": "jos-ch-1"}, {"slug": "jos-ch-2", "anth": "tn", "num": 602, "name": "jos-ch-2"}, {"slug": "jos-ch-3", "anth": "tn", "num": 603, "name": "jos-ch-3"}, {"slug": "jos-ch-4", "anth": "tn", "num": 604, "name": "jos-ch-4"}, {"slug": "jos-ch-5", "anth": "tn", "num": 605, "name": "jos-ch-5"}, {"slug": "jos-ch-6", "anth": "tn", "num": 606, "name": "jos-ch-6"}, {"slug": "jos-ch-7", "anth": "tn", "num": 607, "name": "jos-ch-7"}, {"slug": "jos-ch-8", "anth": "tn", "num": 608, "name": "jos-ch-8"}, {"slug": "jos-ch-9", "anth": "tn", "num": 609, "name": "jos-ch-9"}, {"slug": "jos-ch-10", "anth": "tn", "num": 610, "name": "jos-ch-10"}, {"slug": "jos-ch-11", "anth": "tn", "num": 611, "name": "jos-ch-11"}, {"slug": "jos-ch-12", "anth": "tn", "num": 612, "name": "jos-ch-12"}, {"slug": "jos-ch-13", "anth": "tn", "num": 613, "name": "jos-ch-13"}, {"slug": "jos-ch-14", "anth": "tn", "num": 614, "name": "jos-ch-14"}, {"slug": "jos-ch-15", "anth": "tn", "num": 615, "name": "jos-ch-15"}, {"slug": "jos-ch-16", "anth": "tn", "num": 616, "name": "jos-ch-16"}, {"slug": "jos-ch-17", "anth": "tn", "num": 617, "name": "jos-ch-17"}, {"slug": "jos-ch-18", "anth": "tn", "num": 618, "name": "jos-ch-18"}, {"slug": "jos-ch-19", "anth": "tn", "num": 619, "name": "jos-ch-19"}, {"slug": "jos-ch-20", "anth": "tn", "num": 620, "name": "jos-ch-20"}, {"slug": "jos-ch-21", "anth": "tn", "num": 621, "name": "jos-ch-21"}, {"slug": "jos-ch-22", "anth": "tn", "num": 622, "name": "jos-ch-22"}, {"slug": "jos-ch-23", "anth": "tn", "num": 623, "name": "jos-ch-23"}, {"slug": "jos-ch-24", "anth": "tn", "num": 624, "name": "jos-ch-24"}, {"slug": "ecc-ch-1", "anth": "tn", "num": 2101, "name": "ecc-ch-1"}, {"slug": "ecc-ch-2", "anth": "tn", "num": 2102, "name": "ecc-ch-2"}, {"slug": "ecc-ch-3", "anth": "tn", "num": 2103, "name": "ecc-ch-3"}, {"slug": "ecc-ch-4", "anth": "tn", "num": 2104, "name": "ecc-ch-4"}, {"slug": "ecc-ch-5", "anth": "tn", "num": 2105, "name": "ecc-ch-5"}, {"slug": "ecc-ch-6", "anth": "tn", "num": 2106, "name": "ecc-ch-6"}, {"slug": "ecc-ch-7", "anth": "tn", "num": 2107, "name": "ecc-ch-7"}, {"slug": "ecc-ch-8", "anth": "tn", "num": 2108, "name": "ecc-ch-8"}, {"slug": "ecc-ch-9", "anth": "tn", "num": 2109, "name": "ecc-ch-9"}, {"slug": "ecc-ch-10", "anth": "tn", "num": 2110, "name": "ecc-ch-10"}, {"slug": "ecc-ch-11", "anth": "tn", "num": 2111, "name": "ecc-ch-11"}, {"slug": "ecc-ch-12", "anth": "tn", "num": 2112, "name": "ecc-ch-12"}, {"slug": "mat-ch-1", "anth": "tn", "num": 4001, "name": "mat-ch-1"}, {"slug": "mat-ch-2", "anth": "tn", "num": 4002, "name": "mat-ch-2"}, {"slug": "mat-ch-3", "anth": "tn", "num": 4003, "name": "mat-ch-3"}, {"slug": "mat-ch-4", "anth": "tn", "num": 4004, "name": "mat-ch-4"}, {"slug": "mat-ch-5", "anth": "tn", "num": 4005, "name": "mat-ch-5"}, {"slug": "mat-ch-6", "anth": "tn", "num": 4006, "name": "mat-ch-6"}, {"slug": "mat-ch-7", "anth": "tn", "num": 4007, "name": "mat-ch-7"}, {"slug": "mat-ch-8", "anth": "tn", "num": 4008, "name": "mat-ch-8"}, {"slug": "mat-ch-9", "anth": "tn", "num": 4009, "name": "mat-ch-9"}, {"slug": "mat-ch-10", "anth": "tn", "num": 4010, "name": "mat-ch-10"}, {"slug": "mat-ch-11", "anth": "tn", "num": 4011, "name": "mat-ch-11"}, {"slug": "mat-ch-12", "anth": "tn", "num": 4012, "name": "mat-ch-12"}, {"slug": "mat-ch-13", "anth": "tn", "num": 4013, "name": "mat-ch-13"}, {"slug": "mat-ch-14", "anth": "tn", "num": 4014, "name": "mat-ch-14"}, {"slug": "mat-ch-15", "anth": "tn", "num": 4015, "name": "mat-ch-15"}, {"slug": "mat-ch-16", "anth": "tn", "num": 4016, "name": "mat-ch-16"}, {"slug": "mat-ch-17", "anth": "tn", "num": 4017, "name": "mat-ch-17"}, {"slug": "mat-ch-18", "anth": "tn", "num": 4018, "name": "mat-ch-18"}, {"slug": "mat-ch-19", "anth": "tn", "num": 4019, "name": "mat-ch-19"}, {"slug": "mat-ch-20", "anth": "tn", "num": 4020, "name": "mat-ch-20"}, {"slug": "mat-ch-21", "anth": "tn", "num": 4021, "name": "mat-ch-21"}, {"slug": "mat-ch-22", "anth": "tn", "num": 4022, "name": "mat-ch-22"}, {"slug": "mat-ch-23", "anth": "tn", "num": 4023, "name": "mat-ch-23"}, {"slug": "mat-ch-24", "anth": "tn", "num": 4024, "name": "mat-ch-24"}, {"slug": "mat-ch-25", "anth": "tn", "num": 4025, "name": "mat-ch-25"}, {"slug": "mat-ch-26", "anth": "tn", "num": 4026, "name": "mat-ch-26"}, {"slug": "mat-ch-27", "anth": "tn", "num": 4027, "name": "mat-ch-27"}, {"slug": "mat-ch-28", "anth": "tn", "num": 4028, "name": "mat-ch-28"}, {"slug": "phm-ch-1", "anth": "tn", "num": 5701, "name": "phm-ch-1"}, {"slug": "nam-ch-1", "anth": "tn", "num": 3401, "name": "nam-ch-1"}, {"slug": "nam-ch-2", "anth": "tn", "num": 3402, "name": "nam-ch-2"}, {"slug": "nam-ch-3", "anth": "tn", "num": 3403, "name": "nam-ch-3"}, {"slug": "dan-ch-1", "anth": "tn", "num": 2701, "name": "dan-ch-1"}, {"slug": "dan-ch-2", "anth": "tn", "num": 2702, "name": "dan-ch-2"}, {"slug": "dan-ch-3", "anth": "tn", "num": 2703, "name": "dan-ch-3"}, {"slug": "dan-ch-4", "anth": "tn", "num": 2704, "name": "dan-ch-4"}, {"slug": "dan-ch-5", "anth": "tn", "num": 2705, "name": "dan-ch-5"}, {"slug": "dan-ch-6", "anth": "tn", "num": 2706, "name": "dan-ch-6"}, {"slug": "dan-ch-7", "anth": "tn", "num": 2707, "name": "dan-ch-7"}, {"slug": "dan-ch-8", "anth": "tn", "num": 2708, "name": "dan-ch-8"}, {"slug": "dan-ch-9", "anth": "tn", "num": 2709, "name": "dan-ch-9"}, {"slug": "dan-ch-10", "anth": "tn", "num": 2710, "name": "dan-ch-10"}, {"slug": "dan-ch-11", "anth": "tn", "num": 2711, "name": "dan-ch-11"}, {"slug": "dan-ch-12", "anth": "tn", "num": 2712, "name": "dan-ch-12"}, {"slug": "act-ch-1", "anth": "tn", "num": 4401, "name": "act-ch-1"}, {"slug": "act-ch-2", "anth": "tn", "num": 4402, "name": "act-ch-2"}, {"slug": "act-ch-3", "anth": "tn", "num": 4403, "name": "act-ch-3"}, {"slug": "act-ch-4", "anth": "tn", "num": 4404, "name": "act-ch-4"}, {"slug": "act-ch-5", "anth": "tn", "num": 4405, "name": "act-ch-5"}, {"slug": "act-ch-6", "anth": "tn", "num": 4406, "name": "act-ch-6"}, {"slug": "act-ch-7", "anth": "tn", "num": 4407, "name": "act-ch-7"}, {"slug": "act-ch-8", "anth": "tn", "num": 4408, "name": "act-ch-8"}, {"slug": "act-ch-9", "anth": "tn", "num": 4409, "name": "act-ch-9"}, {"slug": "act-ch-10", "anth": "tn", "num": 4410, "name": "act-ch-10"}, {"slug": "act-ch-11", "anth": "tn", "num": 4411, "name": "act-ch-11"}, {"slug": "act-ch-12", "anth": "tn", "num": 4412, "name": "act-ch-12"}, {"slug": "act-ch-13", "anth": "tn", "num": 4413, "name": "act-ch-13"}, {"slug": "act-ch-14", "anth": "tn", "num": 4414, "name": "act-ch-14"}, {"slug": "act-ch-15", "anth": "tn", "num": 4415, "name": "act-ch-15"}, {"slug": "act-ch-16", "anth": "tn", "num": 4416, "name": "act-ch-16"}, {"slug": "act-ch-17", "anth": "tn", "num": 4417, "name": "act-ch-17"}, {"slug": "act-ch-18", "anth": "tn", "num": 4418, "name": "act-ch-18"}, {"slug": "act-ch-19", "anth": "tn", "num": 4419, "name": "act-ch-19"}, {"slug": "act-ch-20", "anth": "tn", "num": 4420, "name": "act-ch-20"}, {"slug": "act-ch-21", "anth": "tn", "num": 4421, "name": "act-ch-21"}, {"slug": "act-ch-22", "anth": "tn", "num": 4422, "name": "act-ch-22"}, {"slug": "act-ch-23", "anth": "tn", "num": 4423, "name": "act-ch-23"}, {"slug": "act-ch-24", "anth": "tn", "num": 4424, "name": "act-ch-24"}, {"slug": "act-ch-25", "anth": "tn", "num": 4425, "name": "act-ch-25"}, {"slug": "act-ch-26", "anth": "tn", "num": 4426, "name": "act-ch-26"}, {"slug": "act-ch-27", "anth": "tn", "num": 4427, "name": "act-ch-27"}, {"slug": "act-ch-28", "anth": "tn", "num": 4428, "name": "act-ch-28"}, {"slug": "2ti-ch-1", "anth": "tn", "num": 5501, "name": "2ti-ch-1"}, {"slug": "2ti-ch-2", "anth": "tn", "num": 5502, "name": "2ti-ch-2"}, {"slug": "2ti-ch-3", "anth": "tn", "num": 5503, "name": "2ti-ch-3"}, {"slug": "2ti-ch-4", "anth": "tn", "num": 5504, "name": "2ti-ch-4"}, {"slug": "2th-ch-1", "anth": "tn", "num": 5301, "name": "2th-ch-1"}, {"slug": "2th-ch-2", "anth": "tn", "num": 5302, "name": "2th-ch-2"}, {"slug": "2th-ch-3", "anth": "tn", "num": 5303, "name": "2th-ch-3"}, {"slug": "1pe-ch-1", "anth": "tn", "num": 6001, "name": "1pe-ch-1"}, {"slug": "1pe-ch-2", "anth": "tn", "num": 6002, "name": "1pe-ch-2"}, {"slug": "1pe-ch-3", "anth": "tn", "num": 6003, "name": "1pe-ch-3"}, {"slug": "1pe-ch-4", "anth": "tn", "num": 6004, "name": "1pe-ch-4"}, {"slug": "1pe-ch-5", "anth": "tn", "num": 6005, "name": "1pe-ch-5"}, {"slug": "job-ch-1", "anth": "tn", "num": 1801, "name": "job-ch-1"}, {"slug": "job-ch-2", "anth": "tn", "num": 1802, "name": "job-ch-2"}, {"slug": "job-ch-3", "anth": "tn", "num": 1803, "name": "job-ch-3"}, {"slug": "job-ch-4", "anth": "tn", "num": 1804, "name": "job-ch-4"}, {"slug": "job-ch-5", "anth": "tn", "num": 1805, "name": "job-ch-5"}, {"slug": "job-ch-6", "anth": "tn", "num": 1806, "name": "job-ch-6"}, {"slug": "job-ch-7", "anth": "tn", "num": 1807, "name": "job-ch-7"}, {"slug": "job-ch-8", "anth": "tn", "num": 1808, "name": "job-ch-8"}, {"slug": "job-ch-9", "anth": "tn", "num": 1809, "name": "job-ch-9"}, {"slug": "job-ch-10", "anth": "tn", "num": 1810, "name": "job-ch-10"}, {"slug": "job-ch-11", "anth": "tn", "num": 1811, "name": "job-ch-11"}, {"slug": "job-ch-12", "anth": "tn", "num": 1812, "name": "job-ch-12"}, {"slug": "job-ch-13", "anth": "tn", "num": 1813, "name": "job-ch-13"}, {"slug": "job-ch-14", "anth": "tn", "num": 1814, "name": "job-ch-14"}, {"slug": "job-ch-15", "anth": "tn", "num": 1815, "name": "job-ch-15"}, {"slug": "job-ch-16", "anth": "tn", "num": 1816, "name": "job-ch-16"}, {"slug": "job-ch-17", "anth": "tn", "num": 1817, "name": "job-ch-17"}, {"slug": "job-ch-18", "anth": "tn", "num": 1818, "name": "job-ch-18"}, {"slug": "job-ch-19", "anth": "tn", "num": 1819, "name": "job-ch-19"}, {"slug": "job-ch-20", "anth": "tn", "num": 1820, "name": "job-ch-20"}, {"slug": "job-ch-21", "anth": "tn", "num": 1821, "name": "job-ch-21"}, {"slug": "job-ch-22", "anth": "tn", "num": 1822, "name": "job-ch-22"}, {"slug": "job-ch-23", "anth": "tn", "num": 1823, "name": "job-ch-23"}, {"slug": "job-ch-24", "anth": "tn", "num": 1824, "name": "job-ch-24"}, {"slug": "job-ch-25", "anth": "tn", "num": 1825, "name": "job-ch-25"}, {"slug": "job-ch-26", "anth": "tn", "num": 1826, "name": "job-ch-26"}, {"slug": "job-ch-27", "anth": "tn", "num": 1827, "name": "job-ch-27"}, {"slug": "job-ch-28", "anth": "tn", "num": 1828, "name": "job-ch-28"}, {"slug": "job-ch-29", "anth": "tn", "num": 1829, "name": "job-ch-29"}, {"slug": "job-ch-30", "anth": "tn", "num": 1830, "name": "job-ch-30"}, {"slug": "job-ch-31", "anth": "tn", "num": 1831, "name": "job-ch-31"}, {"slug": "job-ch-32", "anth": "tn", "num": 1832, "name": "job-ch-32"}, {"slug": "job-ch-33", "anth": "tn", "num": 1833, "name": "job-ch-33"}, {"slug": "job-ch-34", "anth": "tn", "num": 1834, "name": "job-ch-34"}, {"slug": "job-ch-35", "anth": "tn", "num": 1835, "name": "job-ch-35"}, {"slug": "job-ch-36", "anth": "tn", "num": 1836, "name": "job-ch-36"}, {"slug": "job-ch-37", "anth": "tn", "num": 1837, "name": "job-ch-37"}, {"slug": "job-ch-38", "anth": "tn", "num": 1838, "name": "job-ch-38"}, {"slug": "job-ch-39", "anth": "tn", "num": 1839, "name": "job-ch-39"}, {"slug": "job-ch-40", "anth": "tn", "num": 1840, "name": "job-ch-40"}, {"slug": "job-ch-41", "anth": "tn", "num": 1841, "name": "job-ch-41"}, {"slug": "job-ch-42", "anth": "tn", "num": 1842, "name": "job-ch-42"}, {"slug": "gal-ch-1", "anth": "tn", "num": 4801, "name": "gal-ch-1"}, {"slug": "gal-ch-2", "anth": "tn", "num": 4802, "name": "gal-ch-2"}, {"slug": "gal-ch-3", "anth": "tn", "num": 4803, "name": "gal-ch-3"}, {"slug": "gal-ch-4", "anth": "tn", "num": 4804, "name": "gal-ch-4"}, {"slug": "gal-ch-5", "anth": "tn", "num": 4805, "name": "gal-ch-5"}, {"slug": "gal-ch-6", "anth": "tn", "num": 4806, "name": "gal-ch-6"}, {"slug": "2pe-ch-1", "anth": "tn", "num": 6101, "name": "2pe-ch-1"}, {"slug": "2pe-ch-2", "anth": "tn", "num": 6102, "name": "2pe-ch-2"}, {"slug": "2pe-ch-3", "anth": "tn", "num": 6103, "name": "2pe-ch-3"}, {"slug": "lev-ch-1", "anth": "tn", "num": 301, "name": "lev-ch-1"}, {"slug": "lev-ch-2", "anth": "tn", "num": 302, "name": "lev-ch-2"}, {"slug": "lev-ch-3", "anth": "tn", "num": 303, "name": "lev-ch-3"}, {"slug": "lev-ch-4", "anth": "tn", "num": 304, "name": "lev-ch-4"}, {"slug": "lev-ch-5", "anth": "tn", "num": 305, "name": "lev-ch-5"}, {"slug": "lev-ch-6", "anth": "tn", "num": 306, "name": "lev-ch-6"}, {"slug": "lev-ch-7", "anth": "tn", "num": 307, "name": "lev-ch-7"}, {"slug": "lev-ch-8", "anth": "tn", "num": 308, "name": "lev-ch-8"}, {"slug": "lev-ch-9", "anth": "tn", "num": 309, "name": "lev-ch-9"}, {"slug": "lev-ch-10", "anth": "tn", "num": 310, "name": "lev-ch-10"}, {"slug": "lev-ch-11", "anth": "tn", "num": 311, "name": "lev-ch-11"}, {"slug": "lev-ch-12", "anth": "tn", "num": 312, "name": "lev-ch-12"}, {"slug": "lev-ch-13", "anth": "tn", "num": 313, "name": "lev-ch-13"}, {"slug": "lev-ch-14", "anth": "tn", "num": 314, "name": "lev-ch-14"}, {"slug": "lev-ch-15", "anth": "tn", "num": 315, "name": "lev-ch-15"}, {"slug": "lev-ch-16", "anth": "tn", "num": 316, "name": "lev-ch-16"}, {"slug": "lev-ch-17", "anth": "tn", "num": 317, "name": "lev-ch-17"}, {"slug": "lev-ch-18", "anth": "tn", "num": 318, "name": "lev-ch-18"}, {"slug": "lev-ch-19", "anth": "tn", "num": 319, "name": "lev-ch-19"}, {"slug": "lev-ch-20", "anth": "tn", "num": 320, "name": "lev-ch-20"}, {"slug": "lev-ch-21", "anth": "tn", "num": 321, "name": "lev-ch-21"}, {"slug": "lev-ch-22", "anth": "tn", "num": 322, "name": "lev-ch-22"}, {"slug": "lev-ch-23", "anth": "tn", "num": 323, "name": "lev-ch-23"}, {"slug": "lev-ch-24", "anth": "tn", "num": 324, "name": "lev-ch-24"}, {"slug": "lev-ch-25", "anth": "tn", "num": 325, "name": "lev-ch-25"}, {"slug": "lev-ch-26", "anth": "tn", "num": 326, "name": "lev-ch-26"}, {"slug": "lev-ch-27", "anth": "tn", "num": 327, "name": "lev-ch-27"}, {"slug": "php-ch-1", "anth": "tn", "num": 5001, "name": "php-ch-1"}, {"slug": "php-ch-2", "anth": "tn", "num": 5002, "name": "php-ch-2"}, {"slug": "php-ch-3", "anth": "tn", "num": 5003, "name": "php-ch-3"}, {"slug": "php-ch-4", "anth": "tn", "num": 5004, "name": "php-ch-4"}, {"slug": "jol-ch-1", "anth": "tn", "num": 2901, "name": "jol-ch-1"}, {"slug": "jol-ch-2", "anth": "tn", "num": 2902, "name": "jol-ch-2"}, {"slug": "jol-ch-3", "anth": "tn", "num": 2903, "name": "jol-ch-3"}, {"slug": "gen-ch-1", "anth": "tn", "num": 101, "name": "gen-ch-1"}, {"slug": "gen-ch-2", "anth": "tn", "num": 102, "name": "gen-ch-2"}, {"slug": "gen-ch-3", "anth": "tn", "num": 103, "name": "gen-ch-3"}, {"slug": "gen-ch-4", "anth": "tn", "num": 104, "name": "gen-ch-4"}, {"slug": "gen-ch-5", "anth": "tn", "num": 105, "name": "gen-ch-5"}, {"slug": "gen-ch-6", "anth": "tn", "num": 106, "name": "gen-ch-6"}, {"slug": "gen-ch-7", "anth": "tn", "num": 107, "name": "gen-ch-7"}, {"slug": "gen-ch-8", "anth": "tn", "num": 108, "name": "gen-ch-8"}, {"slug": "gen-ch-9", "anth": "tn", "num": 109, "name": "gen-ch-9"}, {"slug": "gen-ch-10", "anth": "tn", "num": 110, "name": "gen-ch-10"}, {"slug": "gen-ch-11", "anth": "tn", "num": 111, "name": "gen-ch-11"}, {"slug": "gen-ch-12", "anth": "tn", "num": 112, "name": "gen-ch-12"}, {"slug": "gen-ch-13", "anth": "tn", "num": 113, "name": "gen-ch-13"}, {"slug": "gen-ch-14", "anth": "tn", "num": 114, "name": "gen-ch-14"}, {"slug": "gen-ch-15", "anth": "tn", "num": 115, "name": "gen-ch-15"}, {"slug": "gen-ch-16", "anth": "tn", "num": 116, "name": "gen-ch-16"}, {"slug": "gen-ch-17", "anth": "tn", "num": 117, "name": "gen-ch-17"}, {"slug": "gen-ch-18", "anth": "tn", "num": 118, "name": "gen-ch-18"}, {"slug": "gen-ch-19", "anth": "tn", "num": 119, "name": "gen-ch-19"}, {"slug": "gen-ch-20", "anth": "tn", "num": 120, "name": "gen-ch-20"}, {"slug": "gen-ch-21", "anth": "tn", "num": 121, "name": "gen-ch-21"}, {"slug": "gen-ch-22", "anth": "tn", "num": 122, "name": "gen-ch-22"}, {"slug": "gen-ch-23", "anth": "tn", "num": 123, "name": "gen-ch-23"}, {"slug": "gen-ch-24", "anth": "tn", "num": 124, "name": "gen-ch-24"}, {"slug": "gen-ch-25", "anth": "tn", "num": 125, "name": "gen-ch-25"}, {"slug": "gen-ch-26", "anth": "tn", "num": 126, "name": "gen-ch-26"}, {"slug": "gen-ch-27", "anth": "tn", "num": 127, "name": "gen-ch-27"}, {"slug": "gen-ch-28", "anth": "tn", "num": 128, "name": "gen-ch-28"}, {"slug": "gen-ch-29", "anth": "tn", "num": 129, "name": "gen-ch-29"}, {"slug": "gen-ch-30", "anth": "tn", "num": 130, "name": "gen-ch-30"}, {"slug": "gen-ch-31", "anth": "tn", "num": 131, "name": "gen-ch-31"}, {"slug": "gen-ch-32", "anth": "tn", "num": 132, "name": "gen-ch-32"}, {"slug": "gen-ch-33", "anth": "tn", "num": 133, "name": "gen-ch-33"}, {"slug": "gen-ch-34", "anth": "tn", "num": 134, "name": "gen-ch-34"}, {"slug": "gen-ch-35", "anth": "tn", "num": 135, "name": "gen-ch-35"}, {"slug": "gen-ch-36", "anth": "tn", "num": 136, "name": "gen-ch-36"}, {"slug": "gen-ch-37", "anth": "tn", "num": 137, "name": "gen-ch-37"}, {"slug": "gen-ch-38", "anth": "tn", "num": 138, "name": "gen-ch-38"}, {"slug": "gen-ch-39", "anth": "tn", "num": 139, "name": "gen-ch-39"}, {"slug": "gen-ch-40", "anth": "tn", "num": 140, "name": "gen-ch-40"}, {"slug": "gen-ch-41", "anth": "tn", "num": 141, "name": "gen-ch-41"}, {"slug": "gen-ch-42", "anth": "tn", "num": 142, "name": "gen-ch-42"}, {"slug": "gen-ch-43", "anth": "tn", "num": 143, "name": "gen-ch-43"}, {"slug": "gen-ch-44", "anth": "tn", "num": 144, "name": "gen-ch-44"}, {"slug": "gen-ch-45", "anth": "tn", "num": 145, "name": "gen-ch-45"}, {"slug": "gen-ch-46", "anth": "tn", "num": 146, "name": "gen-ch-46"}, {"slug": "gen-ch-47", "anth": "tn", "num": 147, "name": "gen-ch-47"}, {"slug": "gen-ch-48", "anth": "tn", "num": 148, "name": "gen-ch-48"}, {"slug": "gen-ch-49", "anth": "tn", "num": 149, "name": "gen-ch-49"}, {"slug": "gen-ch-50", "anth": "tn", "num": 150, "name": "gen-ch-50"}, {"slug": "1th-ch-1", "anth": "tn", "num": 5201, "name": "1th-ch-1"}, {"slug": "1th-ch-2", "anth": "tn", "num": 5202, "name": "1th-ch-2"}, {"slug": "1th-ch-3", "anth": "tn", "num": 5203, "name": "1th-ch-3"}, {"slug": "1th-ch-4", "anth": "tn", "num": 5204, "name": "1th-ch-4"}, {"slug": "1th-ch-5", "anth": "tn", "num": 5205, "name": "1th-ch-5"}, {"slug": "1ti-ch-1", "anth": "tn", "num": 5401, "name": "1ti-ch-1"}, {"slug": "1ti-ch-2", "anth": "tn", "num": 5402, "name": "1ti-ch-2"}, {"slug": "1ti-ch-3", "anth": "tn", "num": 5403, "name": "1ti-ch-3"}, {"slug": "1ti-ch-4", "anth": "tn", "num": 5404, "name": "1ti-ch-4"}, {"slug": "1ti-ch-5", "anth": "tn", "num": 5405, "name": "1ti-ch-5"}, {"slug": "1ti-ch-6", "anth": "tn", "num": 5406, "name": "1ti-ch-6"}, {"slug": "amo-ch-1", "anth": "tn", "num": 3001, "name": "amo-ch-1"}, {"slug": "amo-ch-2", "anth": "tn", "num": 3002, "name": "amo-ch-2"}, {"slug": "amo-ch-3", "anth": "tn", "num": 3003, "name": "amo-ch-3"}, {"slug": "amo-ch-4", "anth": "tn", "num": 3004, "name": "amo-ch-4"}, {"slug": "amo-ch-5", "anth": "tn", "num": 3005, "name": "amo-ch-5"}, {"slug": "amo-ch-6", "anth": "tn", "num": 3006, "name": "amo-ch-6"}, {"slug": "amo-ch-7", "anth": "tn", "num": 3007, "name": "amo-ch-7"}, {"slug": "amo-ch-8", "anth": "tn", "num": 3008, "name": "amo-ch-8"}, {"slug": "amo-ch-9", "anth": "tn", "num": 3009, "name": "amo-ch-9"}, {"slug": "exo-ch-1", "anth": "tn", "num": 201, "name": "exo-ch-1"}, {"slug": "exo-ch-2", "anth": "tn", "num": 202, "name": "exo-ch-2"}, {"slug": "exo-ch-3", "anth": "tn", "num": 203, "name": "exo-ch-3"}, {"slug": "exo-ch-4", "anth": "tn", "num": 204, "name": "exo-ch-4"}, {"slug": "exo-ch-5", "anth": "tn", "num": 205, "name": "exo-ch-5"}, {"slug": "exo-ch-6", "anth": "tn", "num": 206, "name": "exo-ch-6"}, {"slug": "exo-ch-7", "anth": "tn", "num": 207, "name": "exo-ch-7"}, {"slug": "exo-ch-8", "anth": "tn", "num": 208, "name": "exo-ch-8"}, {"slug": "exo-ch-9", "anth": "tn", "num": 209, "name": "exo-ch-9"}, {"slug": "exo-ch-10", "anth": "tn", "num": 210, "name": "exo-ch-10"}, {"slug": "exo-ch-11", "anth": "tn", "num": 211, "name": "exo-ch-11"}, {"slug": "exo-ch-12", "anth": "tn", "num": 212, "name": "exo-ch-12"}, {"slug": "exo-ch-13", "anth": "tn", "num": 213, "name": "exo-ch-13"}, {"slug": "exo-ch-14", "anth": "tn", "num": 214, "name": "exo-ch-14"}, {"slug": "exo-ch-15", "anth": "tn", "num": 215, "name": "exo-ch-15"}, {"slug": "exo-ch-16", "anth": "tn", "num": 216, "name": "exo-ch-16"}, {"slug": "exo-ch-17", "anth": "tn", "num": 217, "name": "exo-ch-17"}, {"slug": "exo-ch-18", "anth": "tn", "num": 218, "name": "exo-ch-18"}, {"slug": "exo-ch-19", "anth": "tn", "num": 219, "name": "exo-ch-19"}, {"slug": "exo-ch-20", "anth": "tn", "num": 220, "name": "exo-ch-20"}, {"slug": "exo-ch-21", "anth": "tn", "num": 221, "name": "exo-ch-21"}, {"slug": "exo-ch-22", "anth": "tn", "num": 222, "name": "exo-ch-22"}, {"slug": "exo-ch-23", "anth": "tn", "num": 223, "name": "exo-ch-23"}, {"slug": "exo-ch-24", "anth": "tn", "num": 224, "name": "exo-ch-24"}, {"slug": "exo-ch-25", "anth": "tn", "num": 225, "name": "exo-ch-25"}, {"slug": "exo-ch-26", "anth": "tn", "num": 226, "name": "exo-ch-26"}, {"slug": "exo-ch-27", "anth": "tn", "num": 227, "name": "exo-ch-27"}, {"slug": "exo-ch-28", "anth": "tn", "num": 228, "name": "exo-ch-28"}, {"slug": "exo-ch-29", "anth": "tn", "num": 229, "name": "exo-ch-29"}, {"slug": "exo-ch-30", "anth": "tn", "num": 230, "name": "exo-ch-30"}, {"slug": "exo-ch-31", "anth": "tn", "num": 231, "name": "exo-ch-31"}, {"slug": "exo-ch-32", "anth": "tn", "num": 232, "name": "exo-ch-32"}, {"slug": "exo-ch-33", "anth": "tn", "num": 233, "name": "exo-ch-33"}, {"slug": "exo-ch-34", "anth": "tn", "num": 234, "name": "exo-ch-34"}, {"slug": "exo-ch-35", "anth": "tn", "num": 235, "name": "exo-ch-35"}, {"slug": "exo-ch-36", "anth": "tn", "num": 236, "name": "exo-ch-36"}, {"slug": "exo-ch-37", "anth": "tn", "num": 237, "name": "exo-ch-37"}, {"slug": "exo-ch-38", "anth": "tn", "num": 238, "name": "exo-ch-38"}, {"slug": "exo-ch-39", "anth": "tn", "num": 239, "name": "exo-ch-39"}, {"slug": "exo-ch-40", "anth": "tn", "num": 240, "name": "exo-ch-40"}, {"slug": "jdg-ch-1", "anth": "tn", "num": 701, "name": "jdg-ch-1"}, {"slug": "jdg-ch-2", "anth": "tn", "num": 702, "name": "jdg-ch-2"}, {"slug": "jdg-ch-3", "anth": "tn", "num": 703, "name": "jdg-ch-3"}, {"slug": "jdg-ch-4", "anth": "tn", "num": 704, "name": "jdg-ch-4"}, {"slug": "jdg-ch-5", "anth": "tn", "num": 705, "name": "jdg-ch-5"}, {"slug": "jdg-ch-6", "anth": "tn", "num": 706, "name": "jdg-ch-6"}, {"slug": "jdg-ch-7", "anth": "tn", "num": 707, "name": "jdg-ch-7"}, {"slug": "jdg-ch-8", "anth": "tn", "num": 708, "name": "jdg-ch-8"}, {"slug": "jdg-ch-9", "anth": "tn", "num": 709, "name": "jdg-ch-9"}, {"slug": "jdg-ch-10", "anth": "tn", "num": 710, "name": "jdg-ch-10"}, {"slug": "jdg-ch-11", "anth": "tn", "num": 711, "name": "jdg-ch-11"}, {"slug": "jdg-ch-12", "anth": "tn", "num": 712, "name": "jdg-ch-12"}, {"slug": "jdg-ch-13", "anth": "tn", "num": 713, "name": "jdg-ch-13"}, {"slug": "jdg-ch-14", "anth": "tn", "num": 714, "name": "jdg-ch-14"}, {"slug": "jdg-ch-15", "anth": "tn", "num": 715, "name": "jdg-ch-15"}, {"slug": "jdg-ch-16", "anth": "tn", "num": 716, "name": "jdg-ch-16"}, {"slug": "jdg-ch-17", "anth": "tn", "num": 717, "name": "jdg-ch-17"}, {"slug": "jdg-ch-18", "anth": "tn", "num": 718, "name": "jdg-ch-18"}, {"slug": "jdg-ch-19", "anth": "tn", "num": 719, "name": "jdg-ch-19"}, {"slug": "jdg-ch-20", "anth": "tn", "num": 720, "name": "jdg-ch-20"}, {"slug": "jdg-ch-21", "anth": "tn", "num": 721, "name": "jdg-ch-21"}, {"slug": "deu-ch-1", "anth": "tn", "num": 501, "name": "deu-ch-1"}, {"slug": "deu-ch-2", "anth": "tn", "num": 502, "name": "deu-ch-2"}, {"slug": "deu-ch-3", "anth": "tn", "num": 503, "name": "deu-ch-3"}, {"slug": "deu-ch-4", "anth": "tn", "num": 504, "name": "deu-ch-4"}, {"slug": "deu-ch-5", "anth": "tn", "num": 505, "name": "deu-ch-5"}, {"slug": "deu-ch-6", "anth": "tn", "num": 506, "name": "deu-ch-6"}, {"slug": "deu-ch-7", "anth": "tn", "num": 507, "name": "deu-ch-7"}, {"slug": "deu-ch-8", "anth": "tn", "num": 508, "name": "deu-ch-8"}, {"slug": "deu-ch-9", "anth": "tn", "num": 509, "name": "deu-ch-9"}, {"slug": "deu-ch-10", "anth": "tn", "num": 510, "name": "deu-ch-10"}, {"slug": "deu-ch-11", "anth": "tn", "num": 511, "name": "deu-ch-11"}, {"slug": "deu-ch-12", "anth": "tn", "num": 512, "name": "deu-ch-12"}, {"slug": "deu-ch-13", "anth": "tn", "num": 513, "name": "deu-ch-13"}, {"slug": "deu-ch-14", "anth": "tn", "num": 514, "name": "deu-ch-14"}, {"slug": "deu-ch-15", "anth": "tn", "num": 515, "name": "deu-ch-15"}, {"slug": "deu-ch-16", "anth": "tn", "num": 516, "name": "deu-ch-16"}, {"slug": "deu-ch-17", "anth": "tn", "num": 517, "name": "deu-ch-17"}, {"slug": "deu-ch-18", "anth": "tn", "num": 518, "name": "deu-ch-18"}, {"slug": "deu-ch-19", "anth": "tn", "num": 519, "name": "deu-ch-19"}, {"slug": "deu-ch-20", "anth": "tn", "num": 520, "name": "deu-ch-20"}, {"slug": "deu-ch-21", "anth": "tn", "num": 521, "name": "deu-ch-21"}, {"slug": "deu-ch-22", "anth": "tn", "num": 522, "name": "deu-ch-22"}, {"slug": "deu-ch-23", "anth": "tn", "num": 523, "name": "deu-ch-23"}, {"slug": "deu-ch-24", "anth": "tn", "num": 524, "name": "deu-ch-24"}, {"slug": "deu-ch-25", "anth": "tn", "num": 525, "name": "deu-ch-25"}, {"slug": "deu-ch-26", "anth": "tn", "num": 526, "name": "deu-ch-26"}, {"slug": "deu-ch-27", "anth": "tn", "num": 527, "name": "deu-ch-27"}, {"slug": "deu-ch-28", "anth": "tn", "num": 528, "name": "deu-ch-28"}, {"slug": "deu-ch-29", "anth": "tn", "num": 529, "name": "deu-ch-29"}, {"slug": "deu-ch-30", "anth": "tn", "num": 530, "name": "deu-ch-30"}, {"slug": "deu-ch-31", "anth": "tn", "num": 531, "name": "deu-ch-31"}, {"slug": "deu-ch-32", "anth": "tn", "num": 532, "name": "deu-ch-32"}, {"slug": "deu-ch-33", "anth": "tn", "num": 533, "name": "deu-ch-33"}, {"slug": "deu-ch-34", "anth": "tn", "num": 534, "name": "deu-ch-34"}, {"slug": "jhn-ch-1", "anth": "tn", "num": 4301, "name": "jhn-ch-1"}, {"slug": "jhn-ch-2", "anth": "tn", "num": 4302, "name": "jhn-ch-2"}, {"slug": "jhn-ch-3", "anth": "tn", "num": 4303, "name": "jhn-ch-3"}, {"slug": "jhn-ch-4", "anth": "tn", "num": 4304, "name": "jhn-ch-4"}, {"slug": "jhn-ch-5", "anth": "tn", "num": 4305, "name": "jhn-ch-5"}, {"slug": "jhn-ch-6", "anth": "tn", "num": 4306, "name": "jhn-ch-6"}, {"slug": "jhn-ch-7", "anth": "tn", "num": 4307, "name": "jhn-ch-7"}, {"slug": "jhn-ch-8", "anth": "tn", "num": 4308, "name": "jhn-ch-8"}, {"slug": "jhn-ch-9", "anth": "tn", "num": 4309, "name": "jhn-ch-9"}, {"slug": "jhn-ch-10", "anth": "tn", "num": 4310, "name": "jhn-ch-10"}, {"slug": "jhn-ch-11", "anth": "tn", "num": 4311, "name": "jhn-ch-11"}, {"slug": "jhn-ch-12", "anth": "tn", "num": 4312, "name": "jhn-ch-12"}, {"slug": "jhn-ch-13", "anth": "tn", "num": 4313, "name": "jhn-ch-13"}, {"slug": "jhn-ch-14", "anth": "tn", "num": 4314, "name": "jhn-ch-14"}, {"slug": "jhn-ch-15", "anth": "tn", "num": 4315, "name": "jhn-ch-15"}, {"slug": "jhn-ch-16", "anth": "tn", "num": 4316, "name": "jhn-ch-16"}, {"slug": "jhn-ch-17", "anth": "tn", "num": 4317, "name": "jhn-ch-17"}, {"slug": "jhn-ch-18", "anth": "tn", "num": 4318, "name": "jhn-ch-18"}, {"slug": "jhn-ch-19", "anth": "tn", "num": 4319, "name": "jhn-ch-19"}, {"slug": "jhn-ch-20", "anth": "tn", "num": 4320, "name": "jhn-ch-20"}, {"slug": "jhn-ch-21", "anth": "tn", "num": 4321, "name": "jhn-ch-21"}, {"slug": "jon-ch-1", "anth": "tn", "num": 3201, "name": "jon-ch-1"}, {"slug": "jon-ch-2", "anth": "tn", "num": 3202, "name": "jon-ch-2"}, {"slug": "jon-ch-3", "anth": "tn", "num": 3203, "name": "jon-ch-3"}, {"slug": "jon-ch-4", "anth": "tn", "num": 3204, "name": "jon-ch-4"}, {"slug": "2co-ch-1", "anth": "tn", "num": 4701, "name": "2co-ch-1"}, {"slug": "2co-ch-2", "anth": "tn", "num": 4702, "name": "2co-ch-2"}, {"slug": "2co-ch-3", "anth": "tn", "num": 4703, "name": "2co-ch-3"}, {"slug": "2co-ch-4", "anth": "tn", "num": 4704, "name": "2co-ch-4"}, {"slug": "2co-ch-5", "anth": "tn", "num": 4705, "name": "2co-ch-5"}, {"slug": "2co-ch-6", "anth": "tn", "num": 4706, "name": "2co-ch-6"}, {"slug": "2co-ch-7", "anth": "tn", "num": 4707, "name": "2co-ch-7"}, {"slug": "2co-ch-8", "anth": "tn", "num": 4708, "name": "2co-ch-8"}, {"slug": "2co-ch-9", "anth": "tn", "num": 4709, "name": "2co-ch-9"}, {"slug": "2co-ch-10", "anth": "tn", "num": 4710, "name": "2co-ch-10"}, {"slug": "2co-ch-11", "anth": "tn", "num": 4711, "name": "2co-ch-11"}, {"slug": "2co-ch-12", "anth": "tn", "num": 4712, "name": "2co-ch-12"}, {"slug": "2co-ch-13", "anth": "tn", "num": 4713, "name": "2co-ch-13"}, {"slug": "2ch-ch-1", "anth": "tn", "num": 1401, "name": "2ch-ch-1"}, {"slug": "2ch-ch-2", "anth": "tn", "num": 1402, "name": "2ch-ch-2"}, {"slug": "2ch-ch-3", "anth": "tn", "num": 1403, "name": "2ch-ch-3"}, {"slug": "2ch-ch-4", "anth": "tn", "num": 1404, "name": "2ch-ch-4"}, {"slug": "2ch-ch-5", "anth": "tn", "num": 1405, "name": "2ch-ch-5"}, {"slug": "2ch-ch-6", "anth": "tn", "num": 1406, "name": "2ch-ch-6"}, {"slug": "2ch-ch-7", "anth": "tn", "num": 1407, "name": "2ch-ch-7"}, {"slug": "2ch-ch-8", "anth": "tn", "num": 1408, "name": "2ch-ch-8"}, {"slug": "2ch-ch-9", "anth": "tn", "num": 1409, "name": "2ch-ch-9"}, {"slug": "2ch-ch-10", "anth": "tn", "num": 1410, "name": "2ch-ch-10"}, {"slug": "2ch-ch-11", "anth": "tn", "num": 1411, "name": "2ch-ch-11"}, {"slug": "2ch-ch-12", "anth": "tn", "num": 1412, "name": "2ch-ch-12"}, {"slug": "2ch-ch-13", "anth": "tn", "num": 1413, "name": "2ch-ch-13"}, {"slug": "2ch-ch-14", "anth": "tn", "num": 1414, "name": "2ch-ch-14"}, {"slug": "2ch-ch-15", "anth": "tn", "num": 1415, "name": "2ch-ch-15"}, {"slug": "2ch-ch-16", "anth": "tn", "num": 1416, "name": "2ch-ch-16"}, {"slug": "2ch-ch-17", "anth": "tn", "num": 1417, "name": "2ch-ch-17"}, {"slug": "2ch-ch-18", "anth": "tn", "num": 1418, "name": "2ch-ch-18"}, {"slug": "2ch-ch-19", "anth": "tn", "num": 1419, "name": "2ch-ch-19"}, {"slug": "2ch-ch-20", "anth": "tn", "num": 1420, "name": "2ch-ch-20"}, {"slug": "2ch-ch-21", "anth": "tn", "num": 1421, "name": "2ch-ch-21"}, {"slug": "2ch-ch-22", "anth": "tn", "num": 1422, "name": "2ch-ch-22"}, {"slug": "2ch-ch-23", "anth": "tn", "num": 1423, "name": "2ch-ch-23"}, {"slug": "2ch-ch-24", "anth": "tn", "num": 1424, "name": "2ch-ch-24"}, {"slug": "2ch-ch-25", "anth": "tn", "num": 1425, "name": "2ch-ch-25"}, {"slug": "2ch-ch-26", "anth": "tn", "num": 1426, "name": "2ch-ch-26"}, {"slug": "2ch-ch-27", "anth": "tn", "num": 1427, "name": "2ch-ch-27"}, {"slug": "2ch-ch-28", "anth": "tn", "num": 1428, "name": "2ch-ch-28"}, {"slug": "2ch-ch-29", "anth": "tn", "num": 1429, "name": "2ch-ch-29"}, {"slug": "2ch-ch-30", "anth": "tn", "num": 1430, "name": "2ch-ch-30"}, {"slug": "2ch-ch-31", "anth": "tn", "num": 1431, "name": "2ch-ch-31"}, {"slug": "2ch-ch-32", "anth": "tn", "num": 1432, "name": "2ch-ch-32"}, {"slug": "2ch-ch-33", "anth": "tn", "num": 1433, "name": "2ch-ch-33"}, {"slug": "2ch-ch-34", "anth": "tn", "num": 1434, "name": "2ch-ch-34"}, {"slug": "2ch-ch-35", "anth": "tn", "num": 1435, "name": "2ch-ch-35"}, {"slug": "2ch-ch-36", "anth": "tn", "num": 1436, "name": "2ch-ch-36"}, {"slug": "eph-ch-1", "anth": "tn", "num": 4901, "name": "eph-ch-1"}, {"slug": "eph-ch-2", "anth": "tn", "num": 4902, "name": "eph-ch-2"}, {"slug": "eph-ch-3", "anth": "tn", "num": 4903, "name": "eph-ch-3"}, {"slug": "eph-ch-4", "anth": "tn", "num": 4904, "name": "eph-ch-4"}, {"slug": "eph-ch-5", "anth": "tn", "num": 4905, "name": "eph-ch-5"}, {"slug": "eph-ch-6", "anth": "tn", "num": 4906, "name": "eph-ch-6"}, {"slug": "mrk-ch-1", "anth": "tn", "num": 4101, "name": "mrk-ch-1"}, {"slug": "mrk-ch-2", "anth": "tn", "num": 4102, "name": "mrk-ch-2"}, {"slug": "mrk-ch-3", "anth": "tn", "num": 4103, "name": "mrk-ch-3"}, {"slug": "mrk-ch-4", "anth": "tn", "num": 4104, "name": "mrk-ch-4"}, {"slug": "mrk-ch-5", "anth": "tn", "num": 4105, "name": "mrk-ch-5"}, {"slug": "mrk-ch-6", "anth": "tn", "num": 4106, "name": "mrk-ch-6"}, {"slug": "mrk-ch-7", "anth": "tn", "num": 4107, "name": "mrk-ch-7"}, {"slug": "mrk-ch-8", "anth": "tn", "num": 4108, "name": "mrk-ch-8"}, {"slug": "mrk-ch-9", "anth": "tn", "num": 4109, "name": "mrk-ch-9"}, {"slug": "mrk-ch-10", "anth": "tn", "num": 4110, "name": "mrk-ch-10"}, {"slug": "mrk-ch-11", "anth": "tn", "num": 4111, "name": "mrk-ch-11"}, {"slug": "mrk-ch-12", "anth": "tn", "num": 4112, "name": "mrk-ch-12"}, {"slug": "mrk-ch-13", "anth": "tn", "num": 4113, "name": "mrk-ch-13"}, {"slug": "mrk-ch-14", "anth": "tn", "num": 4114, "name": "mrk-ch-14"}, {"slug": "mrk-ch-15", "anth": "tn", "num": 4115, "name": "mrk-ch-15"}, {"slug": "mrk-ch-16", "anth": "tn", "num": 4116, "name": "mrk-ch-16"}, {"slug": "isa-ch-1", "anth": "tn", "num": 2301, "name": "isa-ch-1"}, {"slug": "isa-ch-2", "anth": "tn", "num": 2302, "name": "isa-ch-2"}, {"slug": "isa-ch-3", "anth": "tn", "num": 2303, "name": "isa-ch-3"}, {"slug": "isa-ch-4", "anth": "tn", "num": 2304, "name": "isa-ch-4"}, {"slug": "isa-ch-5", "anth": "tn", "num": 2305, "name": "isa-ch-5"}, {"slug": "isa-ch-6", "anth": "tn", "num": 2306, "name": "isa-ch-6"}, {"slug": "isa-ch-7", "anth": "tn", "num": 2307, "name": "isa-ch-7"}, {"slug": "isa-ch-8", "anth": "tn", "num": 2308, "name": "isa-ch-8"}, {"slug": "isa-ch-9", "anth": "tn", "num": 2309, "name": "isa-ch-9"}, {"slug": "isa-ch-10", "anth": "tn", "num": 2310, "name": "isa-ch-10"}, {"slug": "isa-ch-11", "anth": "tn", "num": 2311, "name": "isa-ch-11"}, {"slug": "isa-ch-12", "anth": "tn", "num": 2312, "name": "isa-ch-12"}, {"slug": "isa-ch-13", "anth": "tn", "num": 2313, "name": "isa-ch-13"}, {"slug": "isa-ch-14", "anth": "tn", "num": 2314, "name": "isa-ch-14"}, {"slug": "isa-ch-15", "anth": "tn", "num": 2315, "name": "isa-ch-15"}, {"slug": "isa-ch-16", "anth": "tn", "num": 2316, "name": "isa-ch-16"}, {"slug": "isa-ch-17", "anth": "tn", "num": 2317, "name": "isa-ch-17"}, {"slug": "isa-ch-18", "anth": "tn", "num": 2318, "name": "isa-ch-18"}, {"slug": "isa-ch-19", "anth": "tn", "num": 2319, "name": "isa-ch-19"}, {"slug": "isa-ch-20", "anth": "tn", "num": 2320, "name": "isa-ch-20"}, {"slug": "isa-ch-21", "anth": "tn", "num": 2321, "name": "isa-ch-21"}, {"slug": "isa-ch-22", "anth": "tn", "num": 2322, "name": "isa-ch-22"}, {"slug": "isa-ch-23", "anth": "tn", "num": 2323, "name": "isa-ch-23"}, {"slug": "isa-ch-24", "anth": "tn", "num": 2324, "name": "isa-ch-24"}, {"slug": "isa-ch-25", "anth": "tn", "num": 2325, "name": "isa-ch-25"}, {"slug": "isa-ch-26", "anth": "tn", "num": 2326, "name": "isa-ch-26"}, {"slug": "isa-ch-27", "anth": "tn", "num": 2327, "name": "isa-ch-27"}, {"slug": "isa-ch-28", "anth": "tn", "num": 2328, "name": "isa-ch-28"}, {"slug": "isa-ch-29", "anth": "tn", "num": 2329, "name": "isa-ch-29"}, {"slug": "isa-ch-30", "anth": "tn", "num": 2330, "name": "isa-ch-30"}, {"slug": "isa-ch-31", "anth": "tn", "num": 2331, "name": "isa-ch-31"}, {"slug": "isa-ch-32", "anth": "tn", "num": 2332, "name": "isa-ch-32"}, {"slug": "isa-ch-33", "anth": "tn", "num": 2333, "name": "isa-ch-33"}, {"slug": "isa-ch-34", "anth": "tn", "num": 2334, "name": "isa-ch-34"}, {"slug": "isa-ch-35", "anth": "tn", "num": 2335, "name": "isa-ch-35"}, {"slug": "isa-ch-36", "anth": "tn", "num": 2336, "name": "isa-ch-36"}, {"slug": "isa-ch-37", "anth": "tn", "num": 2337, "name": "isa-ch-37"}, {"slug": "isa-ch-38", "anth": "tn", "num": 2338, "name": "isa-ch-38"}, {"slug": "isa-ch-39", "anth": "tn", "num": 2339, "name": "isa-ch-39"}, {"slug": "isa-ch-40", "anth": "tn", "num": 2340, "name": "isa-ch-40"}, {"slug": "isa-ch-41", "anth": "tn", "num": 2341, "name": "isa-ch-41"}, {"slug": "isa-ch-42", "anth": "tn", "num": 2342, "name": "isa-ch-42"}, {"slug": "isa-ch-43", "anth": "tn", "num": 2343, "name": "isa-ch-43"}, {"slug": "isa-ch-44", "anth": "tn", "num": 2344, "name": "isa-ch-44"}, {"slug": "isa-ch-45", "anth": "tn", "num": 2345, "name": "isa-ch-45"}, {"slug": "isa-ch-46", "anth": "tn", "num": 2346, "name": "isa-ch-46"}, {"slug": "isa-ch-47", "anth": "tn", "num": 2347, "name": "isa-ch-47"}, {"slug": "isa-ch-48", "anth": "tn", "num": 2348, "name": "isa-ch-48"}, {"slug": "isa-ch-49", "anth": "tn", "num": 2349, "name": "isa-ch-49"}, {"slug": "isa-ch-50", "anth": "tn", "num": 2350, "name": "isa-ch-50"}, {"slug": "isa-ch-51", "anth": "tn", "num": 2351, "name": "isa-ch-51"}, {"slug": "isa-ch-52", "anth": "tn", "num": 2352, "name": "isa-ch-52"}, {"slug": "isa-ch-53", "anth": "tn", "num": 2353, "name": "isa-ch-53"}, {"slug": "isa-ch-54", "anth": "tn", "num": 2354, "name": "isa-ch-54"}, {"slug": "isa-ch-55", "anth": "tn", "num": 2355, "name": "isa-ch-55"}, {"slug": "isa-ch-56", "anth": "tn", "num": 2356, "name": "isa-ch-56"}, {"slug": "isa-ch-57", "anth": "tn", "num": 2357, "name": "isa-ch-57"}, {"slug": "isa-ch-58", "anth": "tn", "num": 2358, "name": "isa-ch-58"}, {"slug": "isa-ch-59", "anth": "tn", "num": 2359, "name": "isa-ch-59"}, {"slug": "isa-ch-60", "anth": "tn", "num": 2360, "name": "isa-ch-60"}, {"slug": "isa-ch-61", "anth": "tn", "num": 2361, "name": "isa-ch-61"}, {"slug": "isa-ch-62", "anth": "tn", "num": 2362, "name": "isa-ch-62"}, {"slug": "isa-ch-63", "anth": "tn", "num": 2363, "name": "isa-ch-63"}, {"slug": "isa-ch-64", "anth": "tn", "num": 2364, "name": "isa-ch-64"}, {"slug": "isa-ch-65", "anth": "tn", "num": 2365, "name": "isa-ch-65"}, {"slug": "isa-ch-66", "anth": "tn", "num": 2366, "name": "isa-ch-66"}, {"slug": "1ch-ch-1", "anth": "tn", "num": 1301, "name": "1ch-ch-1"}, {"slug": "1ch-ch-2", "anth": "tn", "num": 1302, "name": "1ch-ch-2"}, {"slug": "1ch-ch-3", "anth": "tn", "num": 1303, "name": "1ch-ch-3"}, {"slug": "1ch-ch-4", "anth": "tn", "num": 1304, "name": "1ch-ch-4"}, {"slug": "1ch-ch-5", "anth": "tn", "num": 1305, "name": "1ch-ch-5"}, {"slug": "1ch-ch-6", "anth": "tn", "num": 1306, "name": "1ch-ch-6"}, {"slug": "1ch-ch-7", "anth": "tn", "num": 1307, "name": "1ch-ch-7"}, {"slug": "1ch-ch-8", "anth": "tn", "num": 1308, "name": "1ch-ch-8"}, {"slug": "1ch-ch-9", "anth": "tn", "num": 1309, "name": "1ch-ch-9"}, {"slug": "1ch-ch-10", "anth": "tn", "num": 1310, "name": "1ch-ch-10"}, {"slug": "1ch-ch-11", "anth": "tn", "num": 1311, "name": "1ch-ch-11"}, {"slug": "1ch-ch-12", "anth": "tn", "num": 1312, "name": "1ch-ch-12"}, {"slug": "1ch-ch-13", "anth": "tn", "num": 1313, "name": "1ch-ch-13"}, {"slug": "1ch-ch-14", "anth": "tn", "num": 1314, "name": "1ch-ch-14"}, {"slug": "1ch-ch-15", "anth": "tn", "num": 1315, "name": "1ch-ch-15"}, {"slug": "1ch-ch-16", "anth": "tn", "num": 1316, "name": "1ch-ch-16"}, {"slug": "1ch-ch-17", "anth": "tn", "num": 1317, "name": "1ch-ch-17"}, {"slug": "1ch-ch-18", "anth": "tn", "num": 1318, "name": "1ch-ch-18"}, {"slug": "1ch-ch-19", "anth": "tn", "num": 1319, "name": "1ch-ch-19"}, {"slug": "1ch-ch-20", "anth": "tn", "num": 1320, "name": "1ch-ch-20"}, {"slug": "1ch-ch-21", "anth": "tn", "num": 1321, "name": "1ch-ch-21"}, {"slug": "1ch-ch-22", "anth": "tn", "num": 1322, "name": "1ch-ch-22"}, {"slug": "1ch-ch-23", "anth": "tn", "num": 1323, "name": "1ch-ch-23"}, {"slug": "1ch-ch-24", "anth": "tn", "num": 1324, "name": "1ch-ch-24"}, {"slug": "1ch-ch-25", "anth": "tn", "num": 1325, "name": "1ch-ch-25"}, {"slug": "1ch-ch-26", "anth": "tn", "num": 1326, "name": "1ch-ch-26"}, {"slug": "1ch-ch-27", "anth": "tn", "num": 1327, "name": "1ch-ch-27"}, {"slug": "1ch-ch-28", "anth": "tn", "num": 1328, "name": "1ch-ch-28"}, {"slug": "1ch-ch-29", "anth": "tn", "num": 1329, "name": "1ch-ch-29"}, {"slug": "1co-ch-1", "anth": "tn", "num": 4601, "name": "1co-ch-1"}, {"slug": "1co-ch-2", "anth": "tn", "num": 4602, "name": "1co-ch-2"}, {"slug": "1co-ch-3", "anth": "tn", "num": 4603, "name": "1co-ch-3"}, {"slug": "1co-ch-4", "anth": "tn", "num": 4604, "name": "1co-ch-4"}, {"slug": "1co-ch-5", "anth": "tn", "num": 4605, "name": "1co-ch-5"}, {"slug": "1co-ch-6", "anth": "tn", "num": 4606, "name": "1co-ch-6"}, {"slug": "1co-ch-7", "anth": "tn", "num": 4607, "name": "1co-ch-7"}, {"slug": "1co-ch-8", "anth": "tn", "num": 4608, "name": "1co-ch-8"}, {"slug": "1co-ch-9", "anth": "tn", "num": 4609, "name": "1co-ch-9"}, {"slug": "1co-ch-10", "anth": "tn", "num": 4610, "name": "1co-ch-10"}, {"slug": "1co-ch-11", "anth": "tn", "num": 4611, "name": "1co-ch-11"}, {"slug": "1co-ch-12", "anth": "tn", "num": 4612, "name": "1co-ch-12"}, {"slug": "1co-ch-13", "anth": "tn", "num": 4613, "name": "1co-ch-13"}, {"slug": "1co-ch-14", "anth": "tn", "num": 4614, "name": "1co-ch-14"}, {"slug": "1co-ch-15", "anth": "tn", "num": 4615, "name": "1co-ch-15"}, {"slug": "1co-ch-16", "anth": "tn", "num": 4616, "name": "1co-ch-16"}, {"slug": "col-ch-1", "anth": "tn", "num": 5101, "name": "col-ch-1"}, {"slug": "col-ch-2", "anth": "tn", "num": 5102, "name": "col-ch-2"}, {"slug": "col-ch-3", "anth": "tn", "num": 5103, "name": "col-ch-3"}, {"slug": "col-ch-4", "anth": "tn", "num": 5104, "name": "col-ch-4"}]