[{"firstvs": "1", "id": "01-01", "lastvs": "3"}, {"firstvs": "4", "id": "01-04", "lastvs": "6"}, {"firstvs": "7", "id": "01-07", "lastvs": "8"}, {"firstvs": "9", "id": "01-09", "lastvs": "10"}, {"firstvs": "11", "id": "01-11", "lastvs": "12"}, {"firstvs": "13", "id": "01-13", "lastvs": "14"}, {"firstvs": "15", "id": "01-15", "lastvs": "16"}, {"firstvs": "17", "id": "01-17", "lastvs": "19"}, {"firstvs": "1", "id": "02-01", "lastvs": "3"}, {"firstvs": "4", "id": "02-04", "lastvs": "6"}, {"firstvs": "7", "id": "02-07", "lastvs": "8"}, {"firstvs": "9", "id": "02-09", "lastvs": "11"}, {"firstvs": "12", "id": "02-12", "lastvs": "13"}, {"firstvs": "14", "id": "02-14", "lastvs": "17"}, {"firstvs": "18", "id": "02-18", "lastvs": "19"}, {"firstvs": "20", "id": "02-20", "lastvs": "22"}, {"firstvs": "23", "id": "02-23", "lastvs": "25"}, {"firstvs": "26", "id": "02-26", "lastvs": "28"}, {"firstvs": "29", "id": "02-29", "lastvs": "31"}, {"firstvs": "32", "id": "02-32", "lastvs": "34"}, {"firstvs": "35", "id": "02-35", "lastvs": "37"}, {"firstvs": "1", "id": "03-01", "lastvs": "2"}, {"firstvs": "3", "id": "03-03", "lastvs": "5"}, {"firstvs": "6", "id": "03-06", "lastvs": "7"}, {"firstvs": "8", "id": "03-08", "lastvs": "10"}, {"firstvs": "11", "id": "03-11", "lastvs": "12"}, {"firstvs": "13", "id": "03-13", "lastvs": "15"}, {"firstvs": "16", "id": "03-16", "lastvs": "16"}, {"firstvs": "17", "id": "03-17", "lastvs": "18"}, {"firstvs": "19", "id": "03-19", "lastvs": "20"}, {"firstvs": "21", "id": "03-21", "lastvs": "22"}, {"firstvs": "23", "id": "03-23", "lastvs": "25"}, {"firstvs": "1", "id": "04-01", "lastvs": "3"}, {"firstvs": "4", "id": "04-04", "lastvs": "6"}, {"firstvs": "7", "id": "04-07", "lastvs": "8"}, {"firstvs": "9", "id": "04-09", "lastvs": "10"}, {"firstvs": "11", "id": "04-11", "lastvs": "12"}, {"firstvs": "13", "id": "04-13", "lastvs": "15"}, {"firstvs": "16", "id": "04-16", "lastvs": "18"}, {"firstvs": "19", "id": "04-19", "lastvs": "20"}, {"firstvs": "21", "id": "04-21", "lastvs": "22"}, {"firstvs": "23", "id": "04-23", "lastvs": "26"}, {"firstvs": "27", "id": "04-27", "lastvs": "29"}, {"firstvs": "30", "id": "04-30", "lastvs": "31"}, {"firstvs": "1", "id": "05-01", "lastvs": "3"}, {"firstvs": "4", "id": "05-04", "lastvs": "6"}, {"firstvs": "7", "id": "05-07", "lastvs": "9"}, {"firstvs": "10", "id": "05-10", "lastvs": "13"}, {"firstvs": "14", "id": "05-14", "lastvs": "15"}, {"firstvs": "16", "id": "05-16", "lastvs": "17"}, {"firstvs": "18", "id": "05-18", "lastvs": "19"}, {"firstvs": "20", "id": "05-20", "lastvs": "22"}, {"firstvs": "23", "id": "05-23", "lastvs": "25"}, {"firstvs": "26", "id": "05-26", "lastvs": "29"}, {"firstvs": "30", "id": "05-30", "lastvs": "31"}, {"firstvs": "1", "id": "06-01", "lastvs": "3"}, {"firstvs": "4", "id": "06-04", "lastvs": "5"}, {"firstvs": "6", "id": "06-06", "lastvs": "8"}, {"firstvs": "9", "id": "06-09", "lastvs": "10"}, {"firstvs": "11", "id": "06-11", "lastvs": "12"}, {"firstvs": "13", "id": "06-13", "lastvs": "15"}, {"firstvs": "16", "id": "06-16", "lastvs": "19"}, {"firstvs": "20", "id": "06-20", "lastvs": "22"}, {"firstvs": "23", "id": "06-23", "lastvs": "24"}, {"firstvs": "25", "id": "06-25", "lastvs": "26"}, {"firstvs": "27", "id": "06-27", "lastvs": "30"}, {"firstvs": "1", "id": "07-01", "lastvs": "2"}, {"firstvs": "3", "id": "07-03", "lastvs": "4"}, {"firstvs": "5", "id": "07-05", "lastvs": "7"}, {"firstvs": "8", "id": "07-08", "lastvs": "11"}, {"firstvs": "12", "id": "07-12", "lastvs": "15"}, {"firstvs": "16", "id": "07-16", "lastvs": "18"}, {"firstvs": "19", "id": "07-19", "lastvs": "20"}, {"firstvs": "21", "id": "07-21", "lastvs": "23"}, {"firstvs": "24", "id": "07-24", "lastvs": "26"}, {"firstvs": "27", "id": "07-27", "lastvs": "28"}, {"firstvs": "29", "id": "07-29", "lastvs": "30"}, {"firstvs": "31", "id": "07-31", "lastvs": "32"}, {"firstvs": "33", "id": "07-33", "lastvs": "34"}, {"firstvs": "1", "id": "08-01", "lastvs": "3"}, {"firstvs": "4", "id": "08-04", "lastvs": "5"}, {"firstvs": "6", "id": "08-06", "lastvs": "7"}, {"firstvs": "8", "id": "08-08", "lastvs": "10"}, {"firstvs": "11", "id": "08-11", "lastvs": "13"}, {"firstvs": "14", "id": "08-14", "lastvs": "15"}, {"firstvs": "16", "id": "08-16", "lastvs": "17"}, {"firstvs": "18", "id": "08-18", "lastvs": "19"}, {"firstvs": "20", "id": "08-20", "lastvs": "22"}, {"firstvs": "1", "id": "09-01", "lastvs": "3"}, {"firstvs": "4", "id": "09-04", "lastvs": "6"}, {"firstvs": "7", "id": "09-07", "lastvs": "9"}, {"firstvs": "10", "id": "09-10", "lastvs": "12"}, {"firstvs": "13", "id": "09-13", "lastvs": "14"}, {"firstvs": "15", "id": "09-15", "lastvs": "16"}, {"firstvs": "17", "id": "09-17", "lastvs": "18"}, {"firstvs": "19", "id": "09-19", "lastvs": "20"}, {"firstvs": "21", "id": "09-21", "lastvs": "22"}, {"firstvs": "23", "id": "09-23", "lastvs": "24"}, {"firstvs": "25", "id": "09-25", "lastvs": "26"}, {"firstvs": "1", "id": "10-01", "lastvs": "2"}, {"firstvs": "3", "id": "10-03", "lastvs": "5"}, {"firstvs": "6", "id": "10-06", "lastvs": "7"}, {"firstvs": "8", "id": "10-08", "lastvs": "10"}, {"firstvs": "11", "id": "10-11", "lastvs": "13"}, {"firstvs": "14", "id": "10-14", "lastvs": "16"}, {"firstvs": "17", "id": "10-17", "lastvs": "18"}, {"firstvs": "19", "id": "10-19", "lastvs": "20"}, {"firstvs": "21", "id": "10-21", "lastvs": "22"}, {"firstvs": "23", "id": "10-23", "lastvs": "25"}, {"firstvs": "1", "id": "11-01", "lastvs": "2"}, {"firstvs": "3", "id": "11-03", "lastvs": "5"}, {"firstvs": "6", "id": "11-06", "lastvs": "8"}, {"firstvs": "9", "id": "11-09", "lastvs": "10"}, {"firstvs": "11", "id": "11-11", "lastvs": "13"}, {"firstvs": "14", "id": "11-14", "lastvs": "16"}, {"firstvs": "17", "id": "11-17", "lastvs": "17"}, {"firstvs": "18", "id": "11-18", "lastvs": "20"}, {"firstvs": "21", "id": "11-21", "lastvs": "23"}, {"firstvs": "1", "id": "12-01", "lastvs": "2"}, {"firstvs": "3", "id": "12-03", "lastvs": "4"}, {"firstvs": "5", "id": "12-05", "lastvs": "6"}, {"firstvs": "7", "id": "12-07", "lastvs": "9"}, {"firstvs": "10", "id": "12-10", "lastvs": "11"}, {"firstvs": "12", "id": "12-12", "lastvs": "13"}, {"firstvs": "14", "id": "12-14", "lastvs": "15"}, {"firstvs": "16", "id": "12-16", "lastvs": "17"}, {"firstvs": "1", "id": "13-01", "lastvs": "4"}, {"firstvs": "5", "id": "13-05", "lastvs": "7"}, {"firstvs": "8", "id": "13-08", "lastvs": "11"}, {"firstvs": "12", "id": "13-12", "lastvs": "14"}, {"firstvs": "15", "id": "13-15", "lastvs": "17"}, {"firstvs": "18", "id": "13-18", "lastvs": "19"}, {"firstvs": "20", "id": "13-20", "lastvs": "21"}, {"firstvs": "22", "id": "13-22", "lastvs": "24"}, {"firstvs": "25", "id": "13-25", "lastvs": "27"}, {"firstvs": "1", "id": "14-01", "lastvs": "3"}, {"firstvs": "4", "id": "14-04", "lastvs": "6"}, {"firstvs": "7", "id": "14-07", "lastvs": "9"}, {"firstvs": "10", "id": "14-10", "lastvs": "12"}, {"firstvs": "13", "id": "14-13", "lastvs": "14"}, {"firstvs": "15", "id": "14-15", "lastvs": "16"}, {"firstvs": "17", "id": "14-17", "lastvs": "18"}, {"firstvs": "19", "id": "14-19", "lastvs": "20"}, {"firstvs": "21", "id": "14-21", "lastvs": "22"}, {"firstvs": "1", "id": "15-01", "lastvs": "2"}, {"firstvs": "3", "id": "15-03", "lastvs": "4"}, {"firstvs": "5", "id": "15-05", "lastvs": "7"}, {"firstvs": "8", "id": "15-08", "lastvs": "9"}, {"firstvs": "10", "id": "15-10", "lastvs": "12"}, {"firstvs": "13", "id": "15-13", "lastvs": "14"}, {"firstvs": "15", "id": "15-15", "lastvs": "16"}, {"firstvs": "17", "id": "15-17", "lastvs": "18"}, {"firstvs": "19", "id": "15-19", "lastvs": "21"}, {"firstvs": "1", "id": "16-01", "lastvs": "4"}, {"firstvs": "5", "id": "16-05", "lastvs": "6"}, {"firstvs": "7", "id": "16-07", "lastvs": "9"}, {"firstvs": "10", "id": "16-10", "lastvs": "11"}, {"firstvs": "12", "id": "16-12", "lastvs": "13"}, {"firstvs": "14", "id": "16-14", "lastvs": "15"}, {"firstvs": "16", "id": "16-16", "lastvs": "18"}, {"firstvs": "19", "id": "16-19", "lastvs": "21"}, {"firstvs": "1", "id": "17-01", "lastvs": "2"}, {"firstvs": "3", "id": "17-03", "lastvs": "4"}, {"firstvs": "5", "id": "17-05", "lastvs": "6"}, {"firstvs": "7", "id": "17-07", "lastvs": "8"}, {"firstvs": "9", "id": "17-09", "lastvs": "11"}, {"firstvs": "12", "id": "17-12", "lastvs": "14"}, {"firstvs": "15", "id": "17-15", "lastvs": "16"}, {"firstvs": "17", "id": "17-17", "lastvs": "18"}, {"firstvs": "19", "id": "17-19", "lastvs": "20"}, {"firstvs": "21", "id": "17-21", "lastvs": "23"}, {"firstvs": "24", "id": "17-24", "lastvs": "25"}, {"firstvs": "26", "id": "17-26", "lastvs": "27"}, {"firstvs": "1", "id": "18-01", "lastvs": "4"}, {"firstvs": "5", "id": "18-05", "lastvs": "8"}, {"firstvs": "9", "id": "18-09", "lastvs": "10"}, {"firstvs": "11", "id": "18-11", "lastvs": "12"}, {"firstvs": "13", "id": "18-13", "lastvs": "14"}, {"firstvs": "15", "id": "18-15", "lastvs": "17"}, {"firstvs": "18", "id": "18-18", "lastvs": "20"}, {"firstvs": "21", "id": "18-21", "lastvs": "23"}, {"firstvs": "1", "id": "19-01", "lastvs": "3"}, {"firstvs": "4", "id": "19-04", "lastvs": "5"}, {"firstvs": "6", "id": "19-06", "lastvs": "9"}, {"firstvs": "10", "id": "19-10", "lastvs": "11"}, {"firstvs": "12", "id": "19-12", "lastvs": "13"}, {"firstvs": "14", "id": "19-14", "lastvs": "15"}, {"firstvs": "1", "id": "20-01", "lastvs": "2"}, {"firstvs": "3", "id": "20-03", "lastvs": "4"}, {"firstvs": "5", "id": "20-05", "lastvs": "6"}, {"firstvs": "7", "id": "20-07", "lastvs": "9"}, {"firstvs": "10", "id": "20-10", "lastvs": "11"}, {"firstvs": "12", "id": "20-12", "lastvs": "13"}, {"firstvs": "14", "id": "20-14", "lastvs": "15"}, {"firstvs": "16", "id": "20-16", "lastvs": "18"}, {"firstvs": "1", "id": "21-01", "lastvs": "2"}, {"firstvs": "3", "id": "21-03", "lastvs": "5"}, {"firstvs": "6", "id": "21-06", "lastvs": "7"}, {"firstvs": "8", "id": "21-08", "lastvs": "10"}, {"firstvs": "11", "id": "21-11", "lastvs": "12"}, {"firstvs": "13", "id": "21-13", "lastvs": "14"}, {"firstvs": "1", "id": "22-01", "lastvs": "3"}, {"firstvs": "4", "id": "22-04", "lastvs": "5"}, {"firstvs": "6", "id": "22-06", "lastvs": "7"}, {"firstvs": "8", "id": "22-08", "lastvs": "9"}, {"firstvs": "10", "id": "22-10", "lastvs": "10"}, {"firstvs": "11", "id": "22-11", "lastvs": "12"}, {"firstvs": "13", "id": "22-13", "lastvs": "14"}, {"firstvs": "15", "id": "22-15", "lastvs": "16"}, {"firstvs": "17", "id": "22-17", "lastvs": "19"}, {"firstvs": "20", "id": "22-20", "lastvs": "21"}, {"firstvs": "22", "id": "22-22", "lastvs": "23"}, {"firstvs": "24", "id": "22-24", "lastvs": "26"}, {"firstvs": "27", "id": "22-27", "lastvs": "28"}, {"firstvs": "29", "id": "22-29", "lastvs": "30"}, {"firstvs": "1", "id": "23-01", "lastvs": "2"}, {"firstvs": "3", "id": "23-03", "lastvs": "4"}, {"firstvs": "5", "id": "23-05", "lastvs": "6"}, {"firstvs": "7", "id": "23-07", "lastvs": "8"}, {"firstvs": "9", "id": "23-09", "lastvs": "10"}, {"firstvs": "11", "id": "23-11", "lastvs": "12"}, {"firstvs": "13", "id": "23-13", "lastvs": "15"}, {"firstvs": "16", "id": "23-16", "lastvs": "18"}, {"firstvs": "19", "id": "23-19", "lastvs": "20"}, {"firstvs": "21", "id": "23-21", "lastvs": "22"}, {"firstvs": "23", "id": "23-23", "lastvs": "24"}, {"firstvs": "25", "id": "23-25", "lastvs": "27"}, {"firstvs": "28", "id": "23-28", "lastvs": "30"}, {"firstvs": "31", "id": "23-31", "lastvs": "32"}, {"firstvs": "33", "id": "23-33", "lastvs": "34"}, {"firstvs": "35", "id": "23-35", "lastvs": "36"}, {"firstvs": "37", "id": "23-37", "lastvs": "40"}, {"firstvs": "1", "id": "24-01", "lastvs": "3"}, {"firstvs": "4", "id": "24-04", "lastvs": "7"}, {"firstvs": "8", "id": "24-08", "lastvs": "10"}, {"firstvs": "1", "id": "25-01", "lastvs": "2"}, {"firstvs": "3", "id": "25-03", "lastvs": "4"}, {"firstvs": "5", "id": "25-05", "lastvs": "6"}, {"firstvs": "7", "id": "25-07", "lastvs": "9"}, {"firstvs": "10", "id": "25-10", "lastvs": "11"}, {"firstvs": "12", "id": "25-12", "lastvs": "14"}, {"firstvs": "15", "id": "25-15", "lastvs": "16"}, {"firstvs": "17", "id": "25-17", "lastvs": "18"}, {"firstvs": "19", "id": "25-19", "lastvs": "21"}, {"firstvs": "22", "id": "25-22", "lastvs": "23"}, {"firstvs": "24", "id": "25-24", "lastvs": "26"}, {"firstvs": "27", "id": "25-27", "lastvs": "29"}, {"firstvs": "30", "id": "25-30", "lastvs": "31"}, {"firstvs": "32", "id": "25-32", "lastvs": "33"}, {"firstvs": "34", "id": "25-34", "lastvs": "36"}, {"firstvs": "37", "id": "25-37", "lastvs": "38"}, {"firstvs": "1", "id": "26-01", "lastvs": "3"}, {"firstvs": "4", "id": "26-04", "lastvs": "6"}, {"firstvs": "7", "id": "26-07", "lastvs": "9"}, {"firstvs": "10", "id": "26-10", "lastvs": "12"}, {"firstvs": "13", "id": "26-13", "lastvs": "15"}, {"firstvs": "16", "id": "26-16", "lastvs": "17"}, {"firstvs": "18", "id": "26-18", "lastvs": "19"}, {"firstvs": "20", "id": "26-20", "lastvs": "21"}, {"firstvs": "22", "id": "26-22", "lastvs": "24"}, {"firstvs": "1", "id": "27-01", "lastvs": "4"}, {"firstvs": "5", "id": "27-05", "lastvs": "7"}, {"firstvs": "8", "id": "27-08", "lastvs": "8"}, {"firstvs": "9", "id": "27-09", "lastvs": "11"}, {"firstvs": "12", "id": "27-12", "lastvs": "13"}, {"firstvs": "14", "id": "27-14", "lastvs": "15"}, {"firstvs": "16", "id": "27-16", "lastvs": "18"}, {"firstvs": "19", "id": "27-19", "lastvs": "20"}, {"firstvs": "21", "id": "27-21", "lastvs": "22"}, {"firstvs": "1", "id": "28-01", "lastvs": "2"}, {"firstvs": "3", "id": "28-03", "lastvs": "4"}, {"firstvs": "5", "id": "28-05", "lastvs": "7"}, {"firstvs": "8", "id": "28-08", "lastvs": "9"}, {"firstvs": "10", "id": "28-10", "lastvs": "11"}, {"firstvs": "12", "id": "28-12", "lastvs": "14"}, {"firstvs": "15", "id": "28-15", "lastvs": "17"}, {"firstvs": "1", "id": "29-01", "lastvs": "3"}, {"firstvs": "4", "id": "29-04", "lastvs": "5"}, {"firstvs": "6", "id": "29-06", "lastvs": "7"}, {"firstvs": "8", "id": "29-08", "lastvs": "9"}, {"firstvs": "10", "id": "29-10", "lastvs": "11"}, {"firstvs": "12", "id": "29-12", "lastvs": "14"}, {"firstvs": "15", "id": "29-15", "lastvs": "17"}, {"firstvs": "18", "id": "29-18", "lastvs": "19"}, {"firstvs": "20", "id": "29-20", "lastvs": "21"}, {"firstvs": "22", "id": "29-22", "lastvs": "23"}, {"firstvs": "24", "id": "29-24", "lastvs": "26"}, {"firstvs": "27", "id": "29-27", "lastvs": "29"}, {"firstvs": "30", "id": "29-30", "lastvs": "32"}, {"firstvs": "1", "id": "30-01", "lastvs": "3"}, {"firstvs": "4", "id": "30-04", "lastvs": "5"}, {"firstvs": "6", "id": "30-06", "lastvs": "7"}, {"firstvs": "8", "id": "30-08", "lastvs": "9"}, {"firstvs": "10", "id": "30-10", "lastvs": "11"}, {"firstvs": "12", "id": "30-12", "lastvs": "13"}, {"firstvs": "14", "id": "30-14", "lastvs": "15"}, {"firstvs": "16", "id": "30-16", "lastvs": "17"}, {"firstvs": "18", "id": "30-18", "lastvs": "19"}, {"firstvs": "20", "id": "30-20", "lastvs": "22"}, {"firstvs": "23", "id": "30-23", "lastvs": "24"}, {"firstvs": "1", "id": "31-01", "lastvs": "3"}, {"firstvs": "4", "id": "31-04", "lastvs": "6"}, {"firstvs": "7", "id": "31-07", "lastvs": "7"}, {"firstvs": "8", "id": "31-08", "lastvs": "9"}, {"firstvs": "10", "id": "31-10", "lastvs": "11"}, {"firstvs": "12", "id": "31-12", "lastvs": "12"}, {"firstvs": "13", "id": "31-13", "lastvs": "14"}, {"firstvs": "15", "id": "31-15", "lastvs": "15"}, {"firstvs": "16", "id": "31-16", "lastvs": "17"}, {"firstvs": "18", "id": "31-18", "lastvs": "20"}, {"firstvs": "21", "id": "31-21", "lastvs": "22"}, {"firstvs": "23", "id": "31-23", "lastvs": "26"}, {"firstvs": "27", "id": "31-27", "lastvs": "28"}, {"firstvs": "29", "id": "31-29", "lastvs": "30"}, {"firstvs": "31", "id": "31-31", "lastvs": "32"}, {"firstvs": "33", "id": "31-33", "lastvs": "34"}, {"firstvs": "35", "id": "31-35", "lastvs": "36"}, {"firstvs": "37", "id": "31-37", "lastvs": "37"}, {"firstvs": "38", "id": "31-38", "lastvs": "40"}, {"firstvs": "1", "id": "32-01", "lastvs": "2"}, {"firstvs": "3", "id": "32-03", "lastvs": "5"}, {"firstvs": "6", "id": "32-06", "lastvs": "7"}, {"firstvs": "8", "id": "32-08", "lastvs": "9"}, {"firstvs": "10", "id": "32-10", "lastvs": "12"}, {"firstvs": "13", "id": "32-13", "lastvs": "15"}, {"firstvs": "16", "id": "32-16", "lastvs": "18"}, {"firstvs": "19", "id": "32-19", "lastvs": "21"}, {"firstvs": "22", "id": "32-22", "lastvs": "23"}, {"firstvs": "24", "id": "32-24", "lastvs": "25"}, {"firstvs": "26", "id": "32-26", "lastvs": "28"}, {"firstvs": "29", "id": "32-29", "lastvs": "30"}, {"firstvs": "31", "id": "32-31", "lastvs": "32"}, {"firstvs": "33", "id": "32-33", "lastvs": "35"}, {"firstvs": "36", "id": "32-36", "lastvs": "37"}, {"firstvs": "38", "id": "32-38", "lastvs": "40"}, {"firstvs": "41", "id": "32-41", "lastvs": "42"}, {"firstvs": "43", "id": "32-43", "lastvs": "44"}, {"firstvs": "1", "id": "33-01", "lastvs": "3"}, {"firstvs": "4", "id": "33-04", "lastvs": "5"}, {"firstvs": "6", "id": "33-06", "lastvs": "9"}, {"firstvs": "10", "id": "33-10", "lastvs": "11"}, {"firstvs": "12", "id": "33-12", "lastvs": "13"}, {"firstvs": "14", "id": "33-14", "lastvs": "16"}, {"firstvs": "17", "id": "33-17", "lastvs": "18"}, {"firstvs": "19", "id": "33-19", "lastvs": "22"}, {"firstvs": "23", "id": "33-23", "lastvs": "24"}, {"firstvs": "25", "id": "33-25", "lastvs": "26"}, {"firstvs": "1", "id": "34-01", "lastvs": "3"}, {"firstvs": "4", "id": "34-04", "lastvs": "5"}, {"firstvs": "6", "id": "34-06", "lastvs": "7"}, {"firstvs": "8", "id": "34-08", "lastvs": "9"}, {"firstvs": "10", "id": "34-10", "lastvs": "11"}, {"firstvs": "12", "id": "34-12", "lastvs": "14"}, {"firstvs": "15", "id": "34-15", "lastvs": "16"}, {"firstvs": "17", "id": "34-17", "lastvs": "19"}, {"firstvs": "20", "id": "34-20", "lastvs": "22"}, {"firstvs": "1", "id": "35-01", "lastvs": "2"}, {"firstvs": "3", "id": "35-03", "lastvs": "4"}, {"firstvs": "5", "id": "35-05", "lastvs": "7"}, {"firstvs": "8", "id": "35-08", "lastvs": "11"}, {"firstvs": "12", "id": "35-12", "lastvs": "14"}, {"firstvs": "15", "id": "35-15", "lastvs": "16"}, {"firstvs": "17", "id": "35-17", "lastvs": "17"}, {"firstvs": "18", "id": "35-18", "lastvs": "19"}, {"firstvs": "1", "id": "36-01", "lastvs": "3"}, {"firstvs": "4", "id": "36-04", "lastvs": "6"}, {"firstvs": "7", "id": "36-07", "lastvs": "8"}, {"firstvs": "9", "id": "36-09", "lastvs": "10"}, {"firstvs": "11", "id": "36-11", "lastvs": "12"}, {"firstvs": "13", "id": "36-13", "lastvs": "15"}, {"firstvs": "16", "id": "36-16", "lastvs": "19"}, {"firstvs": "20", "id": "36-20", "lastvs": "22"}, {"firstvs": "23", "id": "36-23", "lastvs": "24"}, {"firstvs": "25", "id": "36-25", "lastvs": "26"}, {"firstvs": "27", "id": "36-27", "lastvs": "29"}, {"firstvs": "30", "id": "36-30", "lastvs": "31"}, {"firstvs": "32", "id": "36-32", "lastvs": "32"}, {"firstvs": "1", "id": "37-01", "lastvs": "2"}, {"firstvs": "3", "id": "37-03", "lastvs": "5"}, {"firstvs": "6", "id": "37-06", "lastvs": "8"}, {"firstvs": "9", "id": "37-09", "lastvs": "10"}, {"firstvs": "11", "id": "37-11", "lastvs": "13"}, {"firstvs": "14", "id": "37-14", "lastvs": "15"}, {"firstvs": "16", "id": "37-16", "lastvs": "17"}, {"firstvs": "18", "id": "37-18", "lastvs": "20"}, {"firstvs": "21", "id": "37-21", "lastvs": "21"}, {"firstvs": "1", "id": "38-01", "lastvs": "3"}, {"firstvs": "4", "id": "38-04", "lastvs": "5"}, {"firstvs": "6", "id": "38-06", "lastvs": "6"}, {"firstvs": "7", "id": "38-07", "lastvs": "9"}, {"firstvs": "10", "id": "38-10", "lastvs": "11"}, {"firstvs": "12", "id": "38-12", "lastvs": "13"}, {"firstvs": "14", "id": "38-14", "lastvs": "16"}, {"firstvs": "17", "id": "38-17", "lastvs": "18"}, {"firstvs": "19", "id": "38-19", "lastvs": "19"}, {"firstvs": "20", "id": "38-20", "lastvs": "21"}, {"firstvs": "22", "id": "38-22", "lastvs": "23"}, {"firstvs": "24", "id": "38-24", "lastvs": "26"}, {"firstvs": "27", "id": "38-27", "lastvs": "28"}, {"firstvs": "1", "id": "39-01", "lastvs": "3"}, {"firstvs": "4", "id": "39-04", "lastvs": "5"}, {"firstvs": "6", "id": "39-06", "lastvs": "7"}, {"firstvs": "8", "id": "39-08", "lastvs": "10"}, {"firstvs": "11", "id": "39-11", "lastvs": "14"}, {"firstvs": "15", "id": "39-15", "lastvs": "16"}, {"firstvs": "17", "id": "39-17", "lastvs": "18"}, {"firstvs": "1", "id": "40-01", "lastvs": "2"}, {"firstvs": "3", "id": "40-03", "lastvs": "4"}, {"firstvs": "5", "id": "40-05", "lastvs": "6"}, {"firstvs": "7", "id": "40-07", "lastvs": "8"}, {"firstvs": "9", "id": "40-09", "lastvs": "10"}, {"firstvs": "11", "id": "40-11", "lastvs": "12"}, {"firstvs": "13", "id": "40-13", "lastvs": "14"}, {"firstvs": "15", "id": "40-15", "lastvs": "16"}, {"firstvs": "1", "id": "41-01", "lastvs": "3"}, {"firstvs": "4", "id": "41-04", "lastvs": "5"}, {"firstvs": "6", "id": "41-06", "lastvs": "7"}, {"firstvs": "8", "id": "41-08", "lastvs": "9"}, {"firstvs": "10", "id": "41-10", "lastvs": "10"}, {"firstvs": "11", "id": "41-11", "lastvs": "12"}, {"firstvs": "13", "id": "41-13", "lastvs": "14"}, {"firstvs": "15", "id": "41-15", "lastvs": "16"}, {"firstvs": "17", "id": "41-17", "lastvs": "18"}, {"firstvs": "1", "id": "42-01", "lastvs": "3"}, {"firstvs": "4", "id": "42-04", "lastvs": "6"}, {"firstvs": "7", "id": "42-07", "lastvs": "10"}, {"firstvs": "11", "id": "42-11", "lastvs": "12"}, {"firstvs": "13", "id": "42-13", "lastvs": "14"}, {"firstvs": "15", "id": "42-15", "lastvs": "17"}, {"firstvs": "18", "id": "42-18", "lastvs": "19"}, {"firstvs": "20", "id": "42-20", "lastvs": "22"}, {"firstvs": "1", "id": "43-01", "lastvs": "3"}, {"firstvs": "4", "id": "43-04", "lastvs": "7"}, {"firstvs": "8", "id": "43-08", "lastvs": "10"}, {"firstvs": "11", "id": "43-11", "lastvs": "13"}, {"firstvs": "1", "id": "44-01", "lastvs": "3"}, {"firstvs": "4", "id": "44-04", "lastvs": "6"}, {"firstvs": "7", "id": "44-07", "lastvs": "8"}, {"firstvs": "9", "id": "44-09", "lastvs": "10"}, {"firstvs": "11", "id": "44-11", "lastvs": "12"}, {"firstvs": "13", "id": "44-13", "lastvs": "14"}, {"firstvs": "15", "id": "44-15", "lastvs": "17"}, {"firstvs": "18", "id": "44-18", "lastvs": "19"}, {"firstvs": "20", "id": "44-20", "lastvs": "21"}, {"firstvs": "22", "id": "44-22", "lastvs": "23"}, {"firstvs": "24", "id": "44-24", "lastvs": "25"}, {"firstvs": "26", "id": "44-26", "lastvs": "28"}, {"firstvs": "29", "id": "44-29", "lastvs": "30"}, {"firstvs": "1", "id": "45-01", "lastvs": "3"}, {"firstvs": "4", "id": "45-04", "lastvs": "5"}, {"firstvs": "1", "id": "46-01", "lastvs": "4"}, {"firstvs": "5", "id": "46-05", "lastvs": "6"}, {"firstvs": "7", "id": "46-07", "lastvs": "9"}, {"firstvs": "10", "id": "46-10", "lastvs": "10"}, {"firstvs": "11", "id": "46-11", "lastvs": "12"}, {"firstvs": "13", "id": "46-13", "lastvs": "14"}, {"firstvs": "15", "id": "46-15", "lastvs": "17"}, {"firstvs": "18", "id": "46-18", "lastvs": "19"}, {"firstvs": "20", "id": "46-20", "lastvs": "22"}, {"firstvs": "23", "id": "46-23", "lastvs": "24"}, {"firstvs": "25", "id": "46-25", "lastvs": "26"}, {"firstvs": "27", "id": "46-27", "lastvs": "28"}, {"firstvs": "1", "id": "47-01", "lastvs": "2"}, {"firstvs": "3", "id": "47-03", "lastvs": "4"}, {"firstvs": "5", "id": "47-05", "lastvs": "7"}, {"firstvs": "1", "id": "48-01", "lastvs": "2"}, {"firstvs": "3", "id": "48-03", "lastvs": "5"}, {"firstvs": "6", "id": "48-06", "lastvs": "7"}, {"firstvs": "8", "id": "48-08", "lastvs": "10"}, {"firstvs": "11", "id": "48-11", "lastvs": "12"}, {"firstvs": "13", "id": "48-13", "lastvs": "14"}, {"firstvs": "15", "id": "48-15", "lastvs": "17"}, {"firstvs": "18", "id": "48-18", "lastvs": "20"}, {"firstvs": "21", "id": "48-21", "lastvs": "25"}, {"firstvs": "26", "id": "48-26", "lastvs": "27"}, {"firstvs": "28", "id": "48-28", "lastvs": "29"}, {"firstvs": "30", "id": "48-30", "lastvs": "32"}, {"firstvs": "33", "id": "48-33", "lastvs": "33"}, {"firstvs": "34", "id": "48-34", "lastvs": "35"}, {"firstvs": "36", "id": "48-36", "lastvs": "37"}, {"firstvs": "38", "id": "48-38", "lastvs": "39"}, {"firstvs": "40", "id": "48-40", "lastvs": "41"}, {"firstvs": "42", "id": "48-42", "lastvs": "44"}, {"firstvs": "45", "id": "48-45", "lastvs": "45"}, {"firstvs": "46", "id": "48-46", "lastvs": "47"}, {"firstvs": "1", "id": "49-01", "lastvs": "2"}, {"firstvs": "3", "id": "49-03", "lastvs": "4"}, {"firstvs": "5", "id": "49-05", "lastvs": "6"}, {"firstvs": "7", "id": "49-07", "lastvs": "8"}, {"firstvs": "9", "id": "49-09", "lastvs": "11"}, {"firstvs": "12", "id": "49-12", "lastvs": "13"}, {"firstvs": "14", "id": "49-14", "lastvs": "15"}, {"firstvs": "16", "id": "49-16", "lastvs": "16"}, {"firstvs": "17", "id": "49-17", "lastvs": "18"}, {"firstvs": "19", "id": "49-19", "lastvs": "19"}, {"firstvs": "20", "id": "49-20", "lastvs": "20"}, {"firstvs": "21", "id": "49-21", "lastvs": "22"}, {"firstvs": "23", "id": "49-23", "lastvs": "25"}, {"firstvs": "26", "id": "49-26", "lastvs": "27"}, {"firstvs": "28", "id": "49-28", "lastvs": "29"}, {"firstvs": "30", "id": "49-30", "lastvs": "31"}, {"firstvs": "32", "id": "49-32", "lastvs": "33"}, {"firstvs": "34", "id": "49-34", "lastvs": "36"}, {"firstvs": "37", "id": "49-37", "lastvs": "39"}, {"firstvs": "1", "id": "50-01", "lastvs": "2"}, {"firstvs": "3", "id": "50-03", "lastvs": "5"}, {"firstvs": "6", "id": "50-06", "lastvs": "7"}, {"firstvs": "8", "id": "50-08", "lastvs": "10"}, {"firstvs": "11", "id": "50-11", "lastvs": "13"}, {"firstvs": "14", "id": "50-14", "lastvs": "15"}, {"firstvs": "16", "id": "50-16", "lastvs": "16"}, {"firstvs": "17", "id": "50-17", "lastvs": "18"}, {"firstvs": "19", "id": "50-19", "lastvs": "20"}, {"firstvs": "21", "id": "50-21", "lastvs": "22"}, {"firstvs": "23", "id": "50-23", "lastvs": "24"}, {"firstvs": "25", "id": "50-25", "lastvs": "26"}, {"firstvs": "27", "id": "50-27", "lastvs": "28"}, {"firstvs": "29", "id": "50-29", "lastvs": "30"}, {"firstvs": "31", "id": "50-31", "lastvs": "32"}, {"firstvs": "33", "id": "50-33", "lastvs": "34"}, {"firstvs": "35", "id": "50-35", "lastvs": "37"}, {"firstvs": "38", "id": "50-38", "lastvs": "40"}, {"firstvs": "41", "id": "50-41", "lastvs": "43"}, {"firstvs": "44", "id": "50-44", "lastvs": "44"}, {"firstvs": "45", "id": "50-45", "lastvs": "46"}, {"firstvs": "1", "id": "51-01", "lastvs": "2"}, {"firstvs": "3", "id": "51-03", "lastvs": "4"}, {"firstvs": "5", "id": "51-05", "lastvs": "6"}, {"firstvs": "7", "id": "51-07", "lastvs": "8"}, {"firstvs": "9", "id": "51-09", "lastvs": "10"}, {"firstvs": "11", "id": "51-11", "lastvs": "12"}, {"firstvs": "13", "id": "51-13", "lastvs": "14"}, {"firstvs": "15", "id": "51-15", "lastvs": "16"}, {"firstvs": "17", "id": "51-17", "lastvs": "19"}, {"firstvs": "20", "id": "51-20", "lastvs": "21"}, {"firstvs": "22", "id": "51-22", "lastvs": "23"}, {"firstvs": "24", "id": "51-24", "lastvs": "24"}, {"firstvs": "25", "id": "51-25", "lastvs": "26"}, {"firstvs": "27", "id": "51-27", "lastvs": "28"}, {"firstvs": "29", "id": "51-29", "lastvs": "29"}, {"firstvs": "30", "id": "51-30", "lastvs": "32"}, {"firstvs": "33", "id": "51-33", "lastvs": "33"}, {"firstvs": "34", "id": "51-34", "lastvs": "35"}, {"firstvs": "36", "id": "51-36", "lastvs": "37"}, {"firstvs": "38", "id": "51-38", "lastvs": "40"}, {"firstvs": "41", "id": "51-41", "lastvs": "42"}, {"firstvs": "43", "id": "51-43", "lastvs": "44"}, {"firstvs": "45", "id": "51-45", "lastvs": "46"}, {"firstvs": "47", "id": "51-47", "lastvs": "49"}, {"firstvs": "50", "id": "51-50", "lastvs": "51"}, {"firstvs": "52", "id": "51-52", "lastvs": "53"}, {"firstvs": "54", "id": "51-54", "lastvs": "56"}, {"firstvs": "57", "id": "51-57", "lastvs": "58"}, {"firstvs": "59", "id": "51-59", "lastvs": "60"}, {"firstvs": "61", "id": "51-61", "lastvs": "62"}, {"firstvs": "63", "id": "51-63", "lastvs": "64"}, {"firstvs": "1", "id": "52-01", "lastvs": "3"}, {"firstvs": "4", "id": "52-04", "lastvs": "5"}, {"firstvs": "6", "id": "52-06", "lastvs": "8"}, {"firstvs": "9", "id": "52-09", "lastvs": "11"}, {"firstvs": "12", "id": "52-12", "lastvs": "14"}, {"firstvs": "15", "id": "52-15", "lastvs": "16"}, {"firstvs": "17", "id": "52-17", "lastvs": "19"}, {"firstvs": "20", "id": "52-20", "lastvs": "21"}, {"firstvs": "22", "id": "52-22", "lastvs": "23"}, {"firstvs": "24", "id": "52-24", "lastvs": "25"}, {"firstvs": "26", "id": "52-26", "lastvs": "27"}, {"firstvs": "28", "id": "52-28", "lastvs": "30"}, {"firstvs": "31", "id": "52-31", "lastvs": "31"}, {"firstvs": "32", "id": "52-00", "lastvs": "34"}]