[{"firstvs": "1", "id": "01-01", "lastvs": "2"}, {"firstvs": "3", "id": "01-03", "lastvs": "5"}, {"firstvs": "6", "id": "01-06", "lastvs": "7"}, {"firstvs": "8", "id": "01-08", "lastvs": "10"}, {"firstvs": "11", "id": "01-11", "lastvs": "13"}, {"firstvs": "14", "id": "01-14", "lastvs": "15"}, {"firstvs": "16", "id": "01-16", "lastvs": "18"}, {"firstvs": "19", "id": "01-19", "lastvs": "21"}, {"firstvs": "22", "id": "01-22", "lastvs": "22"}, {"firstvs": "1", "id": "02-01", "lastvs": "2"}, {"firstvs": "3", "id": "02-03", "lastvs": "4"}, {"firstvs": "5", "id": "02-05", "lastvs": "7"}, {"firstvs": "8", "id": "02-08", "lastvs": "9"}, {"firstvs": "10", "id": "02-10", "lastvs": "12"}, {"firstvs": "13", "id": "02-13", "lastvs": "13"}, {"firstvs": "14", "id": "02-14", "lastvs": "14"}, {"firstvs": "15", "id": "02-15", "lastvs": "16"}, {"firstvs": "17", "id": "02-17", "lastvs": "18"}, {"firstvs": "19", "id": "02-19", "lastvs": "20"}, {"firstvs": "21", "id": "02-21", "lastvs": "22"}, {"firstvs": "23", "id": "02-23", "lastvs": "23"}, {"firstvs": "1", "id": "03-01", "lastvs": "2"}, {"firstvs": "3", "id": "03-03", "lastvs": "5"}, {"firstvs": "6", "id": "03-06", "lastvs": "7"}, {"firstvs": "8", "id": "03-08", "lastvs": "9"}, {"firstvs": "10", "id": "03-10", "lastvs": "11"}, {"firstvs": "12", "id": "03-12", "lastvs": "13"}, {"firstvs": "14", "id": "03-14", "lastvs": "15"}, {"firstvs": "16", "id": "03-16", "lastvs": "18"}, {"firstvs": "1", "id": "04-01", "lastvs": "2"}, {"firstvs": "3", "id": "04-03", "lastvs": "4"}, {"firstvs": "5", "id": "04-05", "lastvs": "6"}, {"firstvs": "7", "id": "04-07", "lastvs": "8"}, {"firstvs": "9", "id": "04-09", "lastvs": "10"}, {"firstvs": "11", "id": "04-11", "lastvs": "12"}, {"firstvs": "13", "id": "04-13", "lastvs": "15"}, {"firstvs": "16", "id": "04-16", "lastvs": "17"}, {"firstvs": "18", "id": "04-00", "lastvs": "22"}]