[{"firstvs": "1", "id": "01-01", "lastvs": "5"}, {"firstvs": "6", "id": "01-06", "lastvs": "7"}, {"firstvs": "8", "id": "01-08", "lastvs": "10"}, {"firstvs": "11", "id": "01-11", "lastvs": "12"}, {"firstvs": "13", "id": "01-13", "lastvs": "14"}, {"firstvs": "15", "id": "01-15", "lastvs": "17"}, {"firstvs": "18", "id": "01-18", "lastvs": "19"}, {"firstvs": "20", "id": "01-20", "lastvs": "22"}, {"firstvs": "1", "id": "02-01", "lastvs": "2"}, {"firstvs": "3", "id": "02-03", "lastvs": "4"}, {"firstvs": "5", "id": "02-05", "lastvs": "6"}, {"firstvs": "7", "id": "02-07", "lastvs": "8"}, {"firstvs": "9", "id": "02-09", "lastvs": "10"}, {"firstvs": "11", "id": "02-11", "lastvs": "12"}, {"firstvs": "13", "id": "02-13", "lastvs": "14"}, {"firstvs": "15", "id": "02-15", "lastvs": "17"}, {"firstvs": "18", "id": "02-18", "lastvs": "20"}, {"firstvs": "21", "id": "02-21", "lastvs": "22"}, {"firstvs": "23", "id": "02-23", "lastvs": "25"}, {"firstvs": "1", "id": "03-01", "lastvs": "3"}, {"firstvs": "4", "id": "03-04", "lastvs": "6"}, {"firstvs": "7", "id": "03-07", "lastvs": "8"}, {"firstvs": "9", "id": "03-09", "lastvs": "10"}, {"firstvs": "11", "id": "03-11", "lastvs": "12"}, {"firstvs": "13", "id": "03-13", "lastvs": "15"}, {"firstvs": "16", "id": "03-16", "lastvs": "18"}, {"firstvs": "19", "id": "03-19", "lastvs": "22"}, {"firstvs": "1", "id": "04-01", "lastvs": "3"}, {"firstvs": "4", "id": "04-04", "lastvs": "5"}, {"firstvs": "6", "id": "04-06", "lastvs": "7"}, {"firstvs": "8", "id": "04-08", "lastvs": "9"}, {"firstvs": "10", "id": "04-10", "lastvs": "13"}, {"firstvs": "14", "id": "04-14", "lastvs": "17"}, {"firstvs": "18", "id": "04-18", "lastvs": "20"}, {"firstvs": "21", "id": "04-21", "lastvs": "23"}, {"firstvs": "24", "id": "04-24", "lastvs": "26"}, {"firstvs": "27", "id": "04-27", "lastvs": "28"}, {"firstvs": "29", "id": "04-29", "lastvs": "31"}, {"firstvs": "1", "id": "05-01", "lastvs": "2"}, {"firstvs": "3", "id": "05-03", "lastvs": "5"}, {"firstvs": "6", "id": "05-06", "lastvs": "9"}, {"firstvs": "10", "id": "05-10", "lastvs": "11"}, {"firstvs": "12", "id": "05-12", "lastvs": "14"}, {"firstvs": "15", "id": "05-15", "lastvs": "18"}, {"firstvs": "19", "id": "05-19", "lastvs": "21"}, {"firstvs": "22", "id": "05-22", "lastvs": "23"}, {"firstvs": "1", "id": "06-01", "lastvs": "1"}, {"firstvs": "2", "id": "06-02", "lastvs": "5"}, {"firstvs": "6", "id": "06-06", "lastvs": "7"}, {"firstvs": "8", "id": "06-08", "lastvs": "9"}, {"firstvs": "10", "id": "06-10", "lastvs": "13"}, {"firstvs": "14", "id": "06-14", "lastvs": "15"}, {"firstvs": "16", "id": "06-16", "lastvs": "19"}, {"firstvs": "20", "id": "06-20", "lastvs": "22"}, {"firstvs": "23", "id": "06-23", "lastvs": "25"}, {"firstvs": "26", "id": "06-26", "lastvs": "27"}, {"firstvs": "28", "id": "06-28", "lastvs": "30"}, {"firstvs": "1", "id": "07-01", "lastvs": "2"}, {"firstvs": "3", "id": "07-03", "lastvs": "5"}, {"firstvs": "6", "id": "07-06", "lastvs": "7"}, {"firstvs": "8", "id": "07-08", "lastvs": "10"}, {"firstvs": "11", "id": "07-11", "lastvs": "13"}, {"firstvs": "14", "id": "07-14", "lastvs": "15"}, {"firstvs": "16", "id": "07-16", "lastvs": "18"}, {"firstvs": "19", "id": "07-19", "lastvs": "19"}, {"firstvs": "20", "id": "07-20", "lastvs": "22"}, {"firstvs": "23", "id": "07-23", "lastvs": "25"}, {"firstvs": "1", "id": "08-01", "lastvs": "4"}, {"firstvs": "5", "id": "08-05", "lastvs": "7"}, {"firstvs": "8", "id": "08-08", "lastvs": "9"}, {"firstvs": "10", "id": "08-10", "lastvs": "12"}, {"firstvs": "13", "id": "08-13", "lastvs": "15"}, {"firstvs": "16", "id": "08-16", "lastvs": "17"}, {"firstvs": "18", "id": "08-18", "lastvs": "19"}, {"firstvs": "20", "id": "08-20", "lastvs": "21"}, {"firstvs": "22", "id": "08-22", "lastvs": "24"}, {"firstvs": "25", "id": "08-25", "lastvs": "27"}, {"firstvs": "28", "id": "08-28", "lastvs": "29"}, {"firstvs": "30", "id": "08-30", "lastvs": "32"}, {"firstvs": "1", "id": "09-01", "lastvs": "4"}, {"firstvs": "5", "id": "09-05", "lastvs": "7"}, {"firstvs": "8", "id": "09-08", "lastvs": "10"}, {"firstvs": "11", "id": "09-11", "lastvs": "12"}, {"firstvs": "13", "id": "09-13", "lastvs": "14"}, {"firstvs": "15", "id": "09-15", "lastvs": "17"}, {"firstvs": "18", "id": "09-18", "lastvs": "19"}, {"firstvs": "20", "id": "09-20", "lastvs": "21"}, {"firstvs": "22", "id": "09-22", "lastvs": "24"}, {"firstvs": "25", "id": "09-25", "lastvs": "26"}, {"firstvs": "27", "id": "09-27", "lastvs": "28"}, {"firstvs": "29", "id": "09-29", "lastvs": "30"}, {"firstvs": "31", "id": "09-31", "lastvs": "33"}, {"firstvs": "34", "id": "09-34", "lastvs": "35"}, {"firstvs": "1", "id": "10-01", "lastvs": "2"}, {"firstvs": "3", "id": "10-03", "lastvs": "4"}, {"firstvs": "5", "id": "10-05", "lastvs": "6"}, {"firstvs": "7", "id": "10-07", "lastvs": "8"}, {"firstvs": "9", "id": "10-09", "lastvs": "11"}, {"firstvs": "12", "id": "10-12", "lastvs": "13"}, {"firstvs": "14", "id": "10-14", "lastvs": "15"}, {"firstvs": "16", "id": "10-16", "lastvs": "18"}, {"firstvs": "19", "id": "10-19", "lastvs": "20"}, {"firstvs": "21", "id": "10-21", "lastvs": "23"}, {"firstvs": "24", "id": "10-24", "lastvs": "26"}, {"firstvs": "27", "id": "10-27", "lastvs": "29"}, {"firstvs": "1", "id": "11-01", "lastvs": "3"}, {"firstvs": "4", "id": "11-04", "lastvs": "5"}, {"firstvs": "6", "id": "11-06", "lastvs": "8"}, {"firstvs": "9", "id": "11-09", "lastvs": "10"}, {"firstvs": "1", "id": "12-01", "lastvs": "2"}, {"firstvs": "3", "id": "12-03", "lastvs": "4"}, {"firstvs": "5", "id": "12-05", "lastvs": "8"}, {"firstvs": "9", "id": "12-09", "lastvs": "11"}, {"firstvs": "12", "id": "12-12", "lastvs": "14"}, {"firstvs": "15", "id": "12-15", "lastvs": "16"}, {"firstvs": "17", "id": "12-17", "lastvs": "18"}, {"firstvs": "19", "id": "12-19", "lastvs": "20"}, {"firstvs": "21", "id": "12-21", "lastvs": "22"}, {"firstvs": "23", "id": "12-23", "lastvs": "23"}, {"firstvs": "24", "id": "12-24", "lastvs": "25"}, {"firstvs": "26", "id": "12-26", "lastvs": "28"}, {"firstvs": "29", "id": "12-29", "lastvs": "30"}, {"firstvs": "31", "id": "12-31", "lastvs": "33"}, {"firstvs": "34", "id": "12-34", "lastvs": "36"}, {"firstvs": "37", "id": "12-37", "lastvs": "40"}, {"firstvs": "41", "id": "12-41", "lastvs": "42"}, {"firstvs": "43", "id": "12-43", "lastvs": "44"}, {"firstvs": "45", "id": "12-45", "lastvs": "46"}, {"firstvs": "47", "id": "12-47", "lastvs": "48"}, {"firstvs": "49", "id": "12-49", "lastvs": "51"}, {"firstvs": "1", "id": "13-01", "lastvs": "2"}, {"firstvs": "3", "id": "13-03", "lastvs": "5"}, {"firstvs": "6", "id": "13-06", "lastvs": "7"}, {"firstvs": "8", "id": "13-08", "lastvs": "10"}, {"firstvs": "11", "id": "13-11", "lastvs": "13"}, {"firstvs": "14", "id": "13-14", "lastvs": "16"}, {"firstvs": "17", "id": "13-17", "lastvs": "18"}, {"firstvs": "19", "id": "13-19", "lastvs": "22"}, {"firstvs": "1", "id": "14-01", "lastvs": "3"}, {"firstvs": "4", "id": "14-04", "lastvs": "5"}, {"firstvs": "6", "id": "14-06", "lastvs": "9"}, {"firstvs": "10", "id": "14-10", "lastvs": "12"}, {"firstvs": "13", "id": "14-13", "lastvs": "14"}, {"firstvs": "15", "id": "14-15", "lastvs": "18"}, {"firstvs": "19", "id": "14-19", "lastvs": "20"}, {"firstvs": "21", "id": "14-21", "lastvs": "22"}, {"firstvs": "23", "id": "14-23", "lastvs": "25"}, {"firstvs": "26", "id": "14-26", "lastvs": "28"}, {"firstvs": "29", "id": "14-29", "lastvs": "31"}, {"firstvs": "1", "id": "15-01", "lastvs": "1"}, {"firstvs": "2", "id": "15-02", "lastvs": "3"}, {"firstvs": "4", "id": "15-04", "lastvs": "5"}, {"firstvs": "6", "id": "15-06", "lastvs": "8"}, {"firstvs": "9", "id": "15-09", "lastvs": "11"}, {"firstvs": "12", "id": "15-12", "lastvs": "13"}, {"firstvs": "14", "id": "15-14", "lastvs": "15"}, {"firstvs": "16", "id": "15-16", "lastvs": "16"}, {"firstvs": "17", "id": "15-17", "lastvs": "18"}, {"firstvs": "19", "id": "15-19", "lastvs": "21"}, {"firstvs": "22", "id": "15-22", "lastvs": "23"}, {"firstvs": "24", "id": "15-24", "lastvs": "26"}, {"firstvs": "27", "id": "15-27", "lastvs": "27"}, {"firstvs": "1", "id": "16-01", "lastvs": "3"}, {"firstvs": "4", "id": "16-04", "lastvs": "5"}, {"firstvs": "6", "id": "16-06", "lastvs": "8"}, {"firstvs": "9", "id": "16-09", "lastvs": "12"}, {"firstvs": "13", "id": "16-13", "lastvs": "15"}, {"firstvs": "16", "id": "16-16", "lastvs": "18"}, {"firstvs": "19", "id": "16-19", "lastvs": "21"}, {"firstvs": "22", "id": "16-22", "lastvs": "23"}, {"firstvs": "24", "id": "16-24", "lastvs": "25"}, {"firstvs": "26", "id": "16-26", "lastvs": "27"}, {"firstvs": "28", "id": "16-28", "lastvs": "30"}, {"firstvs": "31", "id": "16-31", "lastvs": "32"}, {"firstvs": "33", "id": "16-33", "lastvs": "36"}, {"firstvs": "1", "id": "17-01", "lastvs": "3"}, {"firstvs": "4", "id": "17-04", "lastvs": "7"}, {"firstvs": "8", "id": "17-08", "lastvs": "10"}, {"firstvs": "11", "id": "17-11", "lastvs": "13"}, {"firstvs": "14", "id": "17-14", "lastvs": "16"}, {"firstvs": "1", "id": "18-01", "lastvs": "4"}, {"firstvs": "5", "id": "18-05", "lastvs": "6"}, {"firstvs": "7", "id": "18-07", "lastvs": "8"}, {"firstvs": "9", "id": "18-09", "lastvs": "11"}, {"firstvs": "12", "id": "18-12", "lastvs": "12"}, {"firstvs": "13", "id": "18-13", "lastvs": "14"}, {"firstvs": "15", "id": "18-15", "lastvs": "16"}, {"firstvs": "17", "id": "18-17", "lastvs": "20"}, {"firstvs": "21", "id": "18-21", "lastvs": "23"}, {"firstvs": "24", "id": "18-24", "lastvs": "27"}, {"firstvs": "1", "id": "19-01", "lastvs": "2"}, {"firstvs": "3", "id": "19-03", "lastvs": "6"}, {"firstvs": "7", "id": "19-07", "lastvs": "9"}, {"firstvs": "10", "id": "19-10", "lastvs": "11"}, {"firstvs": "12", "id": "19-12", "lastvs": "13"}, {"firstvs": "14", "id": "19-14", "lastvs": "15"}, {"firstvs": "16", "id": "19-16", "lastvs": "18"}, {"firstvs": "19", "id": "19-19", "lastvs": "22"}, {"firstvs": "23", "id": "19-23", "lastvs": "25"}, {"firstvs": "1", "id": "20-01", "lastvs": "3"}, {"firstvs": "4", "id": "20-04", "lastvs": "6"}, {"firstvs": "7", "id": "20-07", "lastvs": "7"}, {"firstvs": "8", "id": "20-08", "lastvs": "11"}, {"firstvs": "12", "id": "20-12", "lastvs": "14"}, {"firstvs": "15", "id": "20-15", "lastvs": "17"}, {"firstvs": "18", "id": "20-18", "lastvs": "21"}, {"firstvs": "22", "id": "20-22", "lastvs": "23"}, {"firstvs": "24", "id": "20-24", "lastvs": "26"}, {"firstvs": "1", "id": "21-01", "lastvs": "1"}, {"firstvs": "2", "id": "21-02", "lastvs": "4"}, {"firstvs": "5", "id": "21-05", "lastvs": "6"}, {"firstvs": "7", "id": "21-07", "lastvs": "8"}, {"firstvs": "9", "id": "21-09", "lastvs": "11"}, {"firstvs": "12", "id": "21-12", "lastvs": "14"}, {"firstvs": "15", "id": "21-15", "lastvs": "17"}, {"firstvs": "18", "id": "21-18", "lastvs": "19"}, {"firstvs": "20", "id": "21-20", "lastvs": "21"}, {"firstvs": "22", "id": "21-22", "lastvs": "25"}, {"firstvs": "26", "id": "21-26", "lastvs": "27"}, {"firstvs": "28", "id": "21-28", "lastvs": "30"}, {"firstvs": "31", "id": "21-31", "lastvs": "32"}, {"firstvs": "33", "id": "21-33", "lastvs": "34"}, {"firstvs": "35", "id": "21-35", "lastvs": "36"}, {"firstvs": "1", "id": "22-01", "lastvs": "4"}, {"firstvs": "5", "id": "22-05", "lastvs": "5"}, {"firstvs": "6", "id": "22-06", "lastvs": "6"}, {"firstvs": "7", "id": "22-07", "lastvs": "9"}, {"firstvs": "10", "id": "22-10", "lastvs": "13"}, {"firstvs": "14", "id": "22-14", "lastvs": "15"}, {"firstvs": "16", "id": "22-16", "lastvs": "17"}, {"firstvs": "18", "id": "22-18", "lastvs": "19"}, {"firstvs": "20", "id": "22-20", "lastvs": "21"}, {"firstvs": "22", "id": "22-22", "lastvs": "24"}, {"firstvs": "25", "id": "22-25", "lastvs": "27"}, {"firstvs": "28", "id": "22-28", "lastvs": "28"}, {"firstvs": "29", "id": "22-29", "lastvs": "31"}, {"firstvs": "1", "id": "23-01", "lastvs": "3"}, {"firstvs": "4", "id": "23-04", "lastvs": "5"}, {"firstvs": "6", "id": "23-06", "lastvs": "9"}, {"firstvs": "10", "id": "23-10", "lastvs": "11"}, {"firstvs": "12", "id": "23-12", "lastvs": "13"}, {"firstvs": "14", "id": "23-14", "lastvs": "15"}, {"firstvs": "16", "id": "23-16", "lastvs": "17"}, {"firstvs": "18", "id": "23-18", "lastvs": "19"}, {"firstvs": "20", "id": "23-20", "lastvs": "22"}, {"firstvs": "23", "id": "23-23", "lastvs": "25"}, {"firstvs": "26", "id": "23-26", "lastvs": "29"}, {"firstvs": "30", "id": "23-30", "lastvs": "33"}, {"firstvs": "1", "id": "24-01", "lastvs": "2"}, {"firstvs": "3", "id": "24-03", "lastvs": "4"}, {"firstvs": "5", "id": "24-05", "lastvs": "6"}, {"firstvs": "7", "id": "24-07", "lastvs": "8"}, {"firstvs": "9", "id": "24-09", "lastvs": "11"}, {"firstvs": "12", "id": "24-12", "lastvs": "13"}, {"firstvs": "14", "id": "24-14", "lastvs": "15"}, {"firstvs": "16", "id": "24-16", "lastvs": "18"}, {"firstvs": "1", "id": "25-01", "lastvs": "2"}, {"firstvs": "3", "id": "25-03", "lastvs": "7"}, {"firstvs": "8", "id": "25-08", "lastvs": "9"}, {"firstvs": "10", "id": "25-10", "lastvs": "11"}, {"firstvs": "12", "id": "25-12", "lastvs": "14"}, {"firstvs": "15", "id": "25-15", "lastvs": "18"}, {"firstvs": "19", "id": "25-19", "lastvs": "21"}, {"firstvs": "22", "id": "25-22", "lastvs": "22"}, {"firstvs": "23", "id": "25-23", "lastvs": "24"}, {"firstvs": "25", "id": "25-25", "lastvs": "27"}, {"firstvs": "28", "id": "25-28", "lastvs": "30"}, {"firstvs": "31", "id": "25-31", "lastvs": "32"}, {"firstvs": "33", "id": "25-33", "lastvs": "34"}, {"firstvs": "35", "id": "25-35", "lastvs": "36"}, {"firstvs": "37", "id": "25-37", "lastvs": "40"}, {"firstvs": "1", "id": "26-01", "lastvs": "3"}, {"firstvs": "4", "id": "26-04", "lastvs": "6"}, {"firstvs": "7", "id": "26-07", "lastvs": "9"}, {"firstvs": "10", "id": "26-10", "lastvs": "11"}, {"firstvs": "12", "id": "26-12", "lastvs": "14"}, {"firstvs": "15", "id": "26-15", "lastvs": "18"}, {"firstvs": "19", "id": "26-19", "lastvs": "21"}, {"firstvs": "22", "id": "26-22", "lastvs": "25"}, {"firstvs": "26", "id": "26-26", "lastvs": "28"}, {"firstvs": "29", "id": "26-29", "lastvs": "30"}, {"firstvs": "31", "id": "26-31", "lastvs": "33"}, {"firstvs": "34", "id": "26-34", "lastvs": "35"}, {"firstvs": "36", "id": "26-36", "lastvs": "37"}, {"firstvs": "1", "id": "27-01", "lastvs": "2"}, {"firstvs": "3", "id": "27-03", "lastvs": "4"}, {"firstvs": "5", "id": "27-05", "lastvs": "6"}, {"firstvs": "7", "id": "27-07", "lastvs": "8"}, {"firstvs": "9", "id": "27-09", "lastvs": "10"}, {"firstvs": "11", "id": "27-11", "lastvs": "13"}, {"firstvs": "14", "id": "27-14", "lastvs": "16"}, {"firstvs": "17", "id": "27-17", "lastvs": "19"}, {"firstvs": "20", "id": "27-20", "lastvs": "21"}, {"firstvs": "1", "id": "28-01", "lastvs": "3"}, {"firstvs": "4", "id": "28-04", "lastvs": "5"}, {"firstvs": "6", "id": "28-06", "lastvs": "9"}, {"firstvs": "10", "id": "28-10", "lastvs": "12"}, {"firstvs": "13", "id": "28-13", "lastvs": "14"}, {"firstvs": "15", "id": "28-15", "lastvs": "16"}, {"firstvs": "17", "id": "28-17", "lastvs": "20"}, {"firstvs": "21", "id": "28-21", "lastvs": "24"}, {"firstvs": "25", "id": "28-25", "lastvs": "26"}, {"firstvs": "27", "id": "28-27", "lastvs": "28"}, {"firstvs": "29", "id": "28-29", "lastvs": "30"}, {"firstvs": "31", "id": "28-31", "lastvs": "32"}, {"firstvs": "33", "id": "28-33", "lastvs": "35"}, {"firstvs": "36", "id": "28-36", "lastvs": "38"}, {"firstvs": "39", "id": "28-39", "lastvs": "39"}, {"firstvs": "40", "id": "28-40", "lastvs": "41"}, {"firstvs": "42", "id": "28-42", "lastvs": "43"}, {"firstvs": "1", "id": "29-01", "lastvs": "2"}, {"firstvs": "3", "id": "29-03", "lastvs": "4"}, {"firstvs": "5", "id": "29-05", "lastvs": "7"}, {"firstvs": "8", "id": "29-08", "lastvs": "9"}, {"firstvs": "10", "id": "29-10", "lastvs": "11"}, {"firstvs": "12", "id": "29-12", "lastvs": "14"}, {"firstvs": "15", "id": "29-15", "lastvs": "18"}, {"firstvs": "19", "id": "29-19", "lastvs": "20"}, {"firstvs": "21", "id": "29-21", "lastvs": "21"}, {"firstvs": "22", "id": "29-22", "lastvs": "23"}, {"firstvs": "24", "id": "29-24", "lastvs": "25"}, {"firstvs": "26", "id": "29-26", "lastvs": "28"}, {"firstvs": "29", "id": "29-29", "lastvs": "30"}, {"firstvs": "31", "id": "29-31", "lastvs": "34"}, {"firstvs": "35", "id": "29-35", "lastvs": "37"}, {"firstvs": "38", "id": "29-38", "lastvs": "39"}, {"firstvs": "40", "id": "29-40", "lastvs": "40"}, {"firstvs": "41", "id": "29-41", "lastvs": "42"}, {"firstvs": "43", "id": "29-43", "lastvs": "44"}, {"firstvs": "45", "id": "29-45", "lastvs": "46"}, {"firstvs": "1", "id": "30-01", "lastvs": "2"}, {"firstvs": "3", "id": "30-03", "lastvs": "4"}, {"firstvs": "5", "id": "30-05", "lastvs": "6"}, {"firstvs": "7", "id": "30-07", "lastvs": "9"}, {"firstvs": "10", "id": "30-10", "lastvs": "10"}, {"firstvs": "11", "id": "30-11", "lastvs": "14"}, {"firstvs": "15", "id": "30-15", "lastvs": "16"}, {"firstvs": "17", "id": "30-17", "lastvs": "18"}, {"firstvs": "19", "id": "30-19", "lastvs": "21"}, {"firstvs": "22", "id": "30-22", "lastvs": "25"}, {"firstvs": "26", "id": "30-26", "lastvs": "28"}, {"firstvs": "29", "id": "30-29", "lastvs": "31"}, {"firstvs": "32", "id": "30-32", "lastvs": "33"}, {"firstvs": "34", "id": "30-34", "lastvs": "36"}, {"firstvs": "37", "id": "30-37", "lastvs": "38"}, {"firstvs": "1", "id": "31-01", "lastvs": "2"}, {"firstvs": "3", "id": "31-03", "lastvs": "5"}, {"firstvs": "6", "id": "31-06", "lastvs": "9"}, {"firstvs": "10", "id": "31-10", "lastvs": "11"}, {"firstvs": "12", "id": "31-12", "lastvs": "15"}, {"firstvs": "16", "id": "31-16", "lastvs": "17"}, {"firstvs": "18", "id": "31-18", "lastvs": "18"}, {"firstvs": "1", "id": "32-01", "lastvs": "2"}, {"firstvs": "3", "id": "32-03", "lastvs": "4"}, {"firstvs": "5", "id": "32-05", "lastvs": "6"}, {"firstvs": "7", "id": "32-07", "lastvs": "8"}, {"firstvs": "9", "id": "32-09", "lastvs": "11"}, {"firstvs": "12", "id": "32-12", "lastvs": "14"}, {"firstvs": "15", "id": "32-15", "lastvs": "16"}, {"firstvs": "17", "id": "32-17", "lastvs": "18"}, {"firstvs": "19", "id": "32-19", "lastvs": "20"}, {"firstvs": "21", "id": "32-21", "lastvs": "24"}, {"firstvs": "25", "id": "32-25", "lastvs": "27"}, {"firstvs": "28", "id": "32-28", "lastvs": "29"}, {"firstvs": "30", "id": "32-30", "lastvs": "32"}, {"firstvs": "33", "id": "32-33", "lastvs": "35"}, {"firstvs": "1", "id": "33-01", "lastvs": "3"}, {"firstvs": "4", "id": "33-04", "lastvs": "6"}, {"firstvs": "7", "id": "33-07", "lastvs": "9"}, {"firstvs": "10", "id": "33-10", "lastvs": "11"}, {"firstvs": "12", "id": "33-12", "lastvs": "13"}, {"firstvs": "14", "id": "33-14", "lastvs": "16"}, {"firstvs": "17", "id": "33-17", "lastvs": "18"}, {"firstvs": "19", "id": "33-19", "lastvs": "20"}, {"firstvs": "21", "id": "33-21", "lastvs": "23"}, {"firstvs": "1", "id": "34-01", "lastvs": "2"}, {"firstvs": "3", "id": "34-03", "lastvs": "4"}, {"firstvs": "5", "id": "34-05", "lastvs": "7"}, {"firstvs": "8", "id": "34-08", "lastvs": "9"}, {"firstvs": "10", "id": "34-10", "lastvs": "11"}, {"firstvs": "12", "id": "34-12", "lastvs": "14"}, {"firstvs": "15", "id": "34-15", "lastvs": "17"}, {"firstvs": "18", "id": "34-18", "lastvs": "18"}, {"firstvs": "19", "id": "34-19", "lastvs": "20"}, {"firstvs": "21", "id": "34-21", "lastvs": "22"}, {"firstvs": "23", "id": "34-23", "lastvs": "24"}, {"firstvs": "25", "id": "34-25", "lastvs": "26"}, {"firstvs": "27", "id": "34-27", "lastvs": "28"}, {"firstvs": "29", "id": "34-29", "lastvs": "31"}, {"firstvs": "32", "id": "34-32", "lastvs": "33"}, {"firstvs": "34", "id": "34-34", "lastvs": "35"}, {"firstvs": "1", "id": "35-01", "lastvs": "3"}, {"firstvs": "4", "id": "35-04", "lastvs": "9"}, {"firstvs": "10", "id": "35-10", "lastvs": "12"}, {"firstvs": "13", "id": "35-13", "lastvs": "16"}, {"firstvs": "17", "id": "35-17", "lastvs": "19"}, {"firstvs": "20", "id": "35-20", "lastvs": "22"}, {"firstvs": "23", "id": "35-23", "lastvs": "24"}, {"firstvs": "25", "id": "35-25", "lastvs": "26"}, {"firstvs": "27", "id": "35-27", "lastvs": "29"}, {"firstvs": "30", "id": "35-30", "lastvs": "33"}, {"firstvs": "34", "id": "35-34", "lastvs": "35"}, {"firstvs": "1", "id": "36-01", "lastvs": "1"}, {"firstvs": "2", "id": "36-02", "lastvs": "4"}, {"firstvs": "5", "id": "36-05", "lastvs": "7"}, {"firstvs": "8", "id": "36-08", "lastvs": "10"}, {"firstvs": "11", "id": "36-11", "lastvs": "13"}, {"firstvs": "14", "id": "36-14", "lastvs": "17"}, {"firstvs": "18", "id": "36-18", "lastvs": "19"}, {"firstvs": "20", "id": "36-20", "lastvs": "23"}, {"firstvs": "24", "id": "36-24", "lastvs": "26"}, {"firstvs": "27", "id": "36-27", "lastvs": "28"}, {"firstvs": "29", "id": "36-29", "lastvs": "30"}, {"firstvs": "31", "id": "36-31", "lastvs": "34"}, {"firstvs": "35", "id": "36-35", "lastvs": "36"}, {"firstvs": "37", "id": "36-37", "lastvs": "38"}, {"firstvs": "1", "id": "37-01", "lastvs": "3"}, {"firstvs": "4", "id": "37-04", "lastvs": "6"}, {"firstvs": "7", "id": "37-07", "lastvs": "9"}, {"firstvs": "10", "id": "37-10", "lastvs": "13"}, {"firstvs": "14", "id": "37-14", "lastvs": "16"}, {"firstvs": "17", "id": "37-17", "lastvs": "19"}, {"firstvs": "20", "id": "37-20", "lastvs": "22"}, {"firstvs": "23", "id": "37-23", "lastvs": "24"}, {"firstvs": "25", "id": "37-25", "lastvs": "26"}, {"firstvs": "27", "id": "37-27", "lastvs": "29"}, {"firstvs": "1", "id": "38-01", "lastvs": "3"}, {"firstvs": "4", "id": "38-04", "lastvs": "5"}, {"firstvs": "6", "id": "38-06", "lastvs": "7"}, {"firstvs": "8", "id": "38-08", "lastvs": "8"}, {"firstvs": "9", "id": "38-09", "lastvs": "10"}, {"firstvs": "11", "id": "38-11", "lastvs": "12"}, {"firstvs": "13", "id": "38-13", "lastvs": "16"}, {"firstvs": "17", "id": "38-17", "lastvs": "20"}, {"firstvs": "21", "id": "38-21", "lastvs": "23"}, {"firstvs": "24", "id": "38-24", "lastvs": "26"}, {"firstvs": "27", "id": "38-27", "lastvs": "29"}, {"firstvs": "30", "id": "38-30", "lastvs": "31"}, {"firstvs": "1", "id": "39-01", "lastvs": "1"}, {"firstvs": "2", "id": "39-02", "lastvs": "3"}, {"firstvs": "4", "id": "39-04", "lastvs": "5"}, {"firstvs": "6", "id": "39-06", "lastvs": "7"}, {"firstvs": "8", "id": "39-08", "lastvs": "9"}, {"firstvs": "10", "id": "39-10", "lastvs": "13"}, {"firstvs": "14", "id": "39-14", "lastvs": "16"}, {"firstvs": "17", "id": "39-17", "lastvs": "18"}, {"firstvs": "19", "id": "39-19", "lastvs": "20"}, {"firstvs": "21", "id": "39-21", "lastvs": "21"}, {"firstvs": "22", "id": "39-22", "lastvs": "24"}, {"firstvs": "25", "id": "39-25", "lastvs": "26"}, {"firstvs": "27", "id": "39-27", "lastvs": "29"}, {"firstvs": "30", "id": "39-30", "lastvs": "31"}, {"firstvs": "32", "id": "39-32", "lastvs": "35"}, {"firstvs": "36", "id": "39-36", "lastvs": "39"}, {"firstvs": "40", "id": "39-40", "lastvs": "41"}, {"firstvs": "42", "id": "39-42", "lastvs": "43"}, {"firstvs": "1", "id": "40-01", "lastvs": "2"}, {"firstvs": "3", "id": "40-03", "lastvs": "4"}, {"firstvs": "5", "id": "40-05", "lastvs": "7"}, {"firstvs": "8", "id": "40-08", "lastvs": "11"}, {"firstvs": "12", "id": "40-12", "lastvs": "13"}, {"firstvs": "14", "id": "40-14", "lastvs": "16"}, {"firstvs": "17", "id": "40-17", "lastvs": "20"}, {"firstvs": "21", "id": "40-21", "lastvs": "23"}, {"firstvs": "24", "id": "40-24", "lastvs": "25"}, {"firstvs": "26", "id": "40-26", "lastvs": "27"}, {"firstvs": "28", "id": "40-28", "lastvs": "30"}, {"firstvs": "31", "id": "40-31", "lastvs": "33"}, {"firstvs": "34", "id": "40-34", "lastvs": "35"}, {"firstvs": "36", "id": "40-00", "lastvs": "38"}]