[{"id": "01", "tn": [{"ref": "So all Israel was recorded in genealogies", "text": "A genealogy refers to a record of a family descendants or a persons ancestors."}, {"ref": "the Book of the Kings of Israel", "text": "This refers to a book that no longer exists."}]}, {"id": "04", "tn": [{"ref": "General Information:", "text": "See: [[:en:ta:vol1:translate:translate_names]] and [[:en:ta:vol2:translate:translate_numbers]]"}, {"ref": "Shilonites", "text": "This is the name of a people group descended from Shelah. It is a spelling variation for the Shelanites."}]}, {"id": "07", "tn": [{"ref": "General Information:", "text": "See: [[:en:ta:vol1:translate:translate_names]]"}]}, {"id": "10", "tn": [{"ref": "General Information:", "text": "See: [[:en:ta:vol1:translate:translate_names]]"}]}, {"id": "12", "tn": [{"ref": "General Information:", "text": "See: [[:en:ta:vol1:translate:translate_names]] and [[:en:ta:vol2:translate:translate_numbers]]"}, {"ref": "They were very capable men in the work in the house of God", "text": "AT: \"These capable men worked in the house of God\""}]}, {"id": "14", "tn": [{"ref": "Shemaiah ... Elkanah", "text": "These are names of men. (See: [[:en:ta:vol1:translate:translate_names]])"}, {"ref": "among the descendants", "text": "\"one of the descendants\""}, {"ref": "Netophathites", "text": "This is the name of a people group."}]}, {"id": "17", "tn": [{"ref": "General Information:", "text": "See: [[:en:ta:vol1:translate:translate_names]]"}, {"ref": "doorkeepers", "text": "\"guards\" or \"gatekeepers\""}, {"ref": "they stood guard at the king's gate on the east side for the camp of Levi's descendants", "text": "\"Levi's descendants guarded the king's gate on the east side of their camp\""}, {"ref": "the door to the tent ... the entrance", "text": "These phrases both refer to the entrance of the tent of meeting, or the tabernacle."}]}, {"id": "20", "tn": [{"ref": "in charge of them", "text": "AT: \"in charge of the guards\""}]}, {"id": "22", "tn": [{"ref": "General Information:", "text": "See: [[:en:ta:vol2:translate:translate_numbers]])"}, {"ref": "Their names were recorded in the people's records in their villages", "text": "AT: \"The records in peoples' villages included the names of these men\" (See: [[:en:ta:vol2:translate:figs_activepassive]])"}, {"ref": "their children", "text": "\"their descendants\""}, {"ref": "gatekeepers were posted", "text": "AT: \"men guarded the entrances\""}, {"ref": "on all four sides, toward the east, west, north, and south", "text": "AT: \"all around\" (See: [[:en:ta:vol1:translate:translate_names]])"}]}, {"id": "25", "tn": [{"ref": "Their brothers", "text": "\"The guards' brothers\""}, {"ref": "came in for seven-day rotations, in turn", "text": "day rotations, in turn** - AT: \"would come to help for 7-day periods, taking turns\" (See: [[:en:ta:vol2:translate:translate_numbers]])"}, {"ref": "were assigned to guard the rooms", "text": "AT: \"guarded the rooms\""}]}, {"id": "28", "tn": [{"ref": "Some of them", "text": "\"Some of the guards\""}, {"ref": "they counted the articles when they were brought in and when they were taken out", "text": "AT: \"they counted the articles that people took out to use, and they counted the articles when people brought them back\""}, {"ref": "were assigned to take care of", "text": "AT: \"took care of\" or \"cared for\" (See: [[:en:ta:vol2:translate:figs_activepassive]])"}]}, {"id": "30", "tn": [{"ref": "Mattithiah ... Shallum", "text": "These are names of men. (See: [[:en:ta:vol1:translate:translate_names]])"}, {"ref": "Korahite ... Kohathites", "text": "These are names of people groups."}, {"ref": "bread of the presence", "text": "See the Translation Word page about \"bread\" for the specific definition of \"bread of the presence.\""}]}, {"id": "33", "tn": [{"ref": "they were free from work", "text": "AT: \"they did not have to do other work\" (See: [[:en:ta:vol1:translate:figs_idiom]])"}, {"ref": "had to carry out their assigned tasks", "text": "AT: \"had to complete their assigned task\""}, {"ref": "day and night", "text": "This means \"at all times\" and can be translated using a phrase or word from your language or culture that gives the same meaning. (See: [[:en:ta:vol2:translate:figs_merism]])"}, {"ref": "These were family leaders among the Levites, as listed in their genealogical records", "text": "AT: \"The family history lists included the names of these Levite family leaders\""}]}, {"id": "35", "tn": [{"ref": "General Information:", "text": "See: [[:en:ta:vol1:translate:translate_names]]"}, {"ref": "Gibeon", "text": "The first reference to Gibeon is to the person but the second reference to Gibeon is the city."}]}, {"id": "38", "tn": [{"ref": "General Information:", "text": "See: [[:en:ta:vol1:translate:translate_names]]"}]}, {"id": "41", "tn": [{"ref": "General Information:", "text": "See: [[:en:ta:vol1:translate:translate_names]] and [[:en:ta:vol2:translate:translate_numbers]]"}]}]