[{"id": "01", "tn": [{"ref": "The spirit of God came on Azariah", "text": "AT: \"The spirit of God gave Azariah the ability to prophesy\""}, {"ref": "Oded", "text": "(See: [[:en:ta:vol1:translate:translate_names]])"}]}, {"id": "03", "tn": [{"ref": "Israel was without the true God", "text": "Israel had stopped obeying God."}, {"ref": "without a teaching priest", "text": "AT: \"without a priest able to teach them\""}, {"ref": "he was found by them", "text": "AT: \"God responded to the Isrealites' search for Him.\""}]}, {"id": "06", "tn": [{"ref": "They were broken in pieces, nation against nation, and city against city", "text": "AT: \"They were defeated by other nations and cities\""}]}, {"id": "08", "tn": [{"ref": "the prophecy of Oded the prophet", "text": "Many versions, including the UDB, make this passage read, \"the prophecy of Azariah, the son of Oded the prophet.\" They do this in order to make the sense agree with [[:en:bible:notes:2ch:15:01|15:1]]. Translators will probably want to do the same in their versions."}, {"ref": "drove away the disgusting things", "text": "AT: \"removed the idols\""}, {"ref": "Yahweh his God was with him", "text": "AT: \"Yahweh was helping him\" (See: [[:en:ta:vol1:translate:figs_metaphor]])"}]}, {"id": "10", "tn": [{"ref": "So they gathered together", "text": "\"They\" here refers to the tribes of Judah and Israel that were with Asa."}, {"ref": "the third month", "text": "This is the third month of the Hebrew calendar. It is during the last part of May and the first part of June on Western calendars. (See: [[:en:ta:vol2:translate:translate_hebrewmonths]])"}, {"ref": "third ... fifteenth", "text": "See: [[:en:ta:vol2:translate:translate_ordinal]]"}, {"ref": "seven hundred ... seven thousand", "text": "\"700 ... 7,000\" (See: [[:en:ta:vol2:translate:translate_numbers]])"}]}, {"id": "12", "tn": [{"ref": "with all their heart and with all their soul", "text": "AT: \"honestly and completely\" (See: [[:en:ta:vol1:translate:figs_idiom]])"}, {"ref": "be put to death", "text": "AT: \"be killed\" (See: [[:en:ta:vol2:translate:figs_euphemism]])"}]}, {"id": "14", "tn": [{"ref": "he was found by them", "text": "See how you translated this in II Chronicles 15:4"}, {"ref": "All Judah rejoiced", "text": "AT: \"Many of the people who lived in Judah rejoiced\" (See: [[:en:ta:vol2:translate:figs_synecdoche]] and [[:en:ta:vol2:translate:figs_hyperbole]])"}]}, {"id": "16", "tn": [{"ref": "General Information:", "text": "See: [[:en:ta:vol1:translate:translate_names]]"}, {"ref": "a disgusting figure", "text": "AT: \"an idol\""}, {"ref": "Asa's heart was completely devoted all his days", "text": "AT: \"Asa obeyed and followed Yaweh his whole life\""}]}]