[{"id": "01", "tn": [{"ref": "Perez ... Hezron ... Carmi ... Hur ... Shobal ... Reaiah ... Jahath ... Ahumai ... Lahad", "text": "These are the names of men. (See: [[:en:ta:vol1:translate:translate_names]])"}, {"ref": "Zorathites", "text": "This people group was named after the town of Zorah where they lived."}]}, {"id": "03", "tn": [{"ref": "These were the ancestors", "text": "This refers back to the list in the previous verses. However, some versions regard these names as standing in a father-son relationship. In the same way, some versions regard Penuel as the father of Gedor, instead of as the originator of the clan of Gedor."}, {"ref": "Etam ... Gedor ... Hushah", "text": "These are names of cities. (See: [[:en:ta:vol1:translate:translate_names]])"}, {"ref": "Ishma ... Idbash ... Penuel ... Ezer ... Ephrathah", "text": "These are the names of men."}, {"ref": "Hazzelelponi", "text": "This is the name of a woman."}, {"ref": "These were descendants of Hur", "text": "\"Penuel and Ezer were descendants of Hur.\" This points forward to the list that will follow."}]}, {"id": "05", "tn": [{"ref": "Ashhur ... Tekoa ... Ahuzzam ... Hepher ... Zereth ... Izhar ... Ethnan ... Koz ... Anub ... Zobebah ... Aharhel ... Harum", "text": "These are the names of men. (See: [[:en:ta:vol1:translate:translate_names]])"}, {"ref": "Temeni ... Haahashtari", "text": "These are understood here as the names of men. However, some versions understand them as the names of clans that were begun by the sons of Ashhur."}, {"ref": "Helah ... Naarah", "text": "These are the names of women."}, {"ref": "bore him", "text": "AT: \"gave birth to his sons\""}, {"ref": "and of the clans descended from Aharhel son of Harum", "text": "A new sentence can start here. AT: \"Koz also became the ancestor of Harhum and the clans that descended from Harhum's son Aharhel\""}]}, {"id": "09", "tn": [{"ref": "Jabez", "text": "This is the name of a man. (See: [[:en:ta:vol1:translate:translate_names]])"}, {"ref": "expand my territory", "text": "AT: \"give me more land\""}, {"ref": "your hand will be with me", "text": "Possible meanings are that God's hand represents 1) his guidance, 2) his power, or 3) his protection. AT: \"guide me\" or \"make me prosper\" or \"protect me.\" It can also be translated more generally as \"be with me.\" (See: [[:en:ta:vol2:translate:figs_metonymy]] and [[:en:ta:vol2:translate:figs_synecdoche]])"}, {"ref": "granted him his prayer", "text": "\"did according to his prayer\""}]}, {"id": "11", "tn": [{"ref": "Kelub ... Shuhah ... Mehir ... Eshton ... Beth Rapha ... Paseah ... Tehinnah", "text": "These are the names of men. (See: [[:en:ta:vol1:translate:translate_names]])"}, {"ref": "Tehinnah, who began the city of Nahash", "text": "\"Tehinnah, the founder of the city of Nahash\""}, {"ref": "Nahash", "text": "This is the name of a city. (See: [[:en:ta:vol1:translate:translate_names]])"}, {"ref": "Recah", "text": "This is the name of a place. (See: [[:en:ta:vol1:translate:translate_names]])"}]}, {"id": "13", "tn": [{"ref": "General Information:", "text": "It may be helpful to create a verse bridge and to put verse 15 together with verse 13 since Kenaz was a descendant of Jephunneh and Caleb. (See: [[:en:ta:vol2:translate:translate_versebridge]])"}, {"ref": "Kenaz ... Othniel ... Seraiah ... Hathath ... Meonothai ... Ophrah ... Joab ... Jephunneh ... Iru ... Elah ... Naam ... Jehallelel ... Ziph ... Ziphah ... Tiria ... Asarel", "text": "These are the names of men. (See: [[:en:ta:vol1:translate:translate_names]])"}, {"ref": "Ge Harashim, whose people were craftsmen", "text": "Ge Harashim means \"Valley of Craftsmen.\" The meaning of the name can be translated or it can be made explicit with an explanation: \"Ge Harashim, which means 'Craftsmen's Valley.' It was called this because its people were craftsmen.\" (UDB) (See: [[:en:ta:vol1:translate:translate_names]] and [[:en:ta:vol1:translate:figs_explicit]])"}, {"ref": "craftsmen", "text": "people skilled at making or building things"}]}, {"id": "17", "tn": [{"ref": "General Information:", "text": "The information in [[:en:bible:notes:1ch:04:17|4:17-18]] has been rearranged so its meaning can be more easily understood. (See: [[:en:ta:vol2:translate:translate_versebridge]])"}, {"ref": "Ezrah ... Jether ... Mered ... Epher ... Jalon ... Miriam ... Shammai ... Ishbah ... Eshtemoa ... Jered ... Gedor ... Heber ... Soco ... Jekuthiel ... Zanoah", "text": "These are the names of men. (See: [[:en:ta:vol1:translate:translate_names]])"}, {"ref": "These were the sons of Bithiah", "text": "The word \"these\" refers to Miriam, Shammai, and Ishbah. They were the sons Bithiah bore for her husband Mered."}, {"ref": "Bithiah", "text": "This is the name of a woman."}, {"ref": "Mered's Jewish wife", "text": "The Hebrew text says, \"His Jewish wife,\" but most versions understand \"his\" to refer to Mered. This refers to a different wife of Mered, in addition to Bithiah."}]}, {"id": "19", "tn": [{"ref": "Hodiah ... Naham ... Keilah ... Eshtemoa ... Shimon ... Amnon ... Rinnah ... Ben Hanan ... Tilon ... Ishi ... Zoheth ... Ben Zoheth", "text": "These are the names of men. (See: [[:en:ta:vol1:translate:translate_names]])"}, {"ref": "Garmite", "text": "someone from the Gar people group (See: [[:en:ta:vol1:translate:translate_names]])"}, {"ref": "Maacathite", "text": "someone from the region of Maacah, which is also called Maacath (See: [[:en:ta:vol1:translate:translate_names]])"}]}, {"id": "21", "tn": [{"ref": "Shelah ... Er ... Lecah ... Laadah ... Mareshah ... Jokim ... Joash ... Saraph", "text": "These are the names of men. (See: [[:en:ta:vol1:translate:translate_names]])"}, {"ref": "linen", "text": "a type of fabric"}, {"ref": "potters", "text": "people who make containers out of clay"}, {"ref": "Beth Ashbea ... Cozeba ... Netaim ... Gederah", "text": "These are the names of cities. (See: [[:en:ta:vol1:translate:translate_names]])"}]}, {"id": "24", "tn": [{"ref": "Nemuel ... Jamin ... Jarib ... Zerah ... Shaul ... Shallum ... Mibsam ... Mishma ... Hammuel ... Zaccur ... Shimei", "text": "These are the names of men. (See: [[:en:ta:vol1:translate:translate_names]])"}, {"ref": "grandson", "text": "the son of a person's child."}, {"ref": "great-grandson", "text": "grandson** - the son of a person's grandson or granddaughter."}]}, {"id": "27", "tn": [{"ref": "sixteen sons and six daughters", "text": "\"16 sons and 6 daughters\" (See: [[:en:ta:vol2:translate:translate_numbers]])"}, {"ref": "Moladah ... Hazar Shual", "text": "These are the names of towns. (See: [[:en:ta:vol1:translate:translate_names]])"}]}, {"id": "29", "tn": [{"ref": "General Information:", "text": "The list of the cities where Simeon's descendants lived continues."}, {"ref": "Bilhah ... Ezem..Tolad ... Bethuel ... Hormah ... Ziklag ... Beth Marcaboth ... Hazar Susim ... Beth Biri ... Shaaraim", "text": "These are the names of cities. (See: [[:en:ta:vol1:translate:translate_names]])"}]}, {"id": "32", "tn": [{"ref": "General Information:", "text": "The list of places where Simeon's descendants lived continues."}, {"ref": "Etam ... Ain ... Rimmon ... Tochen ... Ashan", "text": "These are the names of villages. (See: [[:en:ta:vol1:translate:translate_names]])"}, {"ref": "outlying", "text": "far from a main population"}, {"ref": "Baal", "text": "This is the name of a city. It is also called Baalath. (See: [[:en:ta:vol1:translate:translate_names]])"}]}, {"id": "34", "tn": [{"ref": "Meshobab ... Jamlech ... Joshah ... Amaziah ... Joel ... Joshibiah ... Seraiah ... Asiel ... Elioenai ... Jaakobah ... Jeshohaiah ... Asaiah ... Adiel ... Jesimiel ... Benaiah ... Ziza ... Shiphi ... Allon ... Jedaiah ... Shimri ... Shemaiah", "text": "These are the names of men. (See: [[:en:ta:vol1:translate:translate_names]])"}, {"ref": "These mentioned by name were leaders", "text": "\"These men were leaders\" (See: [[:en:ta:vol2:translate:figs_activepassive]])"}, {"ref": "their clans increased greatly", "text": "\"the number of people in their clans increased greatly\" (See: [[:en:ta:vol1:translate:figs_explicit]])"}]}, {"id": "39", "tn": [{"ref": "Gedor", "text": "This is the name of a town. (See: [[:en:ta:vol1:translate:translate_names]])"}, {"ref": "pasture", "text": "an area of land where animals feed on the grass"}, {"ref": "abundant", "text": "a large amount"}, {"ref": "Hamites", "text": "descendants of Ham"}, {"ref": "Meunites", "text": "This is the name of a people group. AT: \"descendants of Meun\" (See: [[:en:ta:vol1:translate:translate_names]])"}]}, {"id": "42", "tn": [{"ref": "Five hundred men", "text": "\"500 men\" (See: [[:en:ta:vol2:translate:translate_numbers]])"}, {"ref": "Pelatiah ... Neariah ... Rephaiah ... Uzziel ... Ishi", "text": "These are names of people. (See: [[:en:ta:vol1:translate:translate_names]])"}, {"ref": "the rest of the Amalekite refugees", "text": "\"the remaining Amalekite refugees\""}, {"ref": "refugees", "text": "people who are forced to leave their home country"}, {"ref": "to this day", "text": "\"from then until now\" (See: [[:en:ta:vol1:translate:figs_idiom]])"}]}]