[{"firstvs": "1", "id": "01-01", "lastvs": "3"}, {"firstvs": "4", "id": "01-04", "lastvs": "5"}, {"firstvs": "6", "id": "01-06", "lastvs": "7"}, {"firstvs": "8", "id": "01-08", "lastvs": "9"}, {"firstvs": "10", "id": "01-10", "lastvs": "11"}, {"firstvs": "12", "id": "01-12", "lastvs": "13"}, {"firstvs": "14", "id": "01-14", "lastvs": "15"}, {"firstvs": "16", "id": "01-16", "lastvs": "18"}, {"firstvs": "1", "id": "02-01", "lastvs": "3"}, {"firstvs": "4", "id": "02-04", "lastvs": "5"}, {"firstvs": "6", "id": "02-06", "lastvs": "7"}, {"firstvs": "8", "id": "02-08", "lastvs": "9"}, {"firstvs": "10", "id": "02-10", "lastvs": "11"}, {"firstvs": "12", "id": "02-12", "lastvs": "13"}, {"firstvs": "14", "id": "02-14", "lastvs": "14"}, {"firstvs": "15", "id": "02-15", "lastvs": "17"}, {"firstvs": "18", "id": "02-18", "lastvs": "19"}, {"firstvs": "20", "id": "02-20", "lastvs": "21"}, {"firstvs": "22", "id": "02-22", "lastvs": "22"}, {"firstvs": "23", "id": "02-23", "lastvs": "24"}, {"firstvs": "1", "id": "03-01", "lastvs": "1"}, {"firstvs": "2", "id": "03-02", "lastvs": "4"}, {"firstvs": "5", "id": "03-05", "lastvs": "6"}, {"firstvs": "7", "id": "03-07", "lastvs": "8"}, {"firstvs": "9", "id": "03-09", "lastvs": "11"}, {"firstvs": "12", "id": "03-12", "lastvs": "13"}, {"firstvs": "14", "id": "03-14", "lastvs": "16"}, {"firstvs": "17", "id": "03-17", "lastvs": "17"}, {"firstvs": "1", "id": "04-01", "lastvs": "3"}, {"firstvs": "4", "id": "04-04", "lastvs": "5"}, {"firstvs": "6", "id": "04-06", "lastvs": "7"}, {"firstvs": "8", "id": "04-08", "lastvs": "9"}, {"firstvs": "10", "id": "04-10", "lastvs": "11"}, {"firstvs": "12", "id": "04-12", "lastvs": "14"}, {"firstvs": "15", "id": "04-15", "lastvs": "16"}, {"firstvs": "17", "id": "04-17", "lastvs": "18"}, {"firstvs": "19", "id": "04-19", "lastvs": "21"}, {"firstvs": "22", "id": "04-22", "lastvs": "24"}, {"firstvs": "1", "id": "05-01", "lastvs": "1"}, {"firstvs": "2", "id": "05-02", "lastvs": "3"}, {"firstvs": "4", "id": "05-04", "lastvs": "5"}, {"firstvs": "6", "id": "05-06", "lastvs": "7"}, {"firstvs": "8", "id": "05-08", "lastvs": "9"}, {"firstvs": "10", "id": "05-10", "lastvs": "11"}, {"firstvs": "12", "id": "05-12", "lastvs": "12"}, {"firstvs": "13", "id": "05-13", "lastvs": "13"}, {"firstvs": "14", "id": "05-14", "lastvs": "15"}, {"firstvs": "1", "id": "06-01", "lastvs": "2"}, {"firstvs": "3", "id": "06-03", "lastvs": "4"}, {"firstvs": "5", "id": "06-05", "lastvs": "5"}, {"firstvs": "6", "id": "06-06", "lastvs": "7"}, {"firstvs": "8", "id": "06-08", "lastvs": "9"}, {"firstvs": "10", "id": "06-10", "lastvs": "11"}, {"firstvs": "12", "id": "06-12", "lastvs": "14"}, {"firstvs": "15", "id": "06-15", "lastvs": "16"}, {"firstvs": "17", "id": "06-17", "lastvs": "19"}, {"firstvs": "20", "id": "06-20", "lastvs": "21"}, {"firstvs": "22", "id": "06-22", "lastvs": "22"}, {"firstvs": "23", "id": "06-23", "lastvs": "24"}, {"firstvs": "25", "id": "06-25", "lastvs": "25"}, {"firstvs": "26", "id": "06-26", "lastvs": "27"}, {"firstvs": "1", "id": "07-01", "lastvs": "1"}, {"firstvs": "2", "id": "07-02", "lastvs": "3"}, {"firstvs": "4", "id": "07-04", "lastvs": "5"}, {"firstvs": "6", "id": "07-06", "lastvs": "7"}, {"firstvs": "8", "id": "07-08", "lastvs": "9"}, {"firstvs": "10", "id": "07-10", "lastvs": "12"}, {"firstvs": "13", "id": "07-13", "lastvs": "13"}, {"firstvs": "14", "id": "07-14", "lastvs": "15"}, {"firstvs": "16", "id": "07-16", "lastvs": "18"}, {"firstvs": "19", "id": "07-19", "lastvs": "21"}, {"firstvs": "22", "id": "07-22", "lastvs": "23"}, {"firstvs": "24", "id": "07-24", "lastvs": "24"}, {"firstvs": "25", "id": "07-25", "lastvs": "26"}, {"firstvs": "1", "id": "08-01", "lastvs": "2"}, {"firstvs": "3", "id": "08-03", "lastvs": "4"}, {"firstvs": "5", "id": "08-05", "lastvs": "7"}, {"firstvs": "8", "id": "08-08", "lastvs": "9"}, {"firstvs": "10", "id": "08-10", "lastvs": "12"}, {"firstvs": "13", "id": "08-13", "lastvs": "14"}, {"firstvs": "15", "id": "08-15", "lastvs": "17"}, {"firstvs": "18", "id": "08-18", "lastvs": "19"}, {"firstvs": "20", "id": "08-20", "lastvs": "21"}, {"firstvs": "22", "id": "08-22", "lastvs": "23"}, {"firstvs": "24", "id": "08-24", "lastvs": "26"}, {"firstvs": "27", "id": "08-27", "lastvs": "28"}, {"firstvs": "29", "id": "08-29", "lastvs": "29"}, {"firstvs": "30", "id": "08-30", "lastvs": "32"}, {"firstvs": "33", "id": "08-33", "lastvs": "33"}, {"firstvs": "34", "id": "08-34", "lastvs": "35"}, {"firstvs": "1", "id": "09-01", "lastvs": "2"}, {"firstvs": "3", "id": "09-03", "lastvs": "5"}, {"firstvs": "6", "id": "09-06", "lastvs": "8"}, {"firstvs": "9", "id": "09-09", "lastvs": "10"}, {"firstvs": "11", "id": "09-11", "lastvs": "13"}, {"firstvs": "14", "id": "09-14", "lastvs": "15"}, {"firstvs": "16", "id": "09-16", "lastvs": "17"}, {"firstvs": "18", "id": "09-18", "lastvs": "19"}, {"firstvs": "20", "id": "09-20", "lastvs": "21"}, {"firstvs": "22", "id": "09-22", "lastvs": "23"}, {"firstvs": "24", "id": "09-24", "lastvs": "25"}, {"firstvs": "26", "id": "09-26", "lastvs": "27"}, {"firstvs": "1", "id": "10-01", "lastvs": "2"}, {"firstvs": "3", "id": "10-03", "lastvs": "4"}, {"firstvs": "5", "id": "10-05", "lastvs": "5"}, {"firstvs": "6", "id": "10-06", "lastvs": "7"}, {"firstvs": "8", "id": "10-08", "lastvs": "8"}, {"firstvs": "9", "id": "10-09", "lastvs": "10"}, {"firstvs": "11", "id": "10-11", "lastvs": "11"}, {"firstvs": "12", "id": "10-12", "lastvs": "12"}, {"firstvs": "13", "id": "10-13", "lastvs": "14"}, {"firstvs": "15", "id": "10-15", "lastvs": "17"}, {"firstvs": "18", "id": "10-18", "lastvs": "19"}, {"firstvs": "20", "id": "10-20", "lastvs": "21"}, {"firstvs": "22", "id": "10-22", "lastvs": "23"}, {"firstvs": "24", "id": "10-24", "lastvs": "25"}, {"firstvs": "26", "id": "10-26", "lastvs": "27"}, {"firstvs": "28", "id": "10-28", "lastvs": "28"}, {"firstvs": "29", "id": "10-29", "lastvs": "30"}, {"firstvs": "31", "id": "10-31", "lastvs": "32"}, {"firstvs": "33", "id": "10-33", "lastvs": "33"}, {"firstvs": "34", "id": "10-34", "lastvs": "35"}, {"firstvs": "36", "id": "10-36", "lastvs": "37"}, {"firstvs": "38", "id": "10-38", "lastvs": "39"}, {"firstvs": "40", "id": "10-40", "lastvs": "41"}, {"firstvs": "42", "id": "10-42", "lastvs": "43"}, {"firstvs": "1", "id": "11-01", "lastvs": "3"}, {"firstvs": "4", "id": "11-04", "lastvs": "5"}, {"firstvs": "6", "id": "11-06", "lastvs": "7"}, {"firstvs": "8", "id": "11-08", "lastvs": "9"}, {"firstvs": "10", "id": "11-10", "lastvs": "11"}, {"firstvs": "12", "id": "11-12", "lastvs": "13"}, {"firstvs": "14", "id": "11-14", "lastvs": "15"}, {"firstvs": "16", "id": "11-16", "lastvs": "17"}, {"firstvs": "18", "id": "11-18", "lastvs": "20"}, {"firstvs": "21", "id": "11-21", "lastvs": "22"}, {"firstvs": "23", "id": "11-23", "lastvs": "23"}, {"firstvs": "1", "id": "12-01", "lastvs": "2"}, {"firstvs": "3", "id": "12-03", "lastvs": "5"}, {"firstvs": "6", "id": "12-06", "lastvs": "6"}, {"firstvs": "7", "id": "12-07", "lastvs": "8"}, {"firstvs": "9", "id": "12-09", "lastvs": "12"}, {"firstvs": "13", "id": "12-13", "lastvs": "16"}, {"firstvs": "17", "id": "12-17", "lastvs": "20"}, {"firstvs": "21", "id": "12-21", "lastvs": "24"}, {"firstvs": "1", "id": "13-01", "lastvs": "1"}, {"firstvs": "2", "id": "13-02", "lastvs": "3"}, {"firstvs": "4", "id": "13-04", "lastvs": "5"}, {"firstvs": "6", "id": "13-06", "lastvs": "7"}, {"firstvs": "8", "id": "13-08", "lastvs": "9"}, {"firstvs": "10", "id": "13-10", "lastvs": "12"}, {"firstvs": "13", "id": "13-13", "lastvs": "13"}, {"firstvs": "14", "id": "13-14", "lastvs": "14"}, {"firstvs": "15", "id": "13-15", "lastvs": "16"}, {"firstvs": "17", "id": "13-17", "lastvs": "19"}, {"firstvs": "20", "id": "13-20", "lastvs": "21"}, {"firstvs": "22", "id": "13-22", "lastvs": "23"}, {"firstvs": "24", "id": "13-24", "lastvs": "26"}, {"firstvs": "27", "id": "13-27", "lastvs": "28"}, {"firstvs": "29", "id": "13-29", "lastvs": "31"}, {"firstvs": "32", "id": "13-32", "lastvs": "33"}, {"firstvs": "1", "id": "14-01", "lastvs": "1"}, {"firstvs": "2", "id": "14-02", "lastvs": "5"}, {"firstvs": "6", "id": "14-06", "lastvs": "7"}, {"firstvs": "8", "id": "14-08", "lastvs": "9"}, {"firstvs": "10", "id": "14-10", "lastvs": "11"}, {"firstvs": "12", "id": "14-12", "lastvs": "12"}, {"firstvs": "13", "id": "14-13", "lastvs": "15"}, {"firstvs": "1", "id": "15-01", "lastvs": "2"}, {"firstvs": "3", "id": "15-03", "lastvs": "4"}, {"firstvs": "5", "id": "15-05", "lastvs": "6"}, {"firstvs": "7", "id": "15-07", "lastvs": "8"}, {"firstvs": "9", "id": "15-09", "lastvs": "10"}, {"firstvs": "11", "id": "15-11", "lastvs": "12"}, {"firstvs": "13", "id": "15-13", "lastvs": "15"}, {"firstvs": "16", "id": "15-16", "lastvs": "17"}, {"firstvs": "18", "id": "15-18", "lastvs": "18"}, {"firstvs": "19", "id": "15-19", "lastvs": "19"}, {"firstvs": "20", "id": "15-20", "lastvs": "20"}, {"firstvs": "21", "id": "15-21", "lastvs": "24"}, {"firstvs": "25", "id": "15-25", "lastvs": "28"}, {"firstvs": "29", "id": "15-29", "lastvs": "32"}, {"firstvs": "33", "id": "15-33", "lastvs": "36"}, {"firstvs": "37", "id": "15-37", "lastvs": "39"}, {"firstvs": "40", "id": "15-40", "lastvs": "41"}, {"firstvs": "42", "id": "15-42", "lastvs": "44"}, {"firstvs": "45", "id": "15-45", "lastvs": "47"}, {"firstvs": "48", "id": "15-48", "lastvs": "51"}, {"firstvs": "52", "id": "15-52", "lastvs": "54"}, {"firstvs": "55", "id": "15-55", "lastvs": "57"}, {"firstvs": "58", "id": "15-58", "lastvs": "59"}, {"firstvs": "60", "id": "15-60", "lastvs": "62"}, {"firstvs": "63", "id": "15-63", "lastvs": "63"}, {"firstvs": "1", "id": "16-01", "lastvs": "2"}, {"firstvs": "3", "id": "16-03", "lastvs": "4"}, {"firstvs": "5", "id": "16-05", "lastvs": "7"}, {"firstvs": "8", "id": "16-08", "lastvs": "9"}, {"firstvs": "10", "id": "16-10", "lastvs": "10"}, {"firstvs": "1", "id": "17-01", "lastvs": "2"}, {"firstvs": "3", "id": "17-03", "lastvs": "4"}, {"firstvs": "5", "id": "17-05", "lastvs": "6"}, {"firstvs": "7", "id": "17-07", "lastvs": "8"}, {"firstvs": "9", "id": "17-09", "lastvs": "10"}, {"firstvs": "11", "id": "17-11", "lastvs": "12"}, {"firstvs": "13", "id": "17-13", "lastvs": "13"}, {"firstvs": "14", "id": "17-14", "lastvs": "15"}, {"firstvs": "16", "id": "17-16", "lastvs": "18"}, {"firstvs": "1", "id": "18-01", "lastvs": "2"}, {"firstvs": "3", "id": "18-03", "lastvs": "4"}, {"firstvs": "5", "id": "18-05", "lastvs": "6"}, {"firstvs": "7", "id": "18-07", "lastvs": "7"}, {"firstvs": "8", "id": "18-08", "lastvs": "9"}, {"firstvs": "10", "id": "18-10", "lastvs": "10"}, {"firstvs": "11", "id": "18-11", "lastvs": "12"}, {"firstvs": "13", "id": "18-13", "lastvs": "14"}, {"firstvs": "15", "id": "18-15", "lastvs": "16"}, {"firstvs": "17", "id": "18-17", "lastvs": "18"}, {"firstvs": "19", "id": "18-19", "lastvs": "20"}, {"firstvs": "21", "id": "18-21", "lastvs": "24"}, {"firstvs": "25", "id": "18-25", "lastvs": "28"}, {"firstvs": "1", "id": "19-01", "lastvs": "1"}, {"firstvs": "2", "id": "19-02", "lastvs": "4"}, {"firstvs": "5", "id": "19-05", "lastvs": "7"}, {"firstvs": "8", "id": "19-08", "lastvs": "9"}, {"firstvs": "10", "id": "19-10", "lastvs": "11"}, {"firstvs": "12", "id": "19-12", "lastvs": "13"}, {"firstvs": "14", "id": "19-14", "lastvs": "16"}, {"firstvs": "17", "id": "19-17", "lastvs": "19"}, {"firstvs": "20", "id": "19-20", "lastvs": "22"}, {"firstvs": "23", "id": "19-23", "lastvs": "23"}, {"firstvs": "24", "id": "19-24", "lastvs": "26"}, {"firstvs": "27", "id": "19-27", "lastvs": "28"}, {"firstvs": "29", "id": "19-29", "lastvs": "30"}, {"firstvs": "31", "id": "19-31", "lastvs": "31"}, {"firstvs": "32", "id": "19-32", "lastvs": "34"}, {"firstvs": "35", "id": "19-35", "lastvs": "37"}, {"firstvs": "38", "id": "19-38", "lastvs": "39"}, {"firstvs": "40", "id": "19-40", "lastvs": "42"}, {"firstvs": "43", "id": "19-43", "lastvs": "46"}, {"firstvs": "47", "id": "19-47", "lastvs": "48"}, {"firstvs": "49", "id": "19-49", "lastvs": "50"}, {"firstvs": "51", "id": "19-51", "lastvs": "51"}, {"firstvs": "1", "id": "20-01", "lastvs": "3"}, {"firstvs": "4", "id": "20-04", "lastvs": "4"}, {"firstvs": "5", "id": "20-05", "lastvs": "6"}, {"firstvs": "7", "id": "20-07", "lastvs": "8"}, {"firstvs": "9", "id": "20-09", "lastvs": "9"}, {"firstvs": "1", "id": "21-01", "lastvs": "2"}, {"firstvs": "3", "id": "21-03", "lastvs": "3"}, {"firstvs": "4", "id": "21-04", "lastvs": "5"}, {"firstvs": "6", "id": "21-06", "lastvs": "7"}, {"firstvs": "8", "id": "21-08", "lastvs": "10"}, {"firstvs": "11", "id": "21-11", "lastvs": "12"}, {"firstvs": "13", "id": "21-13", "lastvs": "16"}, {"firstvs": "17", "id": "21-17", "lastvs": "19"}, {"firstvs": "20", "id": "21-20", "lastvs": "22"}, {"firstvs": "23", "id": "21-23", "lastvs": "24"}, {"firstvs": "25", "id": "21-25", "lastvs": "26"}, {"firstvs": "27", "id": "21-27", "lastvs": "27"}, {"firstvs": "28", "id": "21-28", "lastvs": "31"}, {"firstvs": "32", "id": "21-32", "lastvs": "33"}, {"firstvs": "34", "id": "21-34", "lastvs": "35"}, {"firstvs": "36", "id": "21-36", "lastvs": "38"}, {"firstvs": "39", "id": "21-39", "lastvs": "40"}, {"firstvs": "41", "id": "21-41", "lastvs": "42"}, {"firstvs": "43", "id": "21-43", "lastvs": "45"}, {"firstvs": "1", "id": "22-01", "lastvs": "3"}, {"firstvs": "4", "id": "22-04", "lastvs": "6"}, {"firstvs": "7", "id": "22-07", "lastvs": "8"}, {"firstvs": "9", "id": "22-09", "lastvs": "9"}, {"firstvs": "10", "id": "22-10", "lastvs": "11"}, {"firstvs": "12", "id": "22-12", "lastvs": "12"}, {"firstvs": "13", "id": "22-13", "lastvs": "14"}, {"firstvs": "15", "id": "22-15", "lastvs": "16"}, {"firstvs": "17", "id": "22-17", "lastvs": "18"}, {"firstvs": "19", "id": "22-19", "lastvs": "20"}, {"firstvs": "21", "id": "22-21", "lastvs": "23"}, {"firstvs": "24", "id": "22-24", "lastvs": "24"}, {"firstvs": "25", "id": "22-25", "lastvs": "25"}, {"firstvs": "26", "id": "22-26", "lastvs": "27"}, {"firstvs": "28", "id": "22-28", "lastvs": "29"}, {"firstvs": "30", "id": "22-30", "lastvs": "31"}, {"firstvs": "32", "id": "22-32", "lastvs": "33"}, {"firstvs": "34", "id": "22-34", "lastvs": "34"}, {"firstvs": "1", "id": "23-01", "lastvs": "3"}, {"firstvs": "4", "id": "23-04", "lastvs": "5"}, {"firstvs": "6", "id": "23-06", "lastvs": "8"}, {"firstvs": "9", "id": "23-09", "lastvs": "11"}, {"firstvs": "12", "id": "23-12", "lastvs": "13"}, {"firstvs": "14", "id": "23-14", "lastvs": "15"}, {"firstvs": "16", "id": "23-16", "lastvs": "16"}, {"firstvs": "1", "id": "24-01", "lastvs": "2"}, {"firstvs": "3", "id": "24-03", "lastvs": "4"}, {"firstvs": "5", "id": "24-05", "lastvs": "6"}, {"firstvs": "7", "id": "24-07", "lastvs": "7"}, {"firstvs": "8", "id": "24-08", "lastvs": "8"}, {"firstvs": "9", "id": "24-09", "lastvs": "10"}, {"firstvs": "11", "id": "24-11", "lastvs": "12"}, {"firstvs": "13", "id": "24-13", "lastvs": "13"}, {"firstvs": "14", "id": "24-14", "lastvs": "15"}, {"firstvs": "16", "id": "24-16", "lastvs": "18"}, {"firstvs": "19", "id": "24-19", "lastvs": "20"}, {"firstvs": "21", "id": "24-21", "lastvs": "23"}, {"firstvs": "24", "id": "24-24", "lastvs": "26"}, {"firstvs": "27", "id": "24-27", "lastvs": "28"}, {"firstvs": "29", "id": "24-29", "lastvs": "30"}, {"firstvs": "31", "id": "24-31", "lastvs": "31"}, {"firstvs": "32", "id": "24-00", "lastvs": "33"}]