[{"firstvs": "1", "id": "01-01", "lastvs": "3"}, {"firstvs": "4", "id": "01-04", "lastvs": "6"}, {"firstvs": "7", "id": "01-07", "lastvs": "8"}, {"firstvs": "9", "id": "01-09", "lastvs": "11"}, {"firstvs": "12", "id": "01-12", "lastvs": "14"}, {"firstvs": "15", "id": "01-15", "lastvs": "17"}, {"firstvs": "18", "id": "01-18", "lastvs": "19"}, {"firstvs": "20", "id": "01-20", "lastvs": "21"}, {"firstvs": "22", "id": "01-22", "lastvs": "23"}, {"firstvs": "24", "id": "01-24", "lastvs": "25"}, {"firstvs": "1", "id": "02-01", "lastvs": "3"}, {"firstvs": "4", "id": "02-04", "lastvs": "6"}, {"firstvs": "7", "id": "02-07", "lastvs": "8"}, {"firstvs": "9", "id": "02-09", "lastvs": "10"}, {"firstvs": "11", "id": "02-11", "lastvs": "12"}, {"firstvs": "13", "id": "02-13", "lastvs": "15"}, {"firstvs": "16", "id": "02-16", "lastvs": "16"}, {"firstvs": "17", "id": "02-17", "lastvs": "18"}, {"firstvs": "19", "id": "02-19", "lastvs": "21"}, {"firstvs": "22", "id": "02-22", "lastvs": "23"}, {"firstvs": "1", "id": "03-01", "lastvs": "3"}, {"firstvs": "4", "id": "03-04", "lastvs": "6"}, {"firstvs": "7", "id": "03-07", "lastvs": "9"}, {"firstvs": "10", "id": "03-10", "lastvs": "12"}, {"firstvs": "13", "id": "03-13", "lastvs": "15"}, {"firstvs": "16", "id": "03-16", "lastvs": "17"}, {"firstvs": "1", "id": "04-01", "lastvs": "4"}, {"firstvs": "5", "id": "04-05", "lastvs": "6"}, {"firstvs": "7", "id": "04-07", "lastvs": "9"}, {"firstvs": "10", "id": "04-10", "lastvs": "11"}, {"firstvs": "12", "id": "04-12", "lastvs": "13"}, {"firstvs": "14", "id": "04-14", "lastvs": "16"}, {"firstvs": "17", "id": "04-17", "lastvs": "17"}, {"firstvs": "18", "id": "04-18", "lastvs": "20"}, {"firstvs": "21", "id": "04-21", "lastvs": "22"}, {"firstvs": "23", "id": "04-23", "lastvs": "25"}, {"firstvs": "1", "id": "05-01", "lastvs": "4"}, {"firstvs": "5", "id": "05-05", "lastvs": "8"}, {"firstvs": "9", "id": "05-09", "lastvs": "10"}, {"firstvs": "11", "id": "05-11", "lastvs": "12"}, {"firstvs": "13", "id": "05-13", "lastvs": "14"}, {"firstvs": "15", "id": "05-15", "lastvs": "16"}, {"firstvs": "17", "id": "05-17", "lastvs": "18"}, {"firstvs": "19", "id": "05-19", "lastvs": "20"}, {"firstvs": "21", "id": "05-21", "lastvs": "22"}, {"firstvs": "23", "id": "05-23", "lastvs": "24"}, {"firstvs": "25", "id": "05-25", "lastvs": "26"}, {"firstvs": "27", "id": "05-27", "lastvs": "28"}, {"firstvs": "29", "id": "05-29", "lastvs": "30"}, {"firstvs": "31", "id": "05-31", "lastvs": "32"}, {"firstvs": "33", "id": "05-33", "lastvs": "35"}, {"firstvs": "36", "id": "05-36", "lastvs": "37"}, {"firstvs": "38", "id": "05-38", "lastvs": "39"}, {"firstvs": "40", "id": "05-40", "lastvs": "42"}, {"firstvs": "43", "id": "05-43", "lastvs": "45"}, {"firstvs": "46", "id": "05-46", "lastvs": "48"}, {"firstvs": "1", "id": "06-01", "lastvs": "2"}, {"firstvs": "3", "id": "06-03", "lastvs": "4"}, {"firstvs": "5", "id": "06-05", "lastvs": "7"}, {"firstvs": "8", "id": "06-08", "lastvs": "10"}, {"firstvs": "11", "id": "06-11", "lastvs": "13"}, {"firstvs": "14", "id": "06-14", "lastvs": "15"}, {"firstvs": "16", "id": "06-16", "lastvs": "18"}, {"firstvs": "19", "id": "06-19", "lastvs": "21"}, {"firstvs": "22", "id": "06-22", "lastvs": "24"}, {"firstvs": "25", "id": "06-25", "lastvs": "26"}, {"firstvs": "27", "id": "06-27", "lastvs": "29"}, {"firstvs": "30", "id": "06-30", "lastvs": "31"}, {"firstvs": "32", "id": "06-32", "lastvs": "34"}, {"firstvs": "1", "id": "07-01", "lastvs": "2"}, {"firstvs": "3", "id": "07-03", "lastvs": "5"}, {"firstvs": "6", "id": "07-06", "lastvs": "6"}, {"firstvs": "7", "id": "07-07", "lastvs": "10"}, {"firstvs": "11", "id": "07-11", "lastvs": "12"}, {"firstvs": "13", "id": "07-13", "lastvs": "14"}, {"firstvs": "15", "id": "07-15", "lastvs": "17"}, {"firstvs": "18", "id": "07-18", "lastvs": "20"}, {"firstvs": "21", "id": "07-21", "lastvs": "23"}, {"firstvs": "24", "id": "07-24", "lastvs": "25"}, {"firstvs": "26", "id": "07-26", "lastvs": "27"}, {"firstvs": "28", "id": "07-28", "lastvs": "29"}, {"firstvs": "1", "id": "08-01", "lastvs": "3"}, {"firstvs": "4", "id": "08-04", "lastvs": "4"}, {"firstvs": "5", "id": "08-05", "lastvs": "7"}, {"firstvs": "8", "id": "08-08", "lastvs": "10"}, {"firstvs": "11", "id": "08-11", "lastvs": "13"}, {"firstvs": "14", "id": "08-14", "lastvs": "15"}, {"firstvs": "16", "id": "08-16", "lastvs": "17"}, {"firstvs": "18", "id": "08-18", "lastvs": "20"}, {"firstvs": "21", "id": "08-21", "lastvs": "22"}, {"firstvs": "23", "id": "08-23", "lastvs": "25"}, {"firstvs": "26", "id": "08-26", "lastvs": "27"}, {"firstvs": "28", "id": "08-28", "lastvs": "29"}, {"firstvs": "30", "id": "08-30", "lastvs": "32"}, {"firstvs": "33", "id": "08-33", "lastvs": "34"}, {"firstvs": "1", "id": "09-01", "lastvs": "2"}, {"firstvs": "3", "id": "09-03", "lastvs": "6"}, {"firstvs": "7", "id": "09-07", "lastvs": "9"}, {"firstvs": "10", "id": "09-10", "lastvs": "11"}, {"firstvs": "12", "id": "09-12", "lastvs": "13"}, {"firstvs": "14", "id": "09-14", "lastvs": "15"}, {"firstvs": "16", "id": "09-16", "lastvs": "16"}, {"firstvs": "17", "id": "09-17", "lastvs": "17"}, {"firstvs": "18", "id": "09-18", "lastvs": "19"}, {"firstvs": "20", "id": "09-20", "lastvs": "22"}, {"firstvs": "23", "id": "09-23", "lastvs": "24"}, {"firstvs": "25", "id": "09-25", "lastvs": "26"}, {"firstvs": "27", "id": "09-27", "lastvs": "28"}, {"firstvs": "29", "id": "09-29", "lastvs": "31"}, {"firstvs": "32", "id": "09-32", "lastvs": "34"}, {"firstvs": "35", "id": "09-35", "lastvs": "36"}, {"firstvs": "37", "id": "09-37", "lastvs": "38"}, {"firstvs": "1", "id": "10-01", "lastvs": "1"}, {"firstvs": "2", "id": "10-02", "lastvs": "4"}, {"firstvs": "5", "id": "10-05", "lastvs": "7"}, {"firstvs": "8", "id": "10-08", "lastvs": "10"}, {"firstvs": "11", "id": "10-11", "lastvs": "13"}, {"firstvs": "14", "id": "10-14", "lastvs": "15"}, {"firstvs": "16", "id": "10-16", "lastvs": "18"}, {"firstvs": "19", "id": "10-19", "lastvs": "20"}, {"firstvs": "21", "id": "10-21", "lastvs": "23"}, {"firstvs": "24", "id": "10-24", "lastvs": "25"}, {"firstvs": "26", "id": "10-26", "lastvs": "27"}, {"firstvs": "28", "id": "10-28", "lastvs": "31"}, {"firstvs": "32", "id": "10-32", "lastvs": "33"}, {"firstvs": "34", "id": "10-34", "lastvs": "36"}, {"firstvs": "37", "id": "10-37", "lastvs": "39"}, {"firstvs": "40", "id": "10-40", "lastvs": "41"}, {"firstvs": "42", "id": "10-42", "lastvs": "42"}, {"firstvs": "1", "id": "11-01", "lastvs": "3"}, {"firstvs": "4", "id": "11-04", "lastvs": "6"}, {"firstvs": "7", "id": "11-07", "lastvs": "8"}, {"firstvs": "9", "id": "11-09", "lastvs": "10"}, {"firstvs": "11", "id": "11-11", "lastvs": "12"}, {"firstvs": "13", "id": "11-13", "lastvs": "15"}, {"firstvs": "16", "id": "11-16", "lastvs": "17"}, {"firstvs": "18", "id": "11-18", "lastvs": "19"}, {"firstvs": "20", "id": "11-20", "lastvs": "22"}, {"firstvs": "23", "id": "11-23", "lastvs": "24"}, {"firstvs": "25", "id": "11-25", "lastvs": "27"}, {"firstvs": "28", "id": "11-28", "lastvs": "30"}, {"firstvs": "1", "id": "12-01", "lastvs": "2"}, {"firstvs": "3", "id": "12-03", "lastvs": "4"}, {"firstvs": "5", "id": "12-05", "lastvs": "6"}, {"firstvs": "7", "id": "12-07", "lastvs": "8"}, {"firstvs": "9", "id": "12-09", "lastvs": "10"}, {"firstvs": "11", "id": "12-11", "lastvs": "12"}, {"firstvs": "13", "id": "12-13", "lastvs": "14"}, {"firstvs": "15", "id": "12-15", "lastvs": "17"}, {"firstvs": "18", "id": "12-18", "lastvs": "18"}, {"firstvs": "19", "id": "12-19", "lastvs": "21"}, {"firstvs": "22", "id": "12-22", "lastvs": "23"}, {"firstvs": "24", "id": "12-24", "lastvs": "25"}, {"firstvs": "26", "id": "12-26", "lastvs": "27"}, {"firstvs": "28", "id": "12-28", "lastvs": "30"}, {"firstvs": "31", "id": "12-31", "lastvs": "32"}, {"firstvs": "33", "id": "12-33", "lastvs": "35"}, {"firstvs": "36", "id": "12-36", "lastvs": "37"}, {"firstvs": "38", "id": "12-38", "lastvs": "40"}, {"firstvs": "41", "id": "12-41", "lastvs": "41"}, {"firstvs": "42", "id": "12-42", "lastvs": "42"}, {"firstvs": "43", "id": "12-43", "lastvs": "45"}, {"firstvs": "46", "id": "12-46", "lastvs": "47"}, {"firstvs": "48", "id": "12-48", "lastvs": "50"}, {"firstvs": "1", "id": "13-01", "lastvs": "2"}, {"firstvs": "3", "id": "13-03", "lastvs": "6"}, {"firstvs": "7", "id": "13-07", "lastvs": "9"}, {"firstvs": "10", "id": "13-10", "lastvs": "12"}, {"firstvs": "13", "id": "13-13", "lastvs": "14"}, {"firstvs": "15", "id": "13-15", "lastvs": "15"}, {"firstvs": "16", "id": "13-16", "lastvs": "17"}, {"firstvs": "18", "id": "13-18", "lastvs": "19"}, {"firstvs": "20", "id": "13-20", "lastvs": "21"}, {"firstvs": "22", "id": "13-22", "lastvs": "23"}, {"firstvs": "24", "id": "13-24", "lastvs": "26"}, {"firstvs": "27", "id": "13-27", "lastvs": "28"}, {"firstvs": "29", "id": "13-29", "lastvs": "30"}, {"firstvs": "31", "id": "13-31", "lastvs": "32"}, {"firstvs": "33", "id": "13-33", "lastvs": "33"}, {"firstvs": "34", "id": "13-34", "lastvs": "35"}, {"firstvs": "36", "id": "13-36", "lastvs": "39"}, {"firstvs": "40", "id": "13-40", "lastvs": "43"}, {"firstvs": "44", "id": "13-44", "lastvs": "46"}, {"firstvs": "47", "id": "13-47", "lastvs": "48"}, {"firstvs": "49", "id": "13-49", "lastvs": "50"}, {"firstvs": "51", "id": "13-51", "lastvs": "53"}, {"firstvs": "54", "id": "13-54", "lastvs": "56"}, {"firstvs": "57", "id": "13-57", "lastvs": "58"}, {"firstvs": "1", "id": "14-01", "lastvs": "2"}, {"firstvs": "3", "id": "14-03", "lastvs": "5"}, {"firstvs": "6", "id": "14-06", "lastvs": "7"}, {"firstvs": "8", "id": "14-08", "lastvs": "9"}, {"firstvs": "10", "id": "14-10", "lastvs": "12"}, {"firstvs": "13", "id": "14-13", "lastvs": "14"}, {"firstvs": "15", "id": "14-15", "lastvs": "15"}, {"firstvs": "16", "id": "14-16", "lastvs": "18"}, {"firstvs": "19", "id": "14-19", "lastvs": "21"}, {"firstvs": "22", "id": "14-22", "lastvs": "24"}, {"firstvs": "25", "id": "14-25", "lastvs": "27"}, {"firstvs": "28", "id": "14-28", "lastvs": "30"}, {"firstvs": "31", "id": "14-31", "lastvs": "33"}, {"firstvs": "34", "id": "14-34", "lastvs": "36"}, {"firstvs": "1", "id": "15-01", "lastvs": "3"}, {"firstvs": "4", "id": "15-04", "lastvs": "6"}, {"firstvs": "7", "id": "15-07", "lastvs": "9"}, {"firstvs": "10", "id": "15-10", "lastvs": "11"}, {"firstvs": "12", "id": "15-12", "lastvs": "14"}, {"firstvs": "15", "id": "15-15", "lastvs": "17"}, {"firstvs": "18", "id": "15-18", "lastvs": "20"}, {"firstvs": "21", "id": "15-21", "lastvs": "23"}, {"firstvs": "24", "id": "15-24", "lastvs": "26"}, {"firstvs": "27", "id": "15-27", "lastvs": "28"}, {"firstvs": "29", "id": "15-29", "lastvs": "31"}, {"firstvs": "32", "id": "15-32", "lastvs": "35"}, {"firstvs": "36", "id": "15-36", "lastvs": "39"}, {"firstvs": "1", "id": "16-01", "lastvs": "2"}, {"firstvs": "3", "id": "16-03", "lastvs": "4"}, {"firstvs": "5", "id": "16-05", "lastvs": "8"}, {"firstvs": "9", "id": "16-09", "lastvs": "10"}, {"firstvs": "11", "id": "16-11", "lastvs": "12"}, {"firstvs": "13", "id": "16-13", "lastvs": "16"}, {"firstvs": "17", "id": "16-17", "lastvs": "18"}, {"firstvs": "19", "id": "16-19", "lastvs": "20"}, {"firstvs": "21", "id": "16-21", "lastvs": "23"}, {"firstvs": "24", "id": "16-24", "lastvs": "26"}, {"firstvs": "27", "id": "16-27", "lastvs": "28"}, {"firstvs": "1", "id": "17-01", "lastvs": "2"}, {"firstvs": "3", "id": "17-03", "lastvs": "4"}, {"firstvs": "5", "id": "17-05", "lastvs": "8"}, {"firstvs": "9", "id": "17-09", "lastvs": "10"}, {"firstvs": "11", "id": "17-11", "lastvs": "13"}, {"firstvs": "14", "id": "17-14", "lastvs": "16"}, {"firstvs": "17", "id": "17-17", "lastvs": "18"}, {"firstvs": "19", "id": "17-19", "lastvs": "21"}, {"firstvs": "22", "id": "17-22", "lastvs": "23"}, {"firstvs": "24", "id": "17-24", "lastvs": "25"}, {"firstvs": "26", "id": "17-26", "lastvs": "27"}, {"firstvs": "1", "id": "18-01", "lastvs": "3"}, {"firstvs": "4", "id": "18-04", "lastvs": "6"}, {"firstvs": "7", "id": "18-07", "lastvs": "8"}, {"firstvs": "9", "id": "18-09", "lastvs": "9"}, {"firstvs": "10", "id": "18-10", "lastvs": "11"}, {"firstvs": "12", "id": "18-12", "lastvs": "14"}, {"firstvs": "15", "id": "18-15", "lastvs": "16"}, {"firstvs": "17", "id": "18-17", "lastvs": "17"}, {"firstvs": "18", "id": "18-18", "lastvs": "20"}, {"firstvs": "21", "id": "18-21", "lastvs": "22"}, {"firstvs": "23", "id": "18-23", "lastvs": "25"}, {"firstvs": "26", "id": "18-26", "lastvs": "27"}, {"firstvs": "28", "id": "18-28", "lastvs": "29"}, {"firstvs": "30", "id": "18-30", "lastvs": "31"}, {"firstvs": "32", "id": "18-32", "lastvs": "33"}, {"firstvs": "34", "id": "18-34", "lastvs": "35"}, {"firstvs": "1", "id": "19-01", "lastvs": "2"}, {"firstvs": "3", "id": "19-03", "lastvs": "4"}, {"firstvs": "5", "id": "19-05", "lastvs": "6"}, {"firstvs": "7", "id": "19-07", "lastvs": "9"}, {"firstvs": "10", "id": "19-10", "lastvs": "12"}, {"firstvs": "13", "id": "19-13", "lastvs": "15"}, {"firstvs": "16", "id": "19-16", "lastvs": "17"}, {"firstvs": "18", "id": "19-18", "lastvs": "19"}, {"firstvs": "20", "id": "19-20", "lastvs": "22"}, {"firstvs": "23", "id": "19-23", "lastvs": "24"}, {"firstvs": "25", "id": "19-25", "lastvs": "27"}, {"firstvs": "28", "id": "19-28", "lastvs": "28"}, {"firstvs": "29", "id": "19-29", "lastvs": "30"}, {"firstvs": "1", "id": "20-01", "lastvs": "2"}, {"firstvs": "3", "id": "20-03", "lastvs": "4"}, {"firstvs": "5", "id": "20-05", "lastvs": "7"}, {"firstvs": "8", "id": "20-08", "lastvs": "10"}, {"firstvs": "11", "id": "20-11", "lastvs": "12"}, {"firstvs": "13", "id": "20-13", "lastvs": "14"}, {"firstvs": "15", "id": "20-15", "lastvs": "16"}, {"firstvs": "17", "id": "20-17", "lastvs": "19"}, {"firstvs": "20", "id": "20-20", "lastvs": "21"}, {"firstvs": "22", "id": "20-22", "lastvs": "24"}, {"firstvs": "25", "id": "20-25", "lastvs": "28"}, {"firstvs": "29", "id": "20-29", "lastvs": "31"}, {"firstvs": "32", "id": "20-32", "lastvs": "34"}, {"firstvs": "1", "id": "21-01", "lastvs": "3"}, {"firstvs": "4", "id": "21-04", "lastvs": "5"}, {"firstvs": "6", "id": "21-06", "lastvs": "8"}, {"firstvs": "9", "id": "21-09", "lastvs": "11"}, {"firstvs": "12", "id": "21-12", "lastvs": "14"}, {"firstvs": "15", "id": "21-15", "lastvs": "17"}, {"firstvs": "18", "id": "21-18", "lastvs": "19"}, {"firstvs": "20", "id": "21-20", "lastvs": "22"}, {"firstvs": "23", "id": "21-23", "lastvs": "24"}, {"firstvs": "25", "id": "21-25", "lastvs": "27"}, {"firstvs": "28", "id": "21-28", "lastvs": "30"}, {"firstvs": "31", "id": "21-31", "lastvs": "32"}, {"firstvs": "33", "id": "21-33", "lastvs": "34"}, {"firstvs": "35", "id": "21-35", "lastvs": "37"}, {"firstvs": "38", "id": "21-38", "lastvs": "39"}, {"firstvs": "40", "id": "21-40", "lastvs": "41"}, {"firstvs": "42", "id": "21-42", "lastvs": "42"}, {"firstvs": "43", "id": "21-43", "lastvs": "44"}, {"firstvs": "45", "id": "21-45", "lastvs": "46"}, {"firstvs": "1", "id": "22-01", "lastvs": "3"}, {"firstvs": "4", "id": "22-04", "lastvs": "4"}, {"firstvs": "5", "id": "22-05", "lastvs": "7"}, {"firstvs": "8", "id": "22-08", "lastvs": "10"}, {"firstvs": "11", "id": "22-11", "lastvs": "12"}, {"firstvs": "13", "id": "22-13", "lastvs": "14"}, {"firstvs": "15", "id": "22-15", "lastvs": "17"}, {"firstvs": "18", "id": "22-18", "lastvs": "19"}, {"firstvs": "20", "id": "22-20", "lastvs": "22"}, {"firstvs": "23", "id": "22-23", "lastvs": "24"}, {"firstvs": "25", "id": "22-25", "lastvs": "28"}, {"firstvs": "29", "id": "22-29", "lastvs": "30"}, {"firstvs": "31", "id": "22-31", "lastvs": "33"}, {"firstvs": "34", "id": "22-34", "lastvs": "36"}, {"firstvs": "37", "id": "22-37", "lastvs": "38"}, {"firstvs": "39", "id": "22-39", "lastvs": "40"}, {"firstvs": "41", "id": "22-41", "lastvs": "42"}, {"firstvs": "43", "id": "22-43", "lastvs": "44"}, {"firstvs": "45", "id": "22-45", "lastvs": "46"}, {"firstvs": "1", "id": "23-01", "lastvs": "3"}, {"firstvs": "4", "id": "23-04", "lastvs": "5"}, {"firstvs": "6", "id": "23-06", "lastvs": "7"}, {"firstvs": "8", "id": "23-08", "lastvs": "10"}, {"firstvs": "11", "id": "23-11", "lastvs": "12"}, {"firstvs": "13", "id": "23-13", "lastvs": "15"}, {"firstvs": "16", "id": "23-16", "lastvs": "17"}, {"firstvs": "18", "id": "23-18", "lastvs": "19"}, {"firstvs": "20", "id": "23-20", "lastvs": "22"}, {"firstvs": "23", "id": "23-23", "lastvs": "24"}, {"firstvs": "25", "id": "23-25", "lastvs": "26"}, {"firstvs": "27", "id": "23-27", "lastvs": "28"}, {"firstvs": "29", "id": "23-29", "lastvs": "31"}, {"firstvs": "32", "id": "23-32", "lastvs": "33"}, {"firstvs": "34", "id": "23-34", "lastvs": "36"}, {"firstvs": "37", "id": "23-37", "lastvs": "39"}, {"firstvs": "1", "id": "24-01", "lastvs": "2"}, {"firstvs": "3", "id": "24-03", "lastvs": "5"}, {"firstvs": "6", "id": "24-06", "lastvs": "8"}, {"firstvs": "9", "id": "24-09", "lastvs": "11"}, {"firstvs": "12", "id": "24-12", "lastvs": "14"}, {"firstvs": "15", "id": "24-15", "lastvs": "18"}, {"firstvs": "19", "id": "24-19", "lastvs": "22"}, {"firstvs": "23", "id": "24-23", "lastvs": "25"}, {"firstvs": "26", "id": "24-26", "lastvs": "28"}, {"firstvs": "29", "id": "24-29", "lastvs": "29"}, {"firstvs": "30", "id": "24-30", "lastvs": "31"}, {"firstvs": "32", "id": "24-32", "lastvs": "33"}, {"firstvs": "34", "id": "24-34", "lastvs": "35"}, {"firstvs": "36", "id": "24-36", "lastvs": "36"}, {"firstvs": "37", "id": "24-37", "lastvs": "39"}, {"firstvs": "40", "id": "24-40", "lastvs": "42"}, {"firstvs": "43", "id": "24-43", "lastvs": "44"}, {"firstvs": "45", "id": "24-45", "lastvs": "47"}, {"firstvs": "48", "id": "24-48", "lastvs": "51"}, {"firstvs": "1", "id": "25-01", "lastvs": "4"}, {"firstvs": "5", "id": "25-05", "lastvs": "6"}, {"firstvs": "7", "id": "25-07", "lastvs": "9"}, {"firstvs": "10", "id": "25-10", "lastvs": "13"}, {"firstvs": "14", "id": "25-14", "lastvs": "16"}, {"firstvs": "17", "id": "25-17", "lastvs": "18"}, {"firstvs": "19", "id": "25-19", "lastvs": "21"}, {"firstvs": "22", "id": "25-22", "lastvs": "23"}, {"firstvs": "24", "id": "25-24", "lastvs": "25"}, {"firstvs": "26", "id": "25-26", "lastvs": "27"}, {"firstvs": "28", "id": "25-28", "lastvs": "30"}, {"firstvs": "31", "id": "25-31", "lastvs": "33"}, {"firstvs": "34", "id": "25-34", "lastvs": "36"}, {"firstvs": "37", "id": "25-37", "lastvs": "40"}, {"firstvs": "41", "id": "25-41", "lastvs": "43"}, {"firstvs": "44", "id": "25-44", "lastvs": "46"}, {"firstvs": "1", "id": "26-01", "lastvs": "2"}, {"firstvs": "3", "id": "26-03", "lastvs": "5"}, {"firstvs": "6", "id": "26-06", "lastvs": "9"}, {"firstvs": "10", "id": "26-10", "lastvs": "11"}, {"firstvs": "12", "id": "26-12", "lastvs": "13"}, {"firstvs": "14", "id": "26-14", "lastvs": "16"}, {"firstvs": "17", "id": "26-17", "lastvs": "19"}, {"firstvs": "20", "id": "26-20", "lastvs": "22"}, {"firstvs": "23", "id": "26-23", "lastvs": "25"}, {"firstvs": "26", "id": "26-26", "lastvs": "26"}, {"firstvs": "27", "id": "26-27", "lastvs": "29"}, {"firstvs": "30", "id": "26-30", "lastvs": "32"}, {"firstvs": "33", "id": "26-33", "lastvs": "35"}, {"firstvs": "36", "id": "26-36", "lastvs": "38"}, {"firstvs": "39", "id": "26-39", "lastvs": "41"}, {"firstvs": "42", "id": "26-42", "lastvs": "44"}, {"firstvs": "45", "id": "26-45", "lastvs": "46"}, {"firstvs": "47", "id": "26-47", "lastvs": "48"}, {"firstvs": "49", "id": "26-49", "lastvs": "50"}, {"firstvs": "51", "id": "26-51", "lastvs": "54"}, {"firstvs": "55", "id": "26-55", "lastvs": "56"}, {"firstvs": "57", "id": "26-57", "lastvs": "58"}, {"firstvs": "59", "id": "26-59", "lastvs": "61"}, {"firstvs": "62", "id": "26-62", "lastvs": "64"}, {"firstvs": "65", "id": "26-65", "lastvs": "66"}, {"firstvs": "67", "id": "26-67", "lastvs": "68"}, {"firstvs": "69", "id": "26-69", "lastvs": "70"}, {"firstvs": "71", "id": "26-71", "lastvs": "72"}, {"firstvs": "73", "id": "26-73", "lastvs": "75"}, {"firstvs": "1", "id": "27-01", "lastvs": "2"}, {"firstvs": "3", "id": "27-03", "lastvs": "5"}, {"firstvs": "6", "id": "27-06", "lastvs": "8"}, {"firstvs": "9", "id": "27-09", "lastvs": "10"}, {"firstvs": "11", "id": "27-11", "lastvs": "14"}, {"firstvs": "15", "id": "27-15", "lastvs": "16"}, {"firstvs": "17", "id": "27-17", "lastvs": "19"}, {"firstvs": "20", "id": "27-20", "lastvs": "22"}, {"firstvs": "23", "id": "27-23", "lastvs": "24"}, {"firstvs": "25", "id": "27-25", "lastvs": "26"}, {"firstvs": "27", "id": "27-27", "lastvs": "29"}, {"firstvs": "30", "id": "27-30", "lastvs": "31"}, {"firstvs": "32", "id": "27-32", "lastvs": "34"}, {"firstvs": "35", "id": "27-35", "lastvs": "37"}, {"firstvs": "38", "id": "27-38", "lastvs": "40"}, {"firstvs": "41", "id": "27-41", "lastvs": "42"}, {"firstvs": "43", "id": "27-43", "lastvs": "44"}, {"firstvs": "45", "id": "27-45", "lastvs": "47"}, {"firstvs": "48", "id": "27-48", "lastvs": "50"}, {"firstvs": "51", "id": "27-51", "lastvs": "53"}, {"firstvs": "54", "id": "27-54", "lastvs": "56"}, {"firstvs": "57", "id": "27-57", "lastvs": "58"}, {"firstvs": "59", "id": "27-59", "lastvs": "61"}, {"firstvs": "62", "id": "27-62", "lastvs": "64"}, {"firstvs": "65", "id": "27-65", "lastvs": "66"}, {"firstvs": "1", "id": "28-01", "lastvs": "2"}, {"firstvs": "3", "id": "28-03", "lastvs": "4"}, {"firstvs": "5", "id": "28-05", "lastvs": "7"}, {"firstvs": "8", "id": "28-08", "lastvs": "10"}, {"firstvs": "11", "id": "28-11", "lastvs": "13"}, {"firstvs": "14", "id": "28-14", "lastvs": "15"}, {"firstvs": "16", "id": "28-16", "lastvs": "17"}, {"firstvs": "18", "id": "28-18", "lastvs": "19"}, {"firstvs": "20", "id": "28-00", "lastvs": "20"}]